{"type":"FeatureCollection", "features": [
{"type":"Feature","geometry":{"type":"Polygon","coordinates":[[[129.5302,35.935],[129.5326,35.936],[129.5398,35.9492],[129.5452,35.9527],[129.5473,35.9573],[129.5505,35.9601],[129.5474,35.9643],[129.5493,35.9666],[129.5545,35.9679],[129.5522,35.9741],[129.5524,35.9797],[129.5567,35.9809],[129.5522,35.9856],[129.5564,35.9907],[129.5622,35.9888],[129.5674,35.9897],[129.5666,35.9956],[129.5735,36.004],[129.5754,36.0041],[129.5778,36.0118],[129.5849,36.0165],[129.5775,36.0265],[129.5823,36.0288],[129.5782,36.0323],[129.5741,36.0308],[129.5682,36.0331],[129.5568,36.0298],[129.5537,36.0308],[129.5449,36.0303],[129.543,36.0269],[129.5379,36.0275],[129.532,36.0231],[129.5311,36.0168],[129.5323,36.0125],[129.5296,36.0108],[129.5231,36.0137],[129.5198,36.0103],[129.5154,36.0098],[129.5102,36.0024],[129.5057,35.9984],[129.5027,35.9929],[129.5059,35.9828],[129.5056,35.9765],[129.503,35.9724],[129.5037,35.966],[129.5067,35.96],[129.5036,35.9566],[129.4904,35.9566],[129.4912,35.9524],[129.5009,35.9493],[129.5022,35.9408],[129.5069,35.9395],[129.513,35.9343],[129.5235,35.9371],[129.5302,35.935]]]},"properties":{"sigun":"포항시","emd":"구룡포읍","code":"4711125000"}},
{"type":"Feature","geometry":{"type":"Polygon","coordinates":[[[129.3153,36.0438],[129.3098,36.0427],[129.3033,36.0505],[129.2934,36.0607],[129.2866,36.0624],[129.2809,36.0577],[129.284,36.0466],[129.2808,36.0393],[129.2788,36.0319],[129.2767,36.0286],[129.2787,36.0246],[129.284,36.0223],[129.293,36.0135],[129.2973,36.0074],[129.2958,36.0035],[129.2961,35.9948],[129.3033,35.9958],[129.3046,35.9902],[129.3029,35.987],[129.3054,35.9831],[129.3057,35.9753],[129.3079,35.9697],[129.3123,35.9684],[129.3122,35.9647],[129.3153,35.9594],[129.32,35.9581],[129.3225,35.9607],[129.3267,35.9611],[129.3343,35.9643],[129.3439,35.9659],[129.3487,35.9654],[129.3543,35.9682],[129.3503,35.9743],[129.3439,35.9765],[129.3511,35.981],[129.3612,35.9817],[129.3586,35.988],[129.3587,35.9912],[129.3623,35.9988],[129.3678,36.007],[129.3561,36.0021],[129.3445,36.002],[129.3371,36.0036],[129.3269,36.0037],[129.3178,36.0115],[129.3172,36.017],[129.3104,36.0226],[129.3105,36.0279],[129.3126,36.0316],[129.313,36.0381],[129.3165,36.0395],[129.3153,36.0438]]]},"properties":{"sigun":"포항시","emd":"연일읍","code":"4711125300"}},
{"type":"Feature","geometry":{"type":"Polygon","coordinates":[[[129.4296,35.9806],[129.4219,35.9787],[129.4163,35.9804],[129.4128,35.9871],[129.4048,35.9866],[129.4084,35.9829],[129.4018,35.9817],[129.3979,35.9834],[129.3961,35.9794],[129.3913,35.9751],[129.3901,35.9699],[129.3927,35.9639],[129.3936,35.9626],[129.3848,35.9501],[129.3823,35.9486],[129.3733,35.9329],[129.3698,35.9302],[129.3639,35.9284],[129.3629,35.921],[129.3542,35.9102],[129.3529,35.9044],[129.3461,35.9027],[129.3383,35.8947],[129.3373,35.8928],[129.3426,35.8892],[129.3531,35.8875],[129.3572,35.8859],[129.3611,35.8882],[129.3636,35.8785],[129.3551,35.8728],[129.3606,35.8653],[129.3665,35.8642],[129.3717,35.8613],[129.375,35.8634],[129.3771,35.8654],[129.3828,35.8638],[129.3907,35.8639],[129.3937,35.8582],[129.4061,35.858],[129.4101,35.8616],[129.4102,35.8704],[129.4146,35.8762],[129.4214,35.878],[129.4214,35.884],[129.4188,35.8928],[129.4209,35.8987],[129.4206,35.9048],[129.4267,35.9084],[129.4297,35.9119],[129.4239,35.9141],[129.4164,35.9199],[129.4256,35.9274],[129.4312,35.9298],[129.4342,35.9329],[129.4343,35.9362],[129.4394,35.9433],[129.4383,35.9474],[129.4401,35.9526],[129.4432,35.9541],[129.4403,35.9616],[129.4408,35.9677],[129.4351,35.9719],[129.4285,35.9786],[129.4296,35.9806]]]},"properties":{"sigun":"포항시","emd":"오천읍","code":"4711125600"}},
{"type":"Feature","geometry":{"type":"Polygon","coordinates":[[[129.3927,35.9639],[129.3859,35.9639],[129.3741,35.969],[129.3766,35.9744],[129.3701,35.9747],[129.3676,35.9765],[129.37,35.9819],[129.3642,35.986],[129.3586,35.988],[129.3612,35.9817],[129.3511,35.981],[129.3439,35.9765],[129.3503,35.9743],[129.3543,35.9682],[129.3487,35.9654],[129.3439,35.9659],[129.3343,35.9643],[129.3267,35.9611],[129.3225,35.9607],[129.32,35.9581],[129.3167,35.9464],[129.3188,35.9438],[129.3295,35.9368],[129.333,35.9307],[129.3296,35.9266],[129.3364,35.9174],[129.3341,35.9111],[129.3345,35.9056],[129.3332,35.9022],[129.3383,35.8947],[129.3461,35.9027],[129.3529,35.9044],[129.3542,35.9102],[129.3629,35.921],[129.3639,35.9284],[129.3698,35.9302],[129.3733,35.9329],[129.3823,35.9486],[129.3848,35.9501],[129.3936,35.9626],[129.3927,35.9639]]]},"properties":{"sigun":"포항시","emd":"대송면","code":"4711131000"}},
{"type":"Feature","geometry":{"type":"Polygon","coordinates":[[[129.5379,36.0275],[129.5379,36.0305],[129.5461,36.039],[129.5347,36.0428],[129.5325,36.0472],[129.5235,36.0545],[129.5198,36.0512],[129.5156,36.0444],[129.5085,36.0407],[129.5041,36.0367],[129.5033,36.0262],[129.4978,36.0236],[129.4932,36.0189],[129.4861,36.0166],[129.4816,36.0167],[129.4739,36.0131],[129.4623,36.0043],[129.4555,36.0001],[129.4576,35.9977],[129.4564,35.9934],[129.4519,35.9917],[129.4463,35.9918],[129.432,35.9961],[129.4288,35.9905],[129.4276,35.9848],[129.4296,35.9806],[129.4285,35.9786],[129.4351,35.9719],[129.4408,35.9677],[129.4403,35.9616],[129.4432,35.9541],[129.4522,35.9556],[129.4595,35.9612],[129.4606,35.9652],[129.4653,35.9713],[129.4735,35.9758],[129.4832,35.9697],[129.4819,35.966],[129.4834,35.9615],[129.4904,35.9566],[129.5036,35.9566],[129.5067,35.96],[129.5037,35.966],[129.503,35.9724],[129.5056,35.9765],[129.5059,35.9828],[129.5027,35.9929],[129.5057,35.9984],[129.5102,36.0024],[129.5154,36.0098],[129.5198,36.0103],[129.5231,36.0137],[129.5296,36.0108],[129.5323,36.0125],[129.5311,36.0168],[129.532,36.0231],[129.5379,36.0275]]]},"properties":{"sigun":"포항시","emd":"동해면","code":"4711132000"}},
{"type":"Feature","geometry":{"type":"Polygon","coordinates":[[[129.4904,35.9566],[129.4834,35.9615],[129.4819,35.966],[129.4832,35.9697],[129.4735,35.9758],[129.4653,35.9713],[129.4606,35.9652],[129.4595,35.9612],[129.4522,35.9556],[129.4432,35.9541],[129.4401,35.9526],[129.4383,35.9474],[129.4394,35.9433],[129.4343,35.9362],[129.4342,35.9329],[129.4312,35.9298],[129.4256,35.9274],[129.4164,35.9199],[129.4239,35.9141],[129.4297,35.9119],[129.4267,35.9084],[129.4206,35.9048],[129.4209,35.8987],[129.4188,35.8928],[129.4214,35.884],[129.4255,35.8839],[129.4299,35.8806],[129.4372,35.8785],[129.4408,35.8689],[129.4445,35.8668],[129.4461,35.859],[129.4496,35.8545],[129.449,35.8513],[129.4549,35.8468],[129.4606,35.8488],[129.4747,35.8497],[129.4801,35.8529],[129.4896,35.8435],[129.5011,35.8399],[129.5128,35.84],[129.5183,35.8419],[129.5204,35.8487],[129.525,35.8526],[129.5277,35.8636],[129.5345,35.8682],[129.534,35.8721],[129.5262,35.8716],[129.52,35.8727],[129.5193,35.8794],[129.5205,35.8814],[129.527,35.881],[129.5314,35.8868],[129.5257,35.8883],[129.5253,35.8931],[129.5276,35.8975],[129.5348,35.9002],[129.526,35.9079],[129.5244,35.9156],[129.5198,35.9186],[129.5189,35.9272],[129.5242,35.9337],[129.5277,35.9316],[129.5302,35.935],[129.5235,35.9371],[129.513,35.9343],[129.5069,35.9395],[129.5022,35.9408],[129.5009,35.9493],[129.4912,35.9524],[129.4904,35.9566]]]},"properties":{"sigun":"포항시","emd":"장기면","code":"4711133000"}},
{"type":"Feature","geometry":{"type":"Polygon","coordinates":[[[129.5782,36.0323],[129.579,36.0402],[129.5836,36.0456],[129.5826,36.048],[129.5772,36.0494],[129.5766,36.0577],[129.573,36.0661],[129.5686,36.0686],[129.5704,36.0733],[129.5696,36.0792],[129.562,36.0783],[129.5593,36.0834],[129.5554,36.0861],[129.5496,36.086],[129.5457,36.0838],[129.5458,36.0781],[129.541,36.0733],[129.5405,36.0677],[129.5337,36.0619],[129.533,36.0575],[129.5263,36.0583],[129.5235,36.0545],[129.5325,36.0472],[129.5347,36.0428],[129.5461,36.039],[129.5379,36.0305],[129.5379,36.0275],[129.543,36.0269],[129.5449,36.0303],[129.5537,36.0308],[129.5568,36.0298],[129.5682,36.0331],[129.5741,36.0308],[129.5782,36.0323]]]},"properties":{"sigun":"포항시","emd":"호미곶면","code":"4711135000"}},
{"type":"Feature","geometry":{"type":"Polygon","coordinates":[[[129.3841,36.0298],[129.3774,36.0414],[129.3778,36.0461],[129.3737,36.0496],[129.3703,36.0369],[129.3715,36.0331],[129.3775,36.0243],[129.38,36.0237],[129.3841,36.0298]]]},"properties":{"sigun":"포항시","emd":"송도동","code":"4711155000"}},
{"type":"Feature","geometry":{"type":"Polygon","coordinates":[[[129.432,35.9961],[129.4214,36.0012],[129.4163,36.0057],[129.4032,35.9963],[129.4011,35.9921],[129.4048,35.9866],[129.4128,35.9871],[129.4163,35.9804],[129.4219,35.9787],[129.4296,35.9806],[129.4276,35.9848],[129.4288,35.9905],[129.432,35.9961]]]},"properties":{"sigun":"포항시","emd":"청림동","code":"4711156000"}},
{"type":"Feature","geometry":{"type":"Polygon","coordinates":[[[129.4163,36.0057],[129.4169,36.0123],[129.3985,36.0142],[129.3945,36.0108],[129.3917,36.0121],[129.3966,36.0204],[129.4007,36.0211],[129.4082,36.0296],[129.3941,36.0261],[129.3886,36.0317],[129.3841,36.0298],[129.38,36.0237],[129.3768,36.0141],[129.3687,36.0077],[129.3678,36.007],[129.3623,35.9988],[129.3587,35.9912],[129.3586,35.988],[129.3642,35.986],[129.37,35.9819],[129.3676,35.9765],[129.3701,35.9747],[129.3766,35.9744],[129.3741,35.969],[129.3859,35.9639],[129.3927,35.9639],[129.3901,35.9699],[129.3913,35.9751],[129.3961,35.9794],[129.3979,35.9834],[129.4018,35.9817],[129.4084,35.9829],[129.4048,35.9866],[129.4011,35.9921],[129.4032,35.9963],[129.4163,36.0057]]]},"properties":{"sigun":"포항시","emd":"제철동","code":"4711157000"}},
{"type":"Feature","geometry":{"type":"Polygon","coordinates":[[[129.343,36.0072],[129.3389,36.01],[129.3337,36.0108],[129.3291,36.0142],[129.3316,36.0172],[129.3314,36.0225],[129.3294,36.0328],[129.313,36.0381],[129.3126,36.0316],[129.3105,36.0279],[129.3104,36.0226],[129.3172,36.017],[129.3178,36.0115],[129.3269,36.0037],[129.3371,36.0036],[129.3445,36.002],[129.343,36.0072]]]},"properties":{"sigun":"포항시","emd":"효곡동","code":"4711158000"}},
{"type":"Feature","geometry":{"type":"Polygon","coordinates":[[[129.3316,36.0427],[129.3234,36.042],[129.3153,36.0438],[129.3165,36.0395],[129.313,36.0381],[129.3294,36.0328],[129.3314,36.0225],[129.3316,36.0172],[129.3291,36.0142],[129.3337,36.0108],[129.3389,36.01],[129.343,36.0072],[129.349,36.0153],[129.3478,36.0187],[129.344,36.0274],[129.339,36.0305],[129.3348,36.041],[129.3316,36.0427]]]},"properties":{"sigun":"포항시","emd":"대이동","code":"4711159000"}},
{"type":"Feature","geometry":{"type":"Polygon","coordinates":[[[129.3687,36.0077],[129.3669,36.0126],[129.3668,36.0209],[129.3683,36.024],[129.3657,36.0279],[129.3621,36.0272],[129.3612,36.0222],[129.354,36.0151],[129.349,36.0153],[129.343,36.0072],[129.3445,36.002],[129.3561,36.0021],[129.3678,36.007],[129.3687,36.0077]]]},"properties":{"sigun":"포항시","emd":"상대동","code":"4711152500"}},
{"type":"Feature","geometry":{"type":"Polygon","coordinates":[[[129.38,36.0237],[129.3775,36.0243],[129.3715,36.0331],[129.3686,36.0288],[129.3657,36.0279],[129.3683,36.024],[129.3668,36.0209],[129.3669,36.0126],[129.3687,36.0077],[129.3768,36.0141],[129.38,36.0237]]]},"properties":{"sigun":"포항시","emd":"해도동","code":"4711154500"}},
{"type":"Feature","geometry":{"type":"Polygon","coordinates":[[[129.4172,36.0817],[129.4186,36.0885],[129.4221,36.09],[129.4305,36.0996],[129.4328,36.0961],[129.437,36.0961],[129.4371,36.1003],[129.4407,36.1003],[129.4409,36.1109],[129.4326,36.111],[129.4258,36.1137],[129.4187,36.1194],[129.4052,36.1287],[129.3977,36.1349],[129.3953,36.1422],[129.4006,36.1538],[129.3982,36.157],[129.3998,36.1646],[129.3977,36.1686],[129.3939,36.1662],[129.3885,36.1669],[129.3843,36.1632],[129.3873,36.1568],[129.3807,36.155],[129.382,36.1498],[129.3796,36.1459],[129.3738,36.1439],[129.3718,36.1467],[129.3605,36.1482],[129.3575,36.1509],[129.3498,36.1511],[129.3351,36.1575],[129.3236,36.1555],[129.3156,36.1554],[129.308,36.1586],[129.3019,36.1572],[129.2927,36.1606],[129.2911,36.1628],[129.2852,36.1552],[129.2879,36.1496],[129.288,36.1446],[129.2972,36.1429],[129.302,36.1403],[129.2994,36.1376],[129.3033,36.1227],[129.3025,36.1195],[129.297,36.1158],[129.2839,36.1094],[129.2809,36.1064],[129.2767,36.0987],[129.278,36.095],[129.276,36.0908],[129.2786,36.0862],[129.2754,36.0795],[129.2779,36.0765],[129.2849,36.0719],[129.2866,36.0624],[129.2934,36.0607],[129.3033,36.0505],[129.3098,36.0427],[129.3153,36.0438],[129.3234,36.042],[129.3316,36.0427],[129.3357,36.045],[129.3361,36.0486],[129.3393,36.0545],[129.342,36.0549],[129.3453,36.0646],[129.3462,36.0708],[129.3505,36.0707],[129.3557,36.0785],[129.3607,36.0801],[129.3601,36.0887],[129.3629,36.0924],[129.369,36.0961],[129.3785,36.0993],[129.3873,36.0958],[129.405,36.094],[129.4073,36.0864],[129.4113,36.0805],[129.4172,36.0817]]]},"properties":{"sigun":"포항시","emd":"흥해읍","code":"4711325000"}},
{"type":"Feature","geometry":{"type":"Polygon","coordinates":[[[129.2606,36.2135],[129.257,36.2164],[129.2503,36.217],[129.2457,36.2198],[129.2391,36.2204],[129.2306,36.2195],[129.2262,36.2159],[129.2216,36.2157],[129.2139,36.2099],[129.2119,36.2067],[129.2132,36.2048],[129.2225,36.1995],[129.2254,36.1937],[129.2221,36.1894],[129.2181,36.1801],[129.2201,36.172],[129.2164,36.1692],[129.2196,36.1636],[129.2222,36.1555],[129.2284,36.1503],[129.2258,36.1427],[129.228,36.1319],[129.2304,36.1278],[129.2322,36.1159],[129.2285,36.1107],[129.2307,36.1037],[129.2339,36.1012],[129.2298,36.0944],[129.233,36.0871],[129.2345,36.0805],[129.2371,36.0782],[129.2416,36.0792],[129.2469,36.0759],[129.2476,36.0735],[129.2509,36.0725],[129.2542,36.0757],[129.2571,36.0744],[129.263,36.0752],[129.2754,36.0795],[129.2786,36.0862],[129.276,36.0908],[129.278,36.095],[129.2767,36.0987],[129.2809,36.1064],[129.2839,36.1094],[129.297,36.1158],[129.3025,36.1195],[129.3033,36.1227],[129.2994,36.1376],[129.302,36.1403],[129.2972,36.1429],[129.288,36.1446],[129.2879,36.1496],[129.2852,36.1552],[129.2911,36.1628],[129.289,36.17],[129.2844,36.1747],[129.2784,36.1775],[129.2724,36.1856],[129.2728,36.1915],[129.2696,36.1956],[129.2636,36.197],[129.2606,36.2135]]]},"properties":{"sigun":"포항시","emd":"신광면","code":"4711331000"}},
{"type":"Feature","geometry":{"type":"Polygon","coordinates":[[[129.3862,36.2181],[129.3791,36.2186],[129.3759,36.2171],[129.3744,36.212],[129.3624,36.2088],[129.3535,36.209],[129.3442,36.2076],[129.3352,36.2086],[129.3309,36.2129],[129.3313,36.2166],[129.3219,36.2237],[129.3205,36.2274],[129.3151,36.2317],[129.3161,36.2346],[129.3071,36.2433],[129.3001,36.2457],[129.2921,36.2502],[129.2888,36.2463],[129.2773,36.242],[129.2722,36.2362],[129.2697,36.2298],[129.272,36.2233],[129.2686,36.2192],[129.2641,36.2178],[129.2606,36.2135],[129.2636,36.197],[129.2696,36.1956],[129.2728,36.1915],[129.2724,36.1856],[129.2784,36.1775],[129.2844,36.1747],[129.289,36.17],[129.2911,36.1628],[129.2927,36.1606],[129.3019,36.1572],[129.308,36.1586],[129.3156,36.1554],[129.3236,36.1555],[129.3351,36.1575],[129.3498,36.1511],[129.3575,36.1509],[129.3605,36.1482],[129.3718,36.1467],[129.3738,36.1439],[129.3796,36.1459],[129.382,36.1498],[129.3807,36.155],[129.3873,36.1568],[129.3843,36.1632],[129.3885,36.1669],[129.3939,36.1662],[129.3977,36.1686],[129.3953,36.1726],[129.3923,36.184],[129.3867,36.1839],[129.3772,36.1897],[129.3731,36.1955],[129.3717,36.203],[129.3726,36.2071],[129.3786,36.2086],[129.3843,36.2123],[129.3862,36.2181]]]},"properties":{"sigun":"포항시","emd":"청하면","code":"4711332000"}},
{"type":"Feature","geometry":{"type":"Polygon","coordinates":[[[129.2922,36.2791],[129.2814,36.2745],[129.2704,36.2743],[129.2681,36.2707],[129.2616,36.2687],[129.2586,36.2634],[129.2611,36.256],[129.2559,36.2498],[129.257,36.2415],[129.2522,36.2387],[129.2467,36.2397],[129.2442,36.2378],[129.2453,36.2326],[129.2497,36.2272],[129.2575,36.2203],[129.2641,36.2178],[129.2686,36.2192],[129.272,36.2233],[129.2697,36.2298],[129.2722,36.2362],[129.2773,36.242],[129.2888,36.2463],[129.2921,36.2502],[129.3001,36.2457],[129.3071,36.2433],[129.3161,36.2346],[129.3151,36.2317],[129.3205,36.2274],[129.3219,36.2237],[129.3313,36.2166],[129.3309,36.2129],[129.3352,36.2086],[129.3442,36.2076],[129.3535,36.209],[129.3624,36.2088],[129.3744,36.212],[129.3759,36.2171],[129.3791,36.2186],[129.3862,36.2181],[129.3867,36.2234],[129.3817,36.2283],[129.386,36.2387],[129.3844,36.2416],[129.3775,36.2471],[129.3732,36.2546],[129.3757,36.2605],[129.3763,36.2683],[129.3661,36.2686],[129.3629,36.271],[129.3535,36.2731],[129.3477,36.2698],[129.3443,36.2703],[129.3394,36.2667],[129.3363,36.268],[129.3284,36.2675],[129.3244,36.2691],[129.3142,36.2709],[129.3044,36.2677],[129.3001,36.2736],[129.2934,36.2764],[129.2922,36.2791]]]},"properties":{"sigun":"포항시","emd":"송라면","code":"4711333000"}},
{"type":"Feature","geometry":{"type":"Polygon","coordinates":[[[129.2258,36.1427],[129.2181,36.1425],[129.2105,36.139],[129.2025,36.1381],[129.2027,36.1321],[129.1977,36.1264],[129.1839,36.1197],[129.1846,36.1103],[129.1816,36.1046],[129.1718,36.1049],[129.1676,36.1027],[129.1585,36.1036],[129.1525,36.1016],[129.1488,36.1084],[129.1422,36.1132],[129.1445,36.1195],[129.1377,36.1302],[129.1389,36.1398],[129.134,36.1391],[129.1264,36.1361],[129.1215,36.1327],[129.1193,36.1268],[129.1126,36.1201],[129.1044,36.1166],[129.105,36.1142],[129.099,36.1071],[129.0932,36.1047],[129.0926,36.0998],[129.1009,36.0891],[129.1108,36.0837],[129.112,36.0798],[129.1199,36.0789],[129.1288,36.0809],[129.1334,36.0749],[129.1334,36.0688],[129.1379,36.0616],[129.1413,36.058],[129.1493,36.0574],[129.1516,36.0548],[129.1644,36.0555],[129.1706,36.0512],[129.1707,36.0488],[129.1773,36.048],[129.1792,36.04],[129.1791,36.0341],[129.1773,36.0324],[129.1791,36.0276],[129.1849,36.0294],[129.1949,36.037],[129.1977,36.0404],[129.2042,36.0431],[129.2236,36.0438],[129.2275,36.048],[129.2377,36.0528],[129.2415,36.0628],[129.2428,36.07],[129.2476,36.0735],[129.2469,36.0759],[129.2416,36.0792],[129.2371,36.0782],[129.2345,36.0805],[129.233,36.0871],[129.2298,36.0944],[129.2339,36.1012],[129.2307,36.1037],[129.2285,36.1107],[129.2322,36.1159],[129.2304,36.1278],[129.228,36.1319],[129.2258,36.1427]]]},"properties":{"sigun":"포항시","emd":"기계면","code":"4711334000"}},
{"type":"Feature","geometry":{"type":"Polygon","coordinates":[[[129.2873,36.3325],[129.2758,36.3278],[129.2675,36.33],[129.2667,36.3208],[129.2519,36.3209],[129.2493,36.319],[129.2388,36.3173],[129.2364,36.3142],[129.2253,36.3086],[129.2197,36.3035],[129.2239,36.2991],[129.2227,36.2955],[129.2241,36.2909],[129.221,36.2878],[129.2257,36.2824],[129.2214,36.2776],[129.2207,36.2732],[129.214,36.2717],[129.2057,36.2646],[129.2041,36.2562],[129.199,36.2501],[129.198,36.2445],[129.1947,36.2434],[129.1904,36.2365],[129.1789,36.2272],[129.171,36.2246],[129.1634,36.2318],[129.1551,36.2336],[129.1548,36.2356],[129.1471,36.2393],[129.1449,36.2439],[129.1389,36.2495],[129.1379,36.2551],[129.1338,36.2583],[129.1324,36.2621],[129.1265,36.2642],[129.1239,36.2622],[129.1172,36.2661],[129.1126,36.2645],[129.1059,36.2669],[129.1028,36.2648],[129.099,36.271],[129.0935,36.2739],[129.0903,36.2726],[129.0847,36.2744],[129.0807,36.2774],[129.0744,36.2751],[129.0657,36.2738],[129.0599,36.268],[129.0597,36.2647],[129.053,36.2637],[129.0531,36.2596],[129.0567,36.255],[129.062,36.252],[129.0654,36.2537],[129.0725,36.2522],[129.0752,36.2479],[129.0809,36.234],[129.074,36.2296],[129.0669,36.2268],[129.0661,36.2215],[129.0626,36.2202],[129.0566,36.224],[129.0513,36.2221],[129.0438,36.2221],[129.0393,36.219],[129.0355,36.2081],[129.0359,36.2052],[129.0276,36.1929],[129.0284,36.1875],[129.0253,36.1825],[129.0212,36.1831],[129.0173,36.1808],[129.0097,36.1789],[129.0007,36.1797],[128.9923,36.1759],[128.9915,36.1707],[128.9875,36.168],[128.9951,36.1665],[128.9979,36.1642],[129.0068,36.1626],[129.0122,36.163],[129.0256,36.159],[129.0316,36.1606],[129.0402,36.1589],[129.0449,36.1567],[129.0454,36.1512],[129.0506,36.1506],[129.0592,36.144],[129.0617,36.1435],[129.0641,36.1364],[129.0593,36.1354],[129.0566,36.1317],[129.0665,36.1241],[129.0685,36.1184],[129.0713,36.1147],[129.0787,36.1116],[129.0819,36.1172],[129.0893,36.1186],[129.0977,36.1219],[129.1044,36.1166],[129.1126,36.1201],[129.1193,36.1268],[129.1215,36.1327],[129.1264,36.1361],[129.134,36.1391],[129.1389,36.1398],[129.1422,36.1452],[129.1433,36.1506],[129.1487,36.1569],[129.1487,36.1606],[129.1523,36.1631],[129.1589,36.165],[129.1664,36.1635],[129.1727,36.173],[129.1747,36.1785],[129.1849,36.1831],[129.1881,36.187],[129.1854,36.1937],[129.1863,36.1959],[129.1937,36.2022],[129.2023,36.2082],[129.2119,36.2067],[129.2139,36.2099],[129.2216,36.2157],[129.2262,36.2159],[129.2306,36.2195],[129.2391,36.2204],[129.2457,36.2198],[129.2503,36.217],[129.257,36.2164],[129.2606,36.2135],[129.2641,36.2178],[129.2575,36.2203],[129.2497,36.2272],[129.2453,36.2326],[129.2442,36.2378],[129.2467,36.2397],[129.2522,36.2387],[129.257,36.2415],[129.2559,36.2498],[129.2611,36.256],[129.2586,36.2634],[129.2616,36.2687],[129.2681,36.2707],[129.2704,36.2743],[129.2814,36.2745],[129.2922,36.2791],[129.2866,36.2861],[129.2879,36.2889],[129.2865,36.2984],[129.2944,36.3044],[129.3002,36.3073],[129.3017,36.3181],[129.2917,36.3247],[129.2873,36.3325]]]},"properties":{"sigun":"포항시","emd":"죽장면","code":"4711335000"}},
{"type":"Feature","geometry":{"type":"Polygon","coordinates":[[[129.2119,36.2067],[129.2023,36.2082],[129.1937,36.2022],[129.1863,36.1959],[129.1854,36.1937],[129.1881,36.187],[129.1849,36.1831],[129.1747,36.1785],[129.1727,36.173],[129.1664,36.1635],[129.1589,36.165],[129.1523,36.1631],[129.1487,36.1606],[129.1487,36.1569],[129.1433,36.1506],[129.1422,36.1452],[129.1389,36.1398],[129.1377,36.1302],[129.1445,36.1195],[129.1422,36.1132],[129.1488,36.1084],[129.1525,36.1016],[129.1585,36.1036],[129.1676,36.1027],[129.1718,36.1049],[129.1816,36.1046],[129.1846,36.1103],[129.1839,36.1197],[129.1977,36.1264],[129.2027,36.1321],[129.2025,36.1381],[129.2105,36.139],[129.2181,36.1425],[129.2258,36.1427],[129.2284,36.1503],[129.2222,36.1555],[129.2196,36.1636],[129.2164,36.1692],[129.2201,36.172],[129.2181,36.1801],[129.2221,36.1894],[129.2254,36.1937],[129.2225,36.1995],[129.2132,36.2048],[129.2119,36.2067]]]},"properties":{"sigun":"포항시","emd":"기북면","code":"4711336000"}},
{"type":"Feature","geometry":{"type":"Polygon","coordinates":[[[129.3357,36.045],[129.3316,36.0427],[129.3348,36.041],[129.339,36.0305],[129.344,36.0274],[129.3478,36.0187],[129.3523,36.0244],[129.3525,36.0318],[129.3473,36.0366],[129.3428,36.0367],[129.3411,36.0408],[129.3357,36.045]]]},"properties":{"sigun":"포항시","emd":"양학동","code":"4711363000"}},
{"type":"Feature","geometry":{"type":"Polygon","coordinates":[[[129.342,36.0549],[129.3393,36.0545],[129.3361,36.0486],[129.3357,36.045],[129.3411,36.0408],[129.3428,36.0367],[129.3473,36.0366],[129.3525,36.0318],[129.3523,36.0244],[129.3537,36.0236],[129.3605,36.0335],[129.3591,36.0362],[129.3619,36.0437],[129.361,36.0469],[129.3576,36.0467],[129.342,36.0549]]]},"properties":{"sigun":"포항시","emd":"용흥동","code":"4711366500"}},
{"type":"Feature","geometry":{"type":"Polygon","coordinates":[[[129.3607,36.0801],[129.3557,36.0785],[129.3505,36.0707],[129.3462,36.0708],[129.3453,36.0646],[129.342,36.0549],[129.3576,36.0467],[129.361,36.0469],[129.3671,36.0534],[129.3702,36.0591],[129.3724,36.069],[129.3682,36.0696],[129.3638,36.0737],[129.3627,36.0795],[129.3607,36.0801]]]},"properties":{"sigun":"포항시","emd":"우창동","code":"4711368000"}},
{"type":"Feature","geometry":{"type":"Polygon","coordinates":[[[129.3885,36.0689],[129.3827,36.0722],[129.3813,36.0658],[129.3772,36.0634],[129.3724,36.069],[129.3702,36.0591],[129.3785,36.0556],[129.3809,36.0604],[129.387,36.0642],[129.3898,36.0624],[129.3958,36.0633],[129.3903,36.0652],[129.3885,36.0689]]]},"properties":{"sigun":"포항시","emd":"두호동","code":"4711369000"}},
{"type":"Feature","geometry":{"type":"Polygon","coordinates":[[[129.4113,36.0805],[129.4073,36.0864],[129.405,36.094],[129.3873,36.0958],[129.3785,36.0993],[129.369,36.0961],[129.3629,36.0924],[129.3601,36.0887],[129.3607,36.0801],[129.3627,36.0795],[129.3638,36.0737],[129.3682,36.0696],[129.3724,36.069],[129.3772,36.0634],[129.3813,36.0658],[129.3827,36.0722],[129.3885,36.0689],[129.395,36.076],[129.4076,36.0773],[129.4113,36.0805]]]},"properties":{"sigun":"포항시","emd":"장량동","code":"4711370000"}},
{"type":"Feature","geometry":{"type":"Polygon","coordinates":[[[129.3958,36.0633],[129.4015,36.0694],[129.4111,36.0731],[129.418,36.0735],[129.4202,36.0769],[129.4172,36.0817],[129.4113,36.0805],[129.4076,36.0773],[129.395,36.076],[129.3885,36.0689],[129.3903,36.0652],[129.3958,36.0633]]]},"properties":{"sigun":"포항시","emd":"환여동","code":"4711371000"}},
{"type":"Feature","geometry":{"type":"Polygon","coordinates":[[[129.3785,36.0556],[129.3702,36.0591],[129.3671,36.0534],[129.361,36.0469],[129.3619,36.0437],[129.3591,36.0362],[129.3605,36.0335],[129.3622,36.0351],[129.3703,36.0369],[129.3737,36.0496],[129.3782,36.0515],[129.3785,36.0556]]]},"properties":{"sigun":"포항시","emd":"중앙동","code":"4711352000"}},
{"type":"Feature","geometry":{"type":"Polygon","coordinates":[[[129.3703,36.0369],[129.3622,36.0351],[129.3605,36.0335],[129.3537,36.0236],[129.3523,36.0244],[129.3478,36.0187],[129.349,36.0153],[129.354,36.0151],[129.3612,36.0222],[129.3621,36.0272],[129.3657,36.0279],[129.3686,36.0288],[129.3715,36.0331],[129.3703,36.0369]]]},"properties":{"sigun":"포항시","emd":"죽도동","code":"4711365500"}},
{"type":"Feature","geometry":{"type":"Polygon","coordinates":[[[129.5183,35.8419],[129.5128,35.84],[129.5011,35.8399],[129.4896,35.8435],[129.4801,35.8529],[129.4747,35.8497],[129.4606,35.8488],[129.4549,35.8468],[129.4526,35.839],[129.4546,35.8348],[129.4525,35.8326],[129.4549,35.8226],[129.454,35.8185],[129.4484,35.816],[129.4507,35.8078],[129.4451,35.8046],[129.4422,35.7988],[129.4485,35.7929],[129.4497,35.7887],[129.4533,35.7865],[129.4566,35.7801],[129.4592,35.7788],[129.4649,35.7724],[129.4676,35.7598],[129.4733,35.7557],[129.4809,35.748],[129.4796,35.7439],[129.4847,35.7434],[129.4934,35.7517],[129.4916,35.7585],[129.4948,35.7621],[129.4944,35.7699],[129.4969,35.7735],[129.4929,35.7806],[129.4918,35.7866],[129.4932,35.7909],[129.4983,35.7903],[129.5014,35.793],[129.5,35.8006],[129.5034,35.8011],[129.5062,35.8087],[129.5099,35.8065],[129.5131,35.8084],[129.5104,35.8116],[129.5144,35.8159],[129.5096,35.8235],[129.5165,35.8353],[129.5208,35.8376],[129.5183,35.8419]]]},"properties":{"sigun":"경주시","emd":"감포읍","code":"4713025000"}},
{"type":"Feature","geometry":{"type":"Polygon","coordinates":[[[129.2377,36.0528],[129.2275,36.048],[129.2236,36.0438],[129.2042,36.0431],[129.1977,36.0404],[129.1949,36.037],[129.1849,36.0294],[129.1791,36.0276],[129.1773,36.0324],[129.1791,36.0341],[129.1792,36.04],[129.1773,36.048],[129.1707,36.0488],[129.1706,36.0512],[129.1644,36.0555],[129.1516,36.0548],[129.1513,36.0496],[129.1463,36.0455],[129.1397,36.0432],[129.1342,36.0342],[129.1404,36.0247],[129.1443,36.0115],[129.1423,36.0096],[129.1325,36.0058],[129.1269,36.0054],[129.1227,36.0068],[129.1168,36.0126],[129.1144,36.0121],[129.1105,36.0048],[129.113,36.0014],[129.1106,35.9967],[129.1126,35.9913],[129.1171,35.9855],[129.1181,35.9741],[129.1172,35.963],[129.1178,35.9601],[129.1249,35.9507],[129.1274,35.9499],[129.1284,35.9387],[129.1317,35.9377],[129.1348,35.9317],[129.137,35.9312],[129.1496,35.9347],[129.1523,35.932],[129.1623,35.9315],[129.1676,35.9269],[129.1718,35.925],[129.1807,35.9247],[129.1902,35.9168],[129.1939,35.9113],[129.2005,35.9141],[129.208,35.9129],[129.2213,35.9091],[129.222,35.9068],[129.228,35.905],[129.2359,35.9104],[129.2385,35.9109],[129.2387,35.9179],[129.2317,35.9285],[129.2328,35.9329],[129.237,35.934],[129.2402,35.9374],[129.2402,35.9416],[129.237,35.9486],[129.2383,35.9496],[129.2369,35.958],[129.2386,35.9629],[129.2364,35.9726],[129.237,35.9743],[129.2462,35.9829],[129.239,35.9874],[129.2464,35.9919],[129.2436,35.998],[129.2366,35.9977],[129.2346,36.0087],[129.2388,36.0124],[129.2404,36.0181],[129.2389,36.0197],[129.2387,36.0268],[129.2401,36.0302],[129.2376,36.035],[129.2377,36.0388],[129.2354,36.0452],[129.238,36.0491],[129.2377,36.0528]]]},"properties":{"sigun":"경주시","emd":"안강읍","code":"4713025300"}},
{"type":"Feature","geometry":{"type":"Polygon","coordinates":[[[129.1359,35.8684],[129.1382,35.8706],[129.1357,35.8767],[129.1372,35.8829],[129.1319,35.8907],[129.1279,35.891],[129.1251,35.8949],[129.1156,35.9018],[129.1101,35.911],[129.1088,35.9083],[129.1107,35.9038],[129.1062,35.897],[129.0966,35.8941],[129.099,35.887],[129.095,35.8807],[129.0899,35.8776],[129.0828,35.8778],[129.0792,35.8703],[129.0723,35.8759],[129.0658,35.8743],[129.0628,35.872],[129.062,35.8677],[129.0589,35.8636],[129.059,35.8563],[129.0566,35.8538],[129.0513,35.8528],[129.0486,35.8493],[129.0422,35.8456],[129.0393,35.8424],[129.0445,35.838],[129.0437,35.8309],[129.0412,35.826],[129.056,35.8236],[129.0604,35.8171],[129.0608,35.8085],[129.0634,35.8004],[129.064,35.7935],[129.0711,35.792],[129.0756,35.7898],[129.0842,35.7891],[129.0888,35.7945],[129.0933,35.7891],[129.108,35.7846],[129.109,35.7791],[129.1124,35.7742],[129.1197,35.7691],[129.1284,35.7661],[129.1336,35.7632],[129.1363,35.7674],[129.1334,35.773],[129.1407,35.7755],[129.1456,35.775],[129.1482,35.7814],[129.156,35.7877],[129.1604,35.7956],[129.1647,35.7991],[129.1601,35.8032],[129.1602,35.8091],[129.1577,35.8118],[129.1524,35.8152],[129.1458,35.8153],[129.1431,35.8212],[129.1351,35.8259],[129.1308,35.832],[129.1341,35.8355],[129.135,35.8407],[129.1302,35.8457],[129.1347,35.8574],[129.1368,35.8673],[129.1359,35.8684]]]},"properties":{"sigun":"경주시","emd":"건천읍","code":"4713025600"}},
{"type":"Feature","geometry":{"type":"Polygon","coordinates":[[[129.354,35.773],[129.3499,35.7762],[129.3471,35.7819],[129.3442,35.782],[129.3379,35.7785],[129.3234,35.7783],[129.3163,35.7766],[129.3131,35.7713],[129.3092,35.7675],[129.3009,35.7668],[129.2984,35.7608],[129.2912,35.762],[129.2847,35.7607],[129.2817,35.7581],[129.2818,35.7533],[129.2842,35.7496],[129.2766,35.7474],[129.2705,35.743],[129.2668,35.7378],[129.2625,35.7383],[129.2663,35.7237],[129.2631,35.7201],[129.2659,35.7184],[129.2678,35.7131],[129.263,35.7094],[129.256,35.7008],[129.2591,35.6982],[129.2627,35.6914],[129.2623,35.686],[129.2586,35.6835],[129.2609,35.6794],[129.2598,35.673],[129.2542,35.6663],[129.2549,35.6609],[129.2601,35.6545],[129.2695,35.651],[129.2753,35.6529],[129.2821,35.6495],[129.2845,35.6514],[129.2902,35.648],[129.2918,35.6452],[129.3028,35.6483],[129.3036,35.657],[129.3108,35.6602],[129.3188,35.6584],[129.324,35.6592],[129.3307,35.6658],[129.3416,35.6708],[129.3488,35.6773],[129.3539,35.6796],[129.3646,35.6788],[129.3645,35.6874],[129.3662,35.6988],[129.3682,35.7019],[129.3662,35.7055],[129.3685,35.719],[129.374,35.7224],[129.3731,35.728],[129.3702,35.7302],[129.3648,35.7302],[129.363,35.7377],[129.3668,35.7395],[129.3685,35.7461],[129.3624,35.7504],[129.3546,35.7581],[129.3553,35.761],[129.3536,35.7692],[129.354,35.773]]]},"properties":{"sigun":"경주시","emd":"외동읍","code":"4713025900"}},
{"type":"Feature","geometry":{"type":"Polygon","coordinates":[[[129.4549,35.8468],[129.449,35.8513],[129.4496,35.8545],[129.4461,35.859],[129.4445,35.8668],[129.4408,35.8689],[129.4372,35.8785],[129.4299,35.8806],[129.4255,35.8839],[129.4214,35.884],[129.4214,35.878],[129.4146,35.8762],[129.4102,35.8704],[129.4101,35.8616],[129.4061,35.858],[129.3937,35.8582],[129.3907,35.8639],[129.3828,35.8638],[129.3771,35.8654],[129.375,35.8634],[129.3762,35.8588],[129.3727,35.8573],[129.3713,35.8449],[129.3684,35.8409],[129.3776,35.8339],[129.378,35.8296],[129.3732,35.8271],[129.371,35.8204],[129.3671,35.8147],[129.3586,35.811],[129.3566,35.8026],[129.3479,35.8023],[129.352,35.7932],[129.3514,35.785],[129.3548,35.7804],[129.354,35.773],[129.3536,35.7692],[129.3553,35.761],[129.3546,35.7581],[129.3624,35.7504],[129.3685,35.7461],[129.3716,35.753],[129.3803,35.7567],[129.3861,35.7514],[129.3926,35.7484],[129.403,35.7464],[129.4146,35.7422],[129.4266,35.7457],[129.4344,35.7546],[129.4402,35.7514],[129.444,35.738],[129.4475,35.7355],[129.452,35.7363],[129.4589,35.7345],[129.4643,35.7314],[129.4672,35.7246],[129.478,35.7211],[129.4817,35.7225],[129.4857,35.7289],[129.4847,35.7434],[129.4796,35.7439],[129.4809,35.748],[129.4733,35.7557],[129.4676,35.7598],[129.4649,35.7724],[129.4592,35.7788],[129.4566,35.7801],[129.4533,35.7865],[129.4497,35.7887],[129.4485,35.7929],[129.4422,35.7988],[129.4451,35.8046],[129.4507,35.8078],[129.4484,35.816],[129.454,35.8185],[129.4549,35.8226],[129.4525,35.8326],[129.4546,35.8348],[129.4526,35.839],[129.4549,35.8468]]]},"properties":{"sigun":"경주시","emd":"문무대왕면","code":"4713031500"}},
{"type":"Feature","geometry":{"type":"Polygon","coordinates":[[[129.4817,35.7225],[129.478,35.7211],[129.4672,35.7246],[129.4643,35.7314],[129.4589,35.7345],[129.452,35.7363],[129.4475,35.7355],[129.444,35.738],[129.4402,35.7514],[129.4344,35.7546],[129.4266,35.7457],[129.4146,35.7422],[129.403,35.7464],[129.3926,35.7484],[129.3861,35.7514],[129.3803,35.7567],[129.3716,35.753],[129.3685,35.7461],[129.3668,35.7395],[129.363,35.7377],[129.3648,35.7302],[129.3702,35.7302],[129.3731,35.728],[129.374,35.7224],[129.3685,35.719],[129.3662,35.7055],[129.3682,35.7019],[129.3662,35.6988],[129.3645,35.6874],[129.3646,35.6788],[129.3676,35.6745],[129.3726,35.6724],[129.3735,35.6698],[129.381,35.6711],[129.3938,35.668],[129.4008,35.6671],[129.403,35.6632],[129.4126,35.664],[129.4174,35.6605],[129.4284,35.6559],[129.433,35.6563],[129.4374,35.6545],[129.4446,35.6539],[129.45,35.6509],[129.4525,35.6556],[129.4535,35.6621],[129.4571,35.666],[129.4601,35.6648],[129.4651,35.6663],[129.4649,35.6725],[129.467,35.6788],[129.4725,35.6803],[129.4757,35.6857],[129.4761,35.6978],[129.4731,35.7034],[129.4745,35.7085],[129.4801,35.713],[129.4793,35.7173],[129.4817,35.7225]]]},"properties":{"sigun":"경주시","emd":"양남면","code":"4713032000"}},
{"type":"Feature","geometry":{"type":"Polygon","coordinates":[[[129.2229,35.7874],[129.22,35.7896],[129.2102,35.7889],[129.2056,35.7907],[129.1971,35.79],[129.1968,35.7974],[129.1918,35.7945],[129.1813,35.7927],[129.1775,35.7904],[129.1744,35.7929],[129.173,35.7974],[129.1647,35.7991],[129.1604,35.7956],[129.156,35.7877],[129.1482,35.7814],[129.1456,35.775],[129.1407,35.7755],[129.1334,35.773],[129.1363,35.7674],[129.1336,35.7632],[129.1284,35.7661],[129.1197,35.7691],[129.1124,35.7742],[129.109,35.7791],[129.108,35.7846],[129.0933,35.7891],[129.0888,35.7945],[129.0842,35.7891],[129.0841,35.7829],[129.091,35.7694],[129.0896,35.7654],[129.0919,35.7597],[129.0897,35.7512],[129.0859,35.7416],[129.0903,35.737],[129.0905,35.728],[129.0859,35.7175],[129.091,35.7026],[129.1017,35.7062],[129.1088,35.7065],[129.1161,35.7083],[129.1233,35.7075],[129.1292,35.7129],[129.1352,35.7119],[129.14,35.7181],[129.1385,35.7209],[129.1457,35.7247],[129.1544,35.7217],[129.1606,35.7149],[129.1733,35.7144],[129.1769,35.7155],[129.1815,35.7231],[129.1976,35.7158],[129.2072,35.7215],[129.2141,35.7152],[129.2194,35.7135],[129.2267,35.7083],[129.2325,35.7081],[129.2341,35.7036],[129.2529,35.7017],[129.256,35.7008],[129.263,35.7094],[129.2678,35.7131],[129.2659,35.7184],[129.2631,35.7201],[129.2663,35.7237],[129.2625,35.7383],[129.2583,35.7426],[129.2599,35.7481],[129.2561,35.7619],[129.2573,35.7692],[129.2555,35.7727],[129.2516,35.7741],[129.2494,35.7719],[129.2364,35.7666],[129.2314,35.7737],[129.2323,35.7792],[129.2235,35.7852],[129.2229,35.7874]]]},"properties":{"sigun":"경주시","emd":"내남면","code":"4713033000"}},
{"type":"Feature","geometry":{"type":"Polygon","coordinates":[[[129.0393,35.8424],[129.0368,35.8441],[129.03,35.8447],[129.0161,35.8498],[129.0141,35.8462],[129.0164,35.8406],[129.0138,35.8356],[129.0083,35.8319],[129.0078,35.8278],[129.0043,35.8233],[129.0034,35.8164],[128.9972,35.8064],[128.9905,35.8005],[128.993,35.7954],[128.9876,35.7855],[128.9876,35.7724],[128.9742,35.7701],[128.9746,35.7601],[128.9699,35.7528],[128.9742,35.7478],[128.9727,35.7369],[128.978,35.7342],[128.9898,35.7235],[128.9913,35.7193],[128.997,35.7174],[128.9967,35.7126],[129.005,35.7048],[129.0039,35.6977],[129.0086,35.6943],[129.0195,35.6882],[129.0325,35.6905],[129.0376,35.6925],[129.0379,35.6875],[129.0361,35.6777],[129.0344,35.6762],[129.0397,35.6666],[129.0403,35.6582],[129.0473,35.6501],[129.0643,35.6462],[129.0741,35.6401],[129.0812,35.6434],[129.0811,35.6475],[129.0701,35.6577],[129.0676,35.6618],[129.0695,35.6691],[129.0683,35.6731],[129.073,35.678],[129.0695,35.6807],[129.0734,35.6855],[129.0774,35.693],[129.0837,35.6991],[129.091,35.7026],[129.0859,35.7175],[129.0905,35.728],[129.0903,35.737],[129.0859,35.7416],[129.0897,35.7512],[129.0919,35.7597],[129.0896,35.7654],[129.091,35.7694],[129.0841,35.7829],[129.0842,35.7891],[129.0756,35.7898],[129.0711,35.792],[129.064,35.7935],[129.0634,35.8004],[129.0608,35.8085],[129.0604,35.8171],[129.056,35.8236],[129.0412,35.826],[129.0437,35.8309],[129.0445,35.838],[129.0393,35.8424]]]},"properties":{"sigun":"경주시","emd":"산내면","code":"4713034000"}},
{"type":"Feature","geometry":{"type":"Polygon","coordinates":[[[129.1153,35.917],[129.1139,35.9232],[129.1099,35.9298],[129.1007,35.9377],[129.0946,35.9407],[129.0896,35.9386],[129.082,35.9375],[129.0785,35.9418],[129.0671,35.9423],[129.0629,35.938],[129.0607,35.9343],[129.0605,35.9261],[129.0574,35.926],[129.0549,35.9201],[129.0485,35.9192],[129.0456,35.9127],[129.0379,35.9121],[129.0285,35.9047],[129.0269,35.8993],[129.029,35.8982],[129.026,35.8906],[129.0288,35.884],[129.0329,35.8707],[129.027,35.8632],[129.0242,35.8628],[129.0187,35.8564],[129.0161,35.8498],[129.03,35.8447],[129.0368,35.8441],[129.0393,35.8424],[129.0422,35.8456],[129.0486,35.8493],[129.0513,35.8528],[129.0566,35.8538],[129.059,35.8563],[129.0589,35.8636],[129.062,35.8677],[129.0628,35.872],[129.0658,35.8743],[129.0723,35.8759],[129.0792,35.8703],[129.0828,35.8778],[129.0899,35.8776],[129.095,35.8807],[129.099,35.887],[129.0966,35.8941],[129.1062,35.897],[129.1107,35.9038],[129.1088,35.9083],[129.1101,35.911],[129.1153,35.917]]]},"properties":{"sigun":"경주시","emd":"서면","code":"4713035000"}},
{"type":"Feature","geometry":{"type":"Polygon","coordinates":[[[129.2385,35.9109],[129.2359,35.9104],[129.228,35.905],[129.222,35.9068],[129.2213,35.9091],[129.208,35.9129],[129.2005,35.9141],[129.1939,35.9113],[129.1902,35.9168],[129.1807,35.9247],[129.1718,35.925],[129.1676,35.9269],[129.1623,35.9315],[129.1523,35.932],[129.1496,35.9347],[129.137,35.9312],[129.1348,35.9317],[129.1309,35.924],[129.1274,35.9218],[129.1212,35.9222],[129.1153,35.917],[129.1101,35.911],[129.1156,35.9018],[129.1251,35.8949],[129.1279,35.891],[129.1319,35.8907],[129.1372,35.8829],[129.1357,35.8767],[129.1382,35.8706],[129.1359,35.8684],[129.1368,35.8673],[129.1394,35.8636],[129.1491,35.8605],[129.1572,35.8645],[129.1622,35.8642],[129.1712,35.8617],[129.1742,35.8598],[129.1749,35.8645],[129.1785,35.8698],[129.1818,35.871],[129.1915,35.869],[129.2036,35.8627],[129.2117,35.8735],[129.2172,35.8827],[129.2232,35.8856],[129.2275,35.8869],[129.2289,35.8903],[129.2339,35.8962],[129.238,35.9057],[129.2385,35.9109]]]},"properties":{"sigun":"경주시","emd":"현곡면","code":"4713036000"}},
{"type":"Feature","geometry":{"type":"Polygon","coordinates":[[[129.2754,36.0795],[129.263,36.0752],[129.2571,36.0744],[129.2542,36.0757],[129.2509,36.0725],[129.2476,36.0735],[129.2428,36.07],[129.2415,36.0628],[129.2377,36.0528],[129.238,36.0491],[129.2354,36.0452],[129.2377,36.0388],[129.2376,36.035],[129.2401,36.0302],[129.2387,36.0268],[129.2389,36.0197],[129.2404,36.0181],[129.2388,36.0124],[129.2346,36.0087],[129.2366,35.9977],[129.2436,35.998],[129.2464,35.9919],[129.239,35.9874],[129.2462,35.9829],[129.237,35.9743],[129.2364,35.9726],[129.2386,35.9629],[129.2369,35.958],[129.2383,35.9496],[129.2447,35.9466],[129.2477,35.943],[129.2604,35.9418],[129.2664,35.9446],[129.2736,35.9455],[129.2787,35.9421],[129.2791,35.9386],[129.2868,35.9317],[129.295,35.933],[129.3035,35.9295],[129.307,35.9296],[129.317,35.9255],[129.3238,35.9273],[129.3296,35.9266],[129.333,35.9307],[129.3295,35.9368],[129.3188,35.9438],[129.3167,35.9464],[129.32,35.9581],[129.3153,35.9594],[129.3122,35.9647],[129.3123,35.9684],[129.3079,35.9697],[129.3057,35.9753],[129.3054,35.9831],[129.3029,35.987],[129.3046,35.9902],[129.3033,35.9958],[129.2961,35.9948],[129.2958,36.0035],[129.2973,36.0074],[129.293,36.0135],[129.284,36.0223],[129.2787,36.0246],[129.2767,36.0286],[129.2788,36.0319],[129.2808,36.0393],[129.284,36.0466],[129.2809,36.0577],[129.2866,36.0624],[129.2849,36.0719],[129.2779,36.0765],[129.2754,36.0795]]]},"properties":{"sigun":"경주시","emd":"강동면","code":"4713037000"}},
{"type":"Feature","geometry":{"type":"Polygon","coordinates":[[[129.3296,35.9266],[129.3238,35.9273],[129.317,35.9255],[129.307,35.9296],[129.3035,35.9295],[129.295,35.933],[129.2868,35.9317],[129.2791,35.9386],[129.2787,35.9421],[129.2736,35.9455],[129.2664,35.9446],[129.2604,35.9418],[129.2477,35.943],[129.2447,35.9466],[129.2383,35.9496],[129.237,35.9486],[129.2402,35.9416],[129.2402,35.9374],[129.237,35.934],[129.2328,35.9329],[129.2317,35.9285],[129.2387,35.9179],[129.2385,35.9109],[129.238,35.9057],[129.2339,35.8962],[129.2289,35.8903],[129.2275,35.8869],[129.2315,35.8868],[129.2355,35.8832],[129.2412,35.8813],[129.2443,35.8748],[129.244,35.8709],[129.2485,35.8717],[129.2545,35.8707],[129.2567,35.8682],[129.2622,35.8664],[129.2685,35.8613],[129.2747,35.8618],[129.2757,35.8672],[129.2852,35.864],[129.2915,35.8677],[129.2979,35.8666],[129.3065,35.8675],[129.3105,35.8745],[129.309,35.8799],[129.3108,35.886],[129.3091,35.888],[129.3125,35.8983],[129.3225,35.9051],[129.3345,35.9056],[129.3341,35.9111],[129.3364,35.9174],[129.3296,35.9266]]]},"properties":{"sigun":"경주시","emd":"천북면","code":"4713038000"}},
{"type":"Feature","geometry":{"type":"Polygon","coordinates":[[[129.2036,35.8627],[129.1915,35.869],[129.1818,35.871],[129.1785,35.8698],[129.1749,35.8645],[129.1742,35.8598],[129.1746,35.8571],[129.182,35.8528],[129.1914,35.8502],[129.1979,35.8461],[129.2006,35.8422],[129.2074,35.8422],[129.207,35.8502],[129.2136,35.8501],[129.2155,35.8534],[129.2057,35.8591],[129.2036,35.8627]]]},"properties":{"sigun":"경주시","emd":"성건동","code":"4713055000"}},
{"type":"Feature","geometry":{"type":"Polygon","coordinates":[[[129.2864,35.7944],[129.2853,35.7976],[129.2764,35.8033],[129.2764,35.8079],[129.2688,35.8168],[129.2669,35.8211],[129.2649,35.8305],[129.2664,35.8354],[129.2663,35.8496],[129.2554,35.8456],[129.2432,35.8405],[129.2304,35.8445],[129.2291,35.8414],[129.2223,35.8416],[129.2169,35.8373],[129.2178,35.8329],[129.2135,35.8323],[129.2132,35.8231],[129.2166,35.8244],[129.2196,35.8212],[129.2235,35.8203],[129.229,35.814],[129.2268,35.812],[129.2293,35.8055],[129.2289,35.7972],[129.2265,35.79],[129.2229,35.7874],[129.2235,35.7852],[129.2323,35.7792],[129.2314,35.7737],[129.2364,35.7666],[129.2494,35.7719],[129.2516,35.7741],[129.2537,35.7821],[129.2543,35.7911],[129.2567,35.7948],[129.265,35.7907],[129.2719,35.7889],[129.2762,35.7896],[129.2798,35.7928],[129.2864,35.7944]]]},"properties":{"sigun":"경주시","emd":"월성동","code":"4713060500"}},
{"type":"Feature","geometry":{"type":"Polygon","coordinates":[[[129.1368,35.8673],[129.1347,35.8574],[129.1302,35.8457],[129.135,35.8407],[129.1341,35.8355],[129.1308,35.832],[129.1351,35.8259],[129.1431,35.8212],[129.1458,35.8153],[129.1524,35.8152],[129.1577,35.8118],[129.1608,35.8156],[129.1621,35.8208],[129.1734,35.8186],[129.1806,35.8133],[129.189,35.8121],[129.1991,35.8176],[129.1975,35.8246],[129.1986,35.8317],[129.2015,35.8341],[129.2022,35.8383],[129.2006,35.8422],[129.1979,35.8461],[129.1914,35.8502],[129.182,35.8528],[129.1746,35.8571],[129.1742,35.8598],[129.1712,35.8617],[129.1622,35.8642],[129.1572,35.8645],[129.1491,35.8605],[129.1394,35.8636],[129.1368,35.8673]]]},"properties":{"sigun":"경주시","emd":"선도동","code":"4713059000"}},
{"type":"Feature","geometry":{"type":"Polygon","coordinates":[[[129.244,35.8709],[129.2443,35.8748],[129.2412,35.8813],[129.2355,35.8832],[129.2315,35.8868],[129.2275,35.8869],[129.2232,35.8856],[129.223,35.8819],[129.2253,35.8783],[129.2222,35.8726],[129.2202,35.8593],[129.2266,35.8598],[129.2318,35.8618],[129.234,35.8596],[129.2429,35.8587],[129.243,35.8706],[129.244,35.8709]]]},"properties":{"sigun":"경주시","emd":"용강동","code":"4713061500"}},
{"type":"Feature","geometry":{"type":"Polygon","coordinates":[[[129.2232,35.8856],[129.2172,35.8827],[129.2117,35.8735],[129.2036,35.8627],[129.2057,35.8591],[129.2155,35.8534],[129.2178,35.852],[129.2202,35.8593],[129.2222,35.8726],[129.2253,35.8783],[129.223,35.8819],[129.2232,35.8856]]]},"properties":{"sigun":"경주시","emd":"황성동","code":"4713062100"}},
{"type":"Feature","geometry":{"type":"Polygon","coordinates":[[[129.2429,35.8587],[129.234,35.8596],[129.2318,35.8618],[129.2266,35.8598],[129.2202,35.8593],[129.2178,35.852],[129.2304,35.8445],[129.2432,35.8405],[129.2554,35.8456],[129.2529,35.8502],[129.25,35.8516],[129.2429,35.8587]]]},"properties":{"sigun":"경주시","emd":"동천동","code":"4713063000"}},
{"type":"Feature","geometry":{"type":"Polygon","coordinates":[[[129.3479,35.8023],[129.3453,35.8015],[129.3364,35.8077],[129.3252,35.8092],[129.3203,35.8129],[129.3184,35.8172],[129.3111,35.8177],[129.3071,35.8159],[129.299,35.8155],[129.297,35.8085],[129.3,35.7998],[129.2962,35.7917],[129.2914,35.7914],[129.2864,35.7944],[129.2798,35.7928],[129.2762,35.7896],[129.2719,35.7889],[129.265,35.7907],[129.2567,35.7948],[129.2543,35.7911],[129.2537,35.7821],[129.2516,35.7741],[129.2555,35.7727],[129.2573,35.7692],[129.2561,35.7619],[129.2599,35.7481],[129.2583,35.7426],[129.2625,35.7383],[129.2668,35.7378],[129.2705,35.743],[129.2766,35.7474],[129.2842,35.7496],[129.2818,35.7533],[129.2817,35.7581],[129.2847,35.7607],[129.2912,35.762],[129.2984,35.7608],[129.3009,35.7668],[129.3092,35.7675],[129.3131,35.7713],[129.3163,35.7766],[129.3234,35.7783],[129.3379,35.7785],[129.3442,35.782],[129.3471,35.7819],[129.3499,35.7762],[129.354,35.773],[129.3548,35.7804],[129.3514,35.785],[129.352,35.7932],[129.3479,35.8023]]]},"properties":{"sigun":"경주시","emd":"불국동","code":"4713065000"}},
{"type":"Feature","geometry":{"type":"Polygon","coordinates":[[[129.3345,35.9056],[129.3225,35.9051],[129.3125,35.8983],[129.3091,35.888],[129.3108,35.886],[129.309,35.8799],[129.3105,35.8745],[129.3065,35.8675],[129.2979,35.8666],[129.2915,35.8677],[129.2852,35.864],[129.2757,35.8672],[129.2747,35.8618],[129.2685,35.8613],[129.2622,35.8664],[129.2567,35.8682],[129.2545,35.8707],[129.2485,35.8717],[129.244,35.8709],[129.243,35.8706],[129.2429,35.8587],[129.25,35.8516],[129.2529,35.8502],[129.2554,35.8456],[129.2663,35.8496],[129.2664,35.8354],[129.2649,35.8305],[129.2669,35.8211],[129.2688,35.8168],[129.2764,35.8079],[129.2764,35.8033],[129.2853,35.7976],[129.2864,35.7944],[129.2914,35.7914],[129.2962,35.7917],[129.3,35.7998],[129.297,35.8085],[129.299,35.8155],[129.3071,35.8159],[129.3111,35.8177],[129.3184,35.8172],[129.3203,35.8129],[129.3252,35.8092],[129.3364,35.8077],[129.3453,35.8015],[129.3479,35.8023],[129.3566,35.8026],[129.3586,35.811],[129.3671,35.8147],[129.371,35.8204],[129.3732,35.8271],[129.378,35.8296],[129.3776,35.8339],[129.3684,35.8409],[129.3713,35.8449],[129.3727,35.8573],[129.3762,35.8588],[129.375,35.8634],[129.3717,35.8613],[129.3665,35.8642],[129.3606,35.8653],[129.3551,35.8728],[129.3636,35.8785],[129.3611,35.8882],[129.3572,35.8859],[129.3531,35.8875],[129.3426,35.8892],[129.3373,35.8928],[129.3383,35.8947],[129.3332,35.9022],[129.3345,35.9056]]]},"properties":{"sigun":"경주시","emd":"보덕동","code":"4713066000"}},
{"type":"Feature","geometry":{"type":"Polygon","coordinates":[[[129.2022,35.8383],[129.2135,35.8405],[129.2169,35.8373],[129.2223,35.8416],[129.2291,35.8414],[129.2304,35.8445],[129.2178,35.852],[129.2155,35.8534],[129.2136,35.8501],[129.207,35.8502],[129.2074,35.8422],[129.2006,35.8422],[129.2022,35.8383]]]},"properties":{"sigun":"경주시","emd":"황오동","code":"4713053000"}},
{"type":"Feature","geometry":{"type":"Polygon","coordinates":[[[129.2169,35.8373],[129.2135,35.8405],[129.2022,35.8383],[129.2015,35.8341],[129.1986,35.8317],[129.1975,35.8246],[129.1991,35.8176],[129.189,35.8121],[129.1806,35.8133],[129.1734,35.8186],[129.1621,35.8208],[129.1608,35.8156],[129.1577,35.8118],[129.1602,35.8091],[129.1601,35.8032],[129.1647,35.7991],[129.173,35.7974],[129.1744,35.7929],[129.1775,35.7904],[129.1813,35.7927],[129.1918,35.7945],[129.1968,35.7974],[129.1971,35.79],[129.2056,35.7907],[129.2102,35.7889],[129.22,35.7896],[129.2229,35.7874],[129.2265,35.79],[129.2289,35.7972],[129.2293,35.8055],[129.2268,35.812],[129.229,35.814],[129.2235,35.8203],[129.2196,35.8212],[129.2166,35.8244],[129.2132,35.8231],[129.2135,35.8323],[129.2178,35.8329],[129.2169,35.8373]]]},"properties":{"sigun":"경주시","emd":"황남동","code":"4713057000"}},
{"type":"Feature","geometry":{"type":"Polygon","coordinates":[[[128.2918,36.1707],[128.2824,36.1722],[128.278,36.1713],[128.2706,36.1741],[128.2702,36.1783],[128.2731,36.1824],[128.2706,36.1914],[128.2713,36.1953],[128.2625,36.1976],[128.2567,36.2011],[128.2443,36.1991],[128.2403,36.1969],[128.2312,36.1896],[128.2275,36.188],[128.2219,36.183],[128.2132,36.169],[128.2082,36.1658],[128.1934,36.1628],[128.1866,36.1577],[128.1877,36.1543],[128.1844,36.1469],[128.1909,36.1454],[128.195,36.1426],[128.2018,36.1406],[128.2082,36.1434],[128.2157,36.1487],[128.2216,36.1458],[128.2232,36.1417],[128.227,36.1412],[128.2368,36.1358],[128.2505,36.1319],[128.2557,36.1242],[128.2545,36.1165],[128.2587,36.1122],[128.2622,36.1111],[128.2623,36.106],[128.2664,36.0993],[128.2696,36.0977],[128.2751,36.1008],[128.2756,36.1035],[128.2774,36.1137],[128.2844,36.1215],[128.2941,36.1307],[128.2944,36.1354],[128.2871,36.1382],[128.2804,36.1429],[128.2873,36.1474],[128.2875,36.1529],[128.2907,36.1541],[128.2951,36.1683],[128.2918,36.1707]]]},"properties":{"sigun":"김천시","emd":"아포읍","code":"4715025000"}},
{"type":"Feature","geometry":{"type":"Polygon","coordinates":[[[128.1776,36.1315],[128.1781,36.1346],[128.1752,36.1388],[128.1735,36.1456],[128.1647,36.1398],[128.159,36.133],[128.1605,36.1294],[128.1581,36.1194],[128.1624,36.1175],[128.1574,36.109],[128.1577,36.1048],[128.1555,36.0989],[128.1475,36.0984],[128.1462,36.0925],[128.1495,36.0836],[128.1489,36.0763],[128.1534,36.0734],[128.1531,36.0681],[128.1564,36.0672],[128.1688,36.0551],[128.1724,36.0452],[128.1695,36.0356],[128.1785,36.0314],[128.1826,36.0329],[128.189,36.0315],[128.1942,36.032],[128.196,36.0335],[128.1971,36.0439],[128.2018,36.0455],[128.2088,36.0449],[128.2221,36.0522],[128.224,36.0556],[128.2253,36.0582],[128.2333,36.0636],[128.2287,36.0662],[128.2281,36.0721],[128.2208,36.0746],[128.2194,36.0802],[128.2115,36.0841],[128.2072,36.0881],[128.2108,36.098],[128.2048,36.0984],[128.1957,36.1017],[128.1857,36.107],[128.1823,36.1069],[128.1807,36.1115],[128.1775,36.1151],[128.1734,36.1165],[128.1711,36.1237],[128.175,36.1248],[128.1776,36.1315]]]},"properties":{"sigun":"김천시","emd":"농소면","code":"4715031000"}},
{"type":"Feature","geometry":{"type":"Polygon","coordinates":[[[128.2756,36.1035],[128.2751,36.1008],[128.2696,36.0977],[128.2664,36.0993],[128.2623,36.106],[128.2622,36.1111],[128.2587,36.1122],[128.2545,36.1165],[128.2557,36.1242],[128.2505,36.1319],[128.2368,36.1358],[128.227,36.1412],[128.2232,36.1417],[128.2216,36.1458],[128.2157,36.1487],[128.2082,36.1434],[128.2018,36.1406],[128.195,36.1426],[128.1909,36.1454],[128.1844,36.1469],[128.1877,36.1543],[128.1866,36.1577],[128.1806,36.153],[128.1735,36.1456],[128.1752,36.1388],[128.1781,36.1346],[128.1776,36.1315],[128.2026,36.1311],[128.2027,36.1273],[128.1988,36.1231],[128.1902,36.1179],[128.1847,36.1175],[128.1854,36.1129],[128.1775,36.1151],[128.1807,36.1115],[128.1823,36.1069],[128.1857,36.107],[128.1957,36.1017],[128.2048,36.0984],[128.2108,36.098],[128.2072,36.0881],[128.2115,36.0841],[128.2194,36.0802],[128.2208,36.0746],[128.2281,36.0721],[128.2287,36.0662],[128.2333,36.0636],[128.2253,36.0582],[128.224,36.0556],[128.2308,36.0541],[128.2423,36.0482],[128.2511,36.0492],[128.2569,36.0514],[128.2606,36.0485],[128.2693,36.0487],[128.2841,36.0466],[128.2891,36.043],[128.2931,36.0501],[128.2986,36.0516],[128.2989,36.057],[128.3008,36.0626],[128.2899,36.0763],[128.2849,36.0811],[128.2884,36.0856],[128.292,36.0877],[128.2932,36.091],[128.2924,36.0944],[128.2806,36.1018],[128.2756,36.1035]]]},"properties":{"sigun":"김천시","emd":"남면","code":"4715032000"}},
{"type":"Feature","geometry":{"type":"Polygon","coordinates":[[[128.2275,36.188],[128.219,36.197],[128.2097,36.1921],[128.2042,36.1939],[128.2002,36.1925],[128.1889,36.1989],[128.1827,36.1972],[128.1789,36.198],[128.174,36.2053],[128.1635,36.2018],[128.1621,36.1979],[128.1673,36.1893],[128.1561,36.1867],[128.1546,36.1891],[128.1595,36.1747],[128.1515,36.1713],[128.1511,36.1652],[128.1459,36.159],[128.1494,36.1559],[128.1484,36.1502],[128.1562,36.1378],[128.1647,36.1398],[128.1735,36.1456],[128.1806,36.153],[128.1866,36.1577],[128.1934,36.1628],[128.2082,36.1658],[128.2132,36.169],[128.2219,36.183],[128.2275,36.188]]]},"properties":{"sigun":"김천시","emd":"개령면","code":"4715034000"}},
{"type":"Feature","geometry":{"type":"Polygon","coordinates":[[[128.2258,36.2317],[128.2182,36.2306],[128.2144,36.2367],[128.2017,36.2399],[128.1969,36.2447],[128.1881,36.2438],[128.1732,36.2454],[128.1691,36.2485],[128.1676,36.2536],[128.1619,36.2565],[128.1514,36.2565],[128.1415,36.2583],[128.137,36.2572],[128.1311,36.2514],[128.1201,36.2528],[128.1209,36.2461],[128.119,36.2432],[128.1087,36.2371],[128.1106,36.2308],[128.1159,36.2205],[128.1192,36.2169],[128.1182,36.211],[128.1218,36.2087],[128.1312,36.2059],[128.1339,36.2033],[128.1363,36.1978],[128.1467,36.1879],[128.1546,36.1891],[128.1561,36.1867],[128.1673,36.1893],[128.1621,36.1979],[128.1635,36.2018],[128.174,36.2053],[128.1789,36.198],[128.1827,36.1972],[128.1889,36.1989],[128.2002,36.1925],[128.2042,36.1939],[128.2097,36.1921],[128.219,36.197],[128.2275,36.188],[128.2312,36.1896],[128.2403,36.1969],[128.2443,36.1991],[128.2337,36.2019],[128.2354,36.2061],[128.2386,36.2072],[128.2342,36.2142],[128.2336,36.2185],[128.2362,36.2249],[128.2258,36.2317]]]},"properties":{"sigun":"김천시","emd":"감문면","code":"4715035000"}},
{"type":"Feature","geometry":{"type":"Polygon","coordinates":[[[128.1087,36.2371],[128.1022,36.2433],[128.0965,36.2523],[128.0879,36.2532],[128.0871,36.2488],[128.0824,36.2466],[128.0766,36.2416],[128.072,36.2431],[128.0665,36.2429],[128.0603,36.2454],[128.0568,36.2436],[128.051,36.2442],[128.0471,36.2474],[128.0447,36.2527],[128.0396,36.251],[128.0354,36.2434],[128.03,36.2403],[128.0332,36.2335],[128.0393,36.2291],[128.0393,36.2217],[128.0424,36.2173],[128.0504,36.2153],[128.0495,36.2107],[128.0507,36.2059],[128.0554,36.2026],[128.063,36.1992],[128.0595,36.1911],[128.0625,36.1878],[128.0747,36.1837],[128.0793,36.1802],[128.0823,36.1722],[128.0919,36.1701],[128.0958,36.1638],[128.0995,36.1598],[128.1076,36.1557],[128.1227,36.1552],[128.1238,36.16],[128.1368,36.1559],[128.1441,36.1575],[128.1494,36.1559],[128.1459,36.159],[128.1511,36.1652],[128.1515,36.1713],[128.1595,36.1747],[128.1546,36.1891],[128.1467,36.1879],[128.1363,36.1978],[128.1339,36.2033],[128.1312,36.2059],[128.1218,36.2087],[128.1182,36.211],[128.1192,36.2169],[128.1159,36.2205],[128.1106,36.2308],[128.1087,36.2371]]]},"properties":{"sigun":"김천시","emd":"어모면","code":"4715036000"}},
{"type":"Feature","geometry":{"type":"Polygon","coordinates":[[[128.063,36.1992],[128.0525,36.2009],[128.0452,36.1963],[128.0384,36.194],[128.0335,36.2001],[128.0263,36.2057],[128.0135,36.2091],[128.0033,36.2078],[127.9975,36.2061],[127.9923,36.1998],[127.986,36.2004],[127.9818,36.1958],[127.9765,36.1923],[127.9756,36.1881],[127.981,36.1799],[127.9847,36.1771],[127.9835,36.1698],[127.9896,36.1647],[127.9905,36.1592],[127.9956,36.1568],[127.9965,36.1537],[128.0015,36.1476],[128.0081,36.1444],[128.0163,36.1447],[128.0195,36.1384],[128.034,36.1328],[128.0407,36.132],[128.063,36.1308],[128.0675,36.1293],[128.0745,36.1319],[128.0748,36.1342],[128.0708,36.134],[128.068,36.1379],[128.0697,36.1425],[128.0687,36.1466],[128.0758,36.1531],[128.0788,36.1614],[128.0791,36.1667],[128.0823,36.1722],[128.0793,36.1802],[128.0747,36.1837],[128.0625,36.1878],[128.0595,36.1911],[128.063,36.1992]]]},"properties":{"sigun":"김천시","emd":"봉산면","code":"4715037000"}},
{"type":"Feature","geometry":{"type":"Polygon","coordinates":[[[128.0675,36.1293],[128.063,36.1308],[128.0407,36.132],[128.034,36.1328],[128.0195,36.1384],[128.0163,36.1447],[128.0081,36.1444],[128.0015,36.1476],[127.9965,36.1537],[127.9909,36.1512],[127.9873,36.1474],[127.9873,36.1372],[127.9888,36.1329],[127.9876,36.1296],[127.9771,36.122],[127.9669,36.1183],[127.9672,36.11],[127.9686,36.1072],[127.9631,36.0991],[127.9629,36.0962],[127.9578,36.0949],[127.9587,36.0878],[127.9617,36.0828],[127.9614,36.0684],[127.9671,36.0632],[127.9745,36.0601],[127.9796,36.0548],[127.9846,36.0545],[127.9882,36.058],[127.9989,36.0568],[128.0015,36.0538],[128.0119,36.054],[128.0213,36.0601],[128.0235,36.0627],[128.0237,36.0685],[128.0284,36.0762],[128.0384,36.0875],[128.043,36.0872],[128.0522,36.0898],[128.0584,36.0877],[128.0609,36.0892],[128.0646,36.0957],[128.065,36.1001],[128.0591,36.1051],[128.0576,36.1101],[128.0553,36.1114],[128.059,36.1218],[128.0581,36.1233],[128.0675,36.1293]]]},"properties":{"sigun":"김천시","emd":"대항면","code":"4715038000"}},
{"type":"Feature","geometry":{"type":"Polygon","coordinates":[[[128.1475,36.0984],[128.1428,36.1051],[128.1337,36.1008],[128.128,36.1006],[128.125,36.1029],[128.1253,36.0989],[128.1221,36.0915],[128.1213,36.0806],[128.1196,36.0767],[128.114,36.0654],[128.1129,36.0605],[128.1167,36.0485],[128.1237,36.0438],[128.1233,36.0386],[128.1252,36.0347],[128.1333,36.0278],[128.1421,36.0263],[128.145,36.0269],[128.1501,36.033],[128.1573,36.0351],[128.1646,36.0326],[128.1695,36.0356],[128.1724,36.0452],[128.1688,36.0551],[128.1564,36.0672],[128.1531,36.0681],[128.1534,36.0734],[128.1489,36.0763],[128.1495,36.0836],[128.1462,36.0925],[128.1475,36.0984]]]},"properties":{"sigun":"김천시","emd":"감천면","code":"4715039000"}},
{"type":"Feature","geometry":{"type":"Polygon","coordinates":[[[128.1196,36.0767],[128.118,36.0808],[128.1125,36.0837],[128.1023,36.0784],[128.1015,36.0763],[128.0952,36.0741],[128.0917,36.069],[128.0925,36.0653],[128.097,36.063],[128.0958,36.0568],[128.0908,36.0537],[128.0898,36.0458],[128.0794,36.0366],[128.0763,36.0292],[128.0764,36.0225],[128.0742,36.0099],[128.0743,36.0024],[128.0777,35.9924],[128.083,35.9906],[128.0828,35.986],[128.083,35.984],[128.0778,35.9777],[128.0862,35.9718],[128.0893,35.968],[128.0958,35.9696],[128.1045,35.9666],[128.109,35.9629],[128.1117,35.9642],[128.1191,35.9596],[128.1232,35.9623],[128.1319,35.959],[128.1508,35.9664],[128.1526,35.9695],[128.1505,35.9727],[128.1517,35.9768],[128.1558,35.9789],[128.1577,35.9873],[128.1675,35.9893],[128.1698,35.9969],[128.1656,36.0014],[128.1688,36.0109],[128.1731,36.0141],[128.1692,36.0184],[128.1674,36.0297],[128.1646,36.0326],[128.1573,36.0351],[128.1501,36.033],[128.145,36.0269],[128.1421,36.0263],[128.1333,36.0278],[128.1252,36.0347],[128.1233,36.0386],[128.1237,36.0438],[128.1167,36.0485],[128.1129,36.0605],[128.114,36.0654],[128.1196,36.0767]]]},"properties":{"sigun":"김천시","emd":"조마면","code":"4715040000"}},
{"type":"Feature","geometry":{"type":"Polygon","coordinates":[[[128.1023,36.0784],[128.1,36.0821],[128.0991,36.0885],[128.0916,36.0887],[128.0873,36.0913],[128.0849,36.0976],[128.0854,36.1006],[128.0755,36.0962],[128.0706,36.0973],[128.0646,36.0957],[128.0609,36.0892],[128.0584,36.0877],[128.0522,36.0898],[128.043,36.0872],[128.0384,36.0875],[128.0284,36.0762],[128.0237,36.0685],[128.0235,36.0627],[128.0213,36.0601],[128.0119,36.054],[128.0015,36.0538],[127.9989,36.0568],[127.9882,36.058],[127.9846,36.0545],[127.9796,36.0548],[127.9745,36.0601],[127.9671,36.0632],[127.9614,36.0684],[127.9561,36.0677],[127.9521,36.0652],[127.9496,36.0594],[127.9466,36.0566],[127.9359,36.0507],[127.9317,36.0502],[127.9326,36.0458],[127.9367,36.0428],[127.947,36.0429],[127.9507,36.0411],[127.9624,36.0314],[127.9665,36.0204],[127.9664,36.0148],[127.9768,36.0141],[127.9846,36.0078],[127.9933,36.0058],[127.9954,35.9994],[127.9983,35.9971],[128.0035,35.9965],[128.0124,35.9988],[128.0172,36.0022],[128.027,36.0029],[128.0477,36.0027],[128.0537,36.0064],[128.0559,36.003],[128.0544,35.9968],[128.0594,35.993],[128.0651,35.9925],[128.0659,35.9885],[128.0695,35.9852],[128.0797,35.9846],[128.0828,35.986],[128.083,35.9906],[128.0777,35.9924],[128.0743,36.0024],[128.0742,36.0099],[128.0764,36.0225],[128.0763,36.0292],[128.0794,36.0366],[128.0898,36.0458],[128.0908,36.0537],[128.0958,36.0568],[128.097,36.063],[128.0925,36.0653],[128.0917,36.069],[128.0952,36.0741],[128.1015,36.0763],[128.1023,36.0784]]]},"properties":{"sigun":"김천시","emd":"구성면","code":"4715041000"}},
{"type":"Feature","geometry":{"type":"Polygon","coordinates":[[[128.0828,35.986],[128.0797,35.9846],[128.0695,35.9852],[128.0659,35.9885],[128.0651,35.9925],[128.0594,35.993],[128.0544,35.9968],[128.0559,36.003],[128.0537,36.0064],[128.0477,36.0027],[128.027,36.0029],[128.0172,36.0022],[128.0124,35.9988],[128.0035,35.9965],[128.0067,35.9867],[128.0041,35.9795],[128.0094,35.9758],[128.0012,35.9719],[127.9944,35.965],[127.9943,35.9563],[128.0063,35.9532],[128.0095,35.9445],[128.0024,35.9348],[128.0047,35.9298],[128.0182,35.9337],[128.0199,35.936],[128.0289,35.9363],[128.0306,35.94],[128.0406,35.9403],[128.0464,35.938],[128.0516,35.9382],[128.0567,35.9417],[128.0664,35.9369],[128.0714,35.9362],[128.0734,35.9285],[128.0791,35.9266],[128.084,35.9219],[128.0881,35.9224],[128.0913,35.9309],[128.091,35.9372],[128.0885,35.9457],[128.0908,35.95],[128.0963,35.9548],[128.104,35.9575],[128.109,35.9629],[128.1045,35.9666],[128.0958,35.9696],[128.0893,35.968],[128.0862,35.9718],[128.0778,35.9777],[128.083,35.984],[128.0828,35.986]]]},"properties":{"sigun":"김천시","emd":"지례면","code":"4715042000"}},
{"type":"Feature","geometry":{"type":"Polygon","coordinates":[[[127.9317,36.0502],[127.9261,36.0533],[127.9171,36.0544],[127.9095,36.0497],[127.904,36.0427],[127.9036,36.039],[127.888,36.0348],[127.8854,36.036],[127.883,36.0272],[127.8769,36.0224],[127.8754,36.0164],[127.876,36.0098],[127.8788,36.0013],[127.8758,35.9967],[127.8834,35.9924],[127.8867,35.9921],[127.8937,35.9845],[127.8896,35.9795],[127.8962,35.9779],[127.8965,35.972],[127.9004,35.9669],[127.904,35.9545],[127.9115,35.9495],[127.9167,35.9527],[127.9204,35.9532],[127.9222,35.957],[127.9296,35.9629],[127.9351,35.964],[127.9393,35.967],[127.9496,35.9664],[127.953,35.9621],[127.9574,35.9618],[127.9608,35.9652],[127.9676,35.9654],[127.9717,35.9689],[127.9767,35.9657],[127.9871,35.9659],[127.9896,35.9677],[127.9944,35.965],[128.0012,35.9719],[128.0094,35.9758],[128.0041,35.9795],[128.0067,35.9867],[128.0035,35.9965],[127.9983,35.9971],[127.9954,35.9994],[127.9933,36.0058],[127.9846,36.0078],[127.9768,36.0141],[127.9664,36.0148],[127.9665,36.0204],[127.9624,36.0314],[127.9507,36.0411],[127.947,36.0429],[127.9367,36.0428],[127.9326,36.0458],[127.9317,36.0502]]]},"properties":{"sigun":"김천시","emd":"부항면","code":"4715043000"}},
{"type":"Feature","geometry":{"type":"Polygon","coordinates":[[[127.9944,35.965],[127.9896,35.9677],[127.9871,35.9659],[127.9767,35.9657],[127.9717,35.9689],[127.9676,35.9654],[127.9608,35.9652],[127.9574,35.9618],[127.953,35.9621],[127.9496,35.9664],[127.9393,35.967],[127.9351,35.964],[127.9296,35.9629],[127.9222,35.957],[127.9204,35.9532],[127.9167,35.9527],[127.9115,35.9495],[127.9065,35.9406],[127.8976,35.9364],[127.8962,35.9343],[127.8854,35.9309],[127.8822,35.9277],[127.8838,35.9244],[127.8822,35.9202],[127.8876,35.9146],[127.8889,35.9098],[127.8848,35.9055],[127.8831,35.8993],[127.8849,35.893],[127.8908,35.8903],[127.8933,35.8866],[127.9134,35.8905],[127.9189,35.8896],[127.9234,35.8821],[127.9281,35.8811],[127.9295,35.8714],[127.9332,35.8642],[127.9324,35.8558],[127.9423,35.8543],[127.9508,35.8613],[127.96,35.8596],[127.9635,35.855],[127.9737,35.8509],[127.9818,35.8589],[127.9848,35.8646],[127.986,35.8702],[127.9836,35.8737],[127.984,35.8803],[127.9908,35.8877],[127.9943,35.8982],[127.9996,35.9028],[128.0035,35.9123],[128.0013,35.9183],[128.0018,35.9227],[128.0047,35.9298],[128.0024,35.9348],[128.0095,35.9445],[128.0063,35.9532],[127.9943,35.9563],[127.9944,35.965]]]},"properties":{"sigun":"김천시","emd":"대덕면","code":"4715044000"}},
{"type":"Feature","geometry":{"type":"Polygon","coordinates":[[[128.0516,35.9382],[128.0464,35.938],[128.0406,35.9403],[128.0306,35.94],[128.0289,35.9363],[128.0199,35.936],[128.0182,35.9337],[128.0047,35.9298],[128.0018,35.9227],[128.0013,35.9183],[128.0035,35.9123],[127.9996,35.9028],[127.9943,35.8982],[127.9908,35.8877],[127.984,35.8803],[127.9836,35.8737],[127.986,35.8702],[127.9848,35.8646],[127.9818,35.8589],[127.9854,35.8574],[127.9882,35.8514],[127.9912,35.8482],[127.9974,35.8378],[128.0045,35.8354],[128.0121,35.8289],[128.0198,35.833],[128.0255,35.8333],[128.0316,35.8357],[128.0383,35.8338],[128.0426,35.831],[128.0508,35.8293],[128.0528,35.8325],[128.0615,35.8345],[128.0704,35.8407],[128.0787,35.8389],[128.0784,35.8431],[128.0729,35.8501],[128.076,35.8545],[128.0771,35.8612],[128.0873,35.8726],[128.0811,35.8729],[128.0709,35.8806],[128.0677,35.887],[128.0639,35.8991],[128.0607,35.8995],[128.0568,35.9038],[128.0604,35.9074],[128.0554,35.9108],[128.054,35.9157],[128.0494,35.9186],[128.0472,35.9264],[128.0467,35.9322],[128.0516,35.9382]]]},"properties":{"sigun":"김천시","emd":"증산면","code":"4715045000"}},
{"type":"Feature","geometry":{"type":"Polygon","coordinates":[[[128.1294,36.1162],[128.1227,36.1191],[128.1174,36.1132],[128.1101,36.108],[128.1024,36.1054],[128.0972,36.1069],[128.0855,36.1015],[128.0854,36.1006],[128.0849,36.0976],[128.0873,36.0913],[128.0916,36.0887],[128.0991,36.0885],[128.1,36.0821],[128.1023,36.0784],[128.1125,36.0837],[128.118,36.0808],[128.1196,36.0767],[128.1213,36.0806],[128.1221,36.0915],[128.1253,36.0989],[128.125,36.1029],[128.1254,36.1118],[128.1294,36.1162]]]},"properties":{"sigun":"김천시","emd":"양금동","code":"4715056500"}},
{"type":"Feature","geometry":{"type":"Polygon","coordinates":[[[128.1494,36.1559],[128.1441,36.1575],[128.1368,36.1559],[128.1238,36.16],[128.1227,36.1552],[128.1076,36.1557],[128.0995,36.1598],[128.0958,36.1638],[128.0919,36.1701],[128.0823,36.1722],[128.0791,36.1667],[128.0788,36.1614],[128.0758,36.1531],[128.0687,36.1466],[128.0697,36.1425],[128.068,36.1379],[128.0708,36.134],[128.0748,36.1342],[128.0874,36.1305],[128.0888,36.128],[128.1031,36.1307],[128.1078,36.1322],[128.1182,36.129],[128.1242,36.1306],[128.1323,36.1258],[128.1366,36.1294],[128.1562,36.1378],[128.1484,36.1502],[128.1494,36.1559]]]},"properties":{"sigun":"김천시","emd":"대신동","code":"4715057500"}},
{"type":"Feature","geometry":{"type":"Polygon","coordinates":[[[128.1031,36.1307],[128.0888,36.128],[128.0874,36.1305],[128.0748,36.1342],[128.0745,36.1319],[128.0675,36.1293],[128.0581,36.1233],[128.059,36.1218],[128.0553,36.1114],[128.0576,36.1101],[128.0591,36.1051],[128.065,36.1001],[128.0646,36.0957],[128.0706,36.0973],[128.0755,36.0962],[128.0854,36.1006],[128.0855,36.1015],[128.0972,36.1069],[128.1024,36.1054],[128.1101,36.108],[128.1085,36.1129],[128.1098,36.1192],[128.1031,36.1307]]]},"properties":{"sigun":"김천시","emd":"대곡동","code":"4715059500"}},
{"type":"Feature","geometry":{"type":"Polygon","coordinates":[[[128.1475,36.0984],[128.1555,36.0989],[128.1577,36.1048],[128.1574,36.109],[128.1624,36.1175],[128.1581,36.1194],[128.1605,36.1294],[128.159,36.133],[128.1647,36.1398],[128.1562,36.1378],[128.1366,36.1294],[128.1323,36.1258],[128.1294,36.1162],[128.1254,36.1118],[128.125,36.1029],[128.128,36.1006],[128.1337,36.1008],[128.1428,36.1051],[128.1475,36.0984]]]},"properties":{"sigun":"김천시","emd":"지좌동","code":"4715061000"}},
{"type":"Feature","geometry":{"type":"Polygon","coordinates":[[[128.1323,36.1258],[128.1242,36.1306],[128.1182,36.129],[128.1178,36.1216],[128.1227,36.1191],[128.1294,36.1162],[128.1323,36.1258]]]},"properties":{"sigun":"김천시","emd":"자산동","code":"4715051600"}},
{"type":"Feature","geometry":{"type":"Polygon","coordinates":[[[128.1182,36.129],[128.1078,36.1322],[128.1031,36.1307],[128.1098,36.1192],[128.1085,36.1129],[128.1101,36.108],[128.1174,36.1132],[128.1227,36.1191],[128.1178,36.1216],[128.1182,36.129]]]},"properties":{"sigun":"김천시","emd":"평화남산동","code":"4715053600"}},
{"type":"Feature","geometry":{"type":"Polygon","coordinates":[[[128.1775,36.1151],[128.1854,36.1129],[128.1847,36.1175],[128.1902,36.1179],[128.1988,36.1231],[128.2027,36.1273],[128.2026,36.1311],[128.1776,36.1315],[128.175,36.1248],[128.1711,36.1237],[128.1734,36.1165],[128.1775,36.1151]]]},"properties":{"sigun":"김천시","emd":"율곡동","code":"4715064000"}},
{"type":"Feature","geometry":{"type":"Polygon","coordinates":[[[128.6733,36.5777],[128.6654,36.5828],[128.6561,36.585],[128.651,36.5876],[128.6408,36.59],[128.6387,36.5985],[128.6267,36.6082],[128.621,36.6081],[128.6102,36.6014],[128.6037,36.5962],[128.6017,36.5988],[128.6063,36.6038],[128.6075,36.6134],[128.606,36.6185],[128.6087,36.6245],[128.6076,36.6304],[128.61,36.6493],[128.6046,36.6525],[128.5964,36.6525],[128.5867,36.6503],[128.5819,36.647],[128.577,36.6499],[128.5662,36.646],[128.565,36.6406],[128.5599,36.6369],[128.5553,36.6354],[128.5522,36.6372],[128.5471,36.6324],[128.5397,36.6336],[128.5324,36.6298],[128.5244,36.6283],[128.5242,36.6225],[128.522,36.6196],[128.5294,36.618],[128.5349,36.6142],[128.5295,36.6019],[128.5132,36.6007],[128.5066,36.6021],[128.5018,36.6059],[128.4939,36.5997],[128.4909,36.5887],[128.4921,36.5866],[128.4992,36.5844],[128.5043,36.5823],[128.5194,36.5841],[128.5253,36.5786],[128.532,36.5793],[128.5352,36.5706],[128.5395,36.5668],[128.545,36.5664],[128.5419,36.5589],[128.5445,36.5561],[128.549,36.5549],[128.5484,36.5586],[128.5569,36.5627],[128.5627,36.5632],[128.5712,36.5606],[128.5834,36.5527],[128.5897,36.55],[128.5937,36.5502],[128.5963,36.553],[128.5982,36.5615],[128.6032,36.5647],[128.6147,36.5649],[128.6228,36.5638],[128.6295,36.5605],[128.6335,36.5562],[128.6338,36.5487],[128.6364,36.5468],[128.6446,36.5453],[128.6579,36.5462],[128.6647,36.5482],[128.6678,36.5525],[128.6703,36.56],[128.6724,36.5608],[128.6716,36.5695],[128.6733,36.5777]]]},"properties":{"sigun":"안동시","emd":"풍산읍","code":"4717025000"}},
{"type":"Feature","geometry":{"type":"Polygon","coordinates":[[[128.8187,36.6923],[128.8069,36.6913],[128.8025,36.6961],[128.7968,36.6913],[128.7899,36.6942],[128.7851,36.6928],[128.7827,36.6865],[128.7764,36.686],[128.7774,36.6829],[128.7719,36.6786],[128.7633,36.6826],[128.7604,36.6812],[128.752,36.6837],[128.7486,36.6878],[128.7442,36.6822],[128.7391,36.6792],[128.7423,36.6736],[128.7442,36.6661],[128.7388,36.6526],[128.7402,36.648],[128.7364,36.6388],[128.7306,36.6338],[128.7279,36.6295],[128.729,36.6256],[128.7246,36.6241],[128.7206,36.6264],[128.7141,36.6152],[128.7164,36.6107],[128.722,36.6126],[128.7265,36.6106],[128.7246,36.6015],[128.7255,36.5988],[128.7327,36.5968],[128.7388,36.5986],[128.745,36.5932],[128.7489,36.5956],[128.7541,36.5912],[128.75,36.5883],[128.7523,36.584],[128.7584,36.584],[128.7658,36.5882],[128.7684,36.5915],[128.7792,36.5913],[128.7843,36.5867],[128.7793,36.5833],[128.7844,36.5803],[128.7913,36.5813],[128.8064,36.5859],[128.8131,36.5861],[128.8198,36.5826],[128.8227,36.5745],[128.8303,36.5696],[128.8327,36.571],[128.8307,36.5761],[128.8348,36.5785],[128.8404,36.5787],[128.846,36.5749],[128.8555,36.5738],[128.8598,36.5776],[128.8699,36.5963],[128.8577,36.595],[128.8545,36.5982],[128.8542,36.6029],[128.8576,36.6155],[128.856,36.6185],[128.8477,36.6183],[128.8477,36.6235],[128.8374,36.6299],[128.8359,36.6376],[128.8471,36.6367],[128.8508,36.6385],[128.8513,36.6558],[128.8477,36.6582],[128.8405,36.6595],[128.8368,36.663],[128.8332,36.6726],[128.8307,36.6742],[128.8212,36.674],[128.8167,36.678],[128.82,36.6811],[128.8187,36.6923]]]},"properties":{"sigun":"안동시","emd":"와룡면","code":"4717031000"}},
{"type":"Feature","geometry":{"type":"Polygon","coordinates":[[[128.7344,36.7004],[128.7307,36.6961],[128.7274,36.6956],[128.7222,36.6992],[128.7206,36.7025],[128.7163,36.7034],[128.7091,36.6998],[128.703,36.7021],[128.6984,36.7064],[128.692,36.7025],[128.6786,36.6992],[128.6728,36.705],[128.6729,36.7077],[128.6628,36.7148],[128.6595,36.7125],[128.652,36.7107],[128.6442,36.7156],[128.6391,36.7202],[128.6304,36.7198],[128.6274,36.7168],[128.6208,36.7157],[128.6155,36.7119],[128.6083,36.7169],[128.6002,36.7153],[128.5958,36.7123],[128.5976,36.7028],[128.5998,36.7018],[128.6048,36.6926],[128.6092,36.6925],[128.6098,36.6858],[128.6019,36.679],[128.605,36.6723],[128.6032,36.6689],[128.6057,36.6625],[128.6096,36.6623],[128.6217,36.6585],[128.6316,36.6627],[128.6352,36.6615],[128.6401,36.6658],[128.6517,36.669],[128.6492,36.6742],[128.6586,36.6723],[128.6637,36.6674],[128.664,36.662],[128.6693,36.6593],[128.6846,36.6553],[128.6955,36.6558],[128.6993,36.6589],[128.7029,36.6576],[128.7062,36.6538],[128.7041,36.6502],[128.7097,36.6396],[128.706,36.6356],[128.7072,36.6326],[128.7058,36.6278],[128.708,36.6203],[128.7024,36.6125],[128.7043,36.6072],[128.7084,36.6096],[128.7164,36.6107],[128.7141,36.6152],[128.7206,36.6264],[128.7246,36.6241],[128.729,36.6256],[128.7279,36.6295],[128.7306,36.6338],[128.7364,36.6388],[128.7402,36.648],[128.7388,36.6526],[128.7442,36.6661],[128.7423,36.6736],[128.7391,36.6792],[128.7442,36.6822],[128.7486,36.6878],[128.7451,36.6909],[128.7403,36.6981],[128.7344,36.7004]]]},"properties":{"sigun":"안동시","emd":"북후면","code":"4717032000"}},
{"type":"Feature","geometry":{"type":"Polygon","coordinates":[[[128.7043,36.6072],[128.7024,36.6125],[128.708,36.6203],[128.7058,36.6278],[128.7072,36.6326],[128.706,36.6356],[128.7097,36.6396],[128.7041,36.6502],[128.7062,36.6538],[128.7029,36.6576],[128.6993,36.6589],[128.6955,36.6558],[128.6846,36.6553],[128.6693,36.6593],[128.664,36.662],[128.6637,36.6674],[128.6586,36.6723],[128.6492,36.6742],[128.6517,36.669],[128.6401,36.6658],[128.6352,36.6615],[128.6316,36.6627],[128.6217,36.6585],[128.6096,36.6623],[128.6057,36.6625],[128.6046,36.6525],[128.61,36.6493],[128.6076,36.6304],[128.6087,36.6245],[128.606,36.6185],[128.6075,36.6134],[128.6063,36.6038],[128.6017,36.5988],[128.6037,36.5962],[128.6102,36.6014],[128.621,36.6081],[128.6267,36.6082],[128.6387,36.5985],[128.6408,36.59],[128.651,36.5876],[128.6561,36.585],[128.6654,36.5828],[128.6733,36.5777],[128.6727,36.5801],[128.6749,36.5881],[128.6835,36.5989],[128.6921,36.5997],[128.6961,36.6037],[128.702,36.6014],[128.706,36.6041],[128.7043,36.6072]]]},"properties":{"sigun":"안동시","emd":"서후면","code":"4717033000"}},
{"type":"Feature","geometry":{"type":"Polygon","coordinates":[[[128.549,36.5549],[128.5445,36.5561],[128.5419,36.5589],[128.545,36.5664],[128.5395,36.5668],[128.5352,36.5706],[128.532,36.5793],[128.5253,36.5786],[128.5194,36.5841],[128.5043,36.5823],[128.4992,36.5844],[128.4958,36.5824],[128.4925,36.5698],[128.4815,36.568],[128.4654,36.5604],[128.4592,36.556],[128.4561,36.5492],[128.4604,36.5465],[128.4645,36.5399],[128.4535,36.5377],[128.4461,36.5302],[128.44,36.5281],[128.4322,36.5227],[128.4292,36.522],[128.4369,36.5162],[128.4325,36.5111],[128.4334,36.5031],[128.4442,36.4972],[128.4457,36.4951],[128.4531,36.491],[128.4599,36.4884],[128.4646,36.492],[128.4616,36.4957],[128.4644,36.4988],[128.4748,36.4987],[128.4767,36.5099],[128.4763,36.5139],[128.4831,36.5138],[128.491,36.5178],[128.4956,36.5167],[128.4989,36.5136],[128.5035,36.5011],[128.507,36.499],[128.5143,36.4976],[128.5318,36.4981],[128.5342,36.4954],[128.5393,36.4953],[128.5439,36.4904],[128.5494,36.4902],[128.552,36.4882],[128.5527,36.4757],[128.5594,36.4722],[128.5586,36.4692],[128.5612,36.4629],[128.5662,36.459],[128.5668,36.4521],[128.5703,36.451],[128.5743,36.4554],[128.5781,36.4567],[128.5788,36.4625],[128.5835,36.4668],[128.5832,36.4737],[128.5777,36.4784],[128.5792,36.4852],[128.588,36.4918],[128.5862,36.4959],[128.5891,36.5],[128.5841,36.5032],[128.582,36.5084],[128.5721,36.5223],[128.5652,36.5355],[128.5654,36.5396],[128.5631,36.5453],[128.5509,36.5543],[128.549,36.5549]]]},"properties":{"sigun":"안동시","emd":"풍천면","code":"4717034000"}},
{"type":"Feature","geometry":{"type":"Polygon","coordinates":[[[128.695,36.4968],[128.6883,36.4977],[128.6825,36.4957],[128.6728,36.501],[128.6678,36.4984],[128.6551,36.4991],[128.6487,36.5052],[128.6391,36.5168],[128.6297,36.5097],[128.6281,36.5065],[128.6212,36.5025],[128.6188,36.4997],[128.6137,36.499],[128.5991,36.4926],[128.5906,36.5],[128.5891,36.5],[128.5862,36.4959],[128.588,36.4918],[128.5792,36.4852],[128.5777,36.4784],[128.5832,36.4737],[128.5835,36.4668],[128.5788,36.4625],[128.5781,36.4567],[128.5743,36.4554],[128.5703,36.451],[128.5773,36.44],[128.5833,36.4404],[128.5887,36.4393],[128.5941,36.4361],[128.5948,36.4279],[128.5967,36.4253],[128.5952,36.4218],[128.5968,36.4115],[128.599,36.4095],[128.6069,36.41],[128.6093,36.4148],[128.6102,36.4178],[128.6154,36.4195],[128.6236,36.4191],[128.629,36.4209],[128.6282,36.4239],[128.6458,36.4285],[128.6536,36.4295],[128.6553,36.4322],[128.6629,36.4375],[128.6685,36.4389],[128.6736,36.4365],[128.6781,36.4384],[128.6809,36.4447],[128.69,36.4439],[128.6996,36.4474],[128.7066,36.448],[128.7043,36.4545],[128.7074,36.4642],[128.7098,36.477],[128.7001,36.4844],[128.6964,36.4847],[128.6945,36.4886],[128.695,36.4968]]]},"properties":{"sigun":"안동시","emd":"일직면","code":"4717035000"}},
{"type":"Feature","geometry":{"type":"Polygon","coordinates":[[[128.6579,36.5462],[128.6446,36.5453],[128.6364,36.5468],[128.6338,36.5487],[128.6335,36.5562],[128.6295,36.5605],[128.6228,36.5638],[128.6147,36.5649],[128.6032,36.5647],[128.5982,36.5615],[128.5963,36.553],[128.5937,36.5502],[128.5897,36.55],[128.5834,36.5527],[128.5712,36.5606],[128.5627,36.5632],[128.5569,36.5627],[128.5484,36.5586],[128.549,36.5549],[128.5509,36.5543],[128.5631,36.5453],[128.5654,36.5396],[128.5652,36.5355],[128.5721,36.5223],[128.582,36.5084],[128.5841,36.5032],[128.5891,36.5],[128.5906,36.5],[128.5991,36.4926],[128.6137,36.499],[128.6188,36.4997],[128.6212,36.5025],[128.6281,36.5065],[128.6297,36.5097],[128.6391,36.5168],[128.6487,36.5052],[128.6551,36.4991],[128.6678,36.4984],[128.6728,36.501],[128.6825,36.4957],[128.6883,36.4977],[128.695,36.4968],[128.7015,36.5009],[128.6983,36.5088],[128.6949,36.5133],[128.6979,36.5178],[128.6926,36.5237],[128.693,36.5255],[128.6848,36.5347],[128.6839,36.5391],[128.6723,36.5429],[128.6688,36.5463],[128.6637,36.5451],[128.6579,36.5462]]]},"properties":{"sigun":"안동시","emd":"남후면","code":"4717036000"}},
{"type":"Feature","geometry":{"type":"Polygon","coordinates":[[[128.8112,36.5361],[128.7986,36.536],[128.7894,36.5385],[128.7819,36.5443],[128.7828,36.5492],[128.7794,36.5509],[128.7693,36.5448],[128.767,36.5447],[128.7685,36.5399],[128.7642,36.5364],[128.7495,36.5346],[128.748,36.5319],[128.7423,36.5316],[128.7327,36.5284],[128.7258,36.5338],[128.7216,36.5309],[128.7173,36.5318],[128.7137,36.5366],[128.711,36.5357],[128.7051,36.53],[128.6978,36.5253],[128.693,36.5255],[128.6926,36.5237],[128.6979,36.5178],[128.6949,36.5133],[128.6983,36.5088],[128.7015,36.5009],[128.695,36.4968],[128.6945,36.4886],[128.6964,36.4847],[128.7001,36.4844],[128.7098,36.477],[128.7149,36.4816],[128.7179,36.4819],[128.7278,36.4764],[128.7342,36.4784],[128.7471,36.4892],[128.7539,36.4851],[128.7593,36.4846],[128.7674,36.4809],[128.773,36.4756],[128.776,36.4688],[128.7825,36.4648],[128.7926,36.4658],[128.7941,36.47],[128.7917,36.4755],[128.7925,36.4789],[128.7908,36.4836],[128.7939,36.4874],[128.7958,36.4936],[128.8013,36.496],[128.8006,36.5069],[128.8058,36.5152],[128.8111,36.5188],[128.8096,36.5294],[128.8121,36.5328],[128.8112,36.5361]]]},"properties":{"sigun":"안동시","emd":"남선면","code":"4717037000"}},
{"type":"Feature","geometry":{"type":"Polygon","coordinates":[[[128.8598,36.5776],[128.8555,36.5738],[128.846,36.5749],[128.8404,36.5787],[128.8348,36.5785],[128.8307,36.5761],[128.8327,36.571],[128.8303,36.5696],[128.8227,36.5745],[128.8198,36.5826],[128.8163,36.5782],[128.8141,36.572],[128.8087,36.5663],[128.8069,36.5547],[128.8089,36.5515],[128.8182,36.5492],[128.8248,36.5493],[128.8246,36.5441],[128.8206,36.5394],[128.8112,36.5361],[128.8121,36.5328],[128.8096,36.5294],[128.8111,36.5188],[128.8058,36.5152],[128.8006,36.5069],[128.8013,36.496],[128.7958,36.4936],[128.7939,36.4874],[128.7908,36.4836],[128.7925,36.4789],[128.7917,36.4755],[128.7941,36.47],[128.7926,36.4658],[128.7984,36.4618],[128.7999,36.4588],[128.8095,36.4591],[128.8125,36.455],[128.823,36.4521],[128.8302,36.4518],[128.8352,36.4588],[128.8363,36.4636],[128.8435,36.4631],[128.8481,36.4665],[128.8571,36.4685],[128.8599,36.4761],[128.8671,36.4775],[128.8736,36.4748],[128.8776,36.4715],[128.8821,36.4748],[128.8859,36.4712],[128.8976,36.4649],[128.9024,36.4652],[128.9058,36.4748],[128.9082,36.4775],[128.9099,36.4834],[128.9077,36.4905],[128.908,36.4946],[128.9052,36.4964],[128.9068,36.5029],[128.9105,36.5059],[128.9113,36.5117],[128.9153,36.5164],[128.9029,36.5148],[128.8959,36.5086],[128.8882,36.505],[128.8816,36.5074],[128.8827,36.5148],[128.888,36.522],[128.8886,36.5286],[128.8872,36.5374],[128.8824,36.5399],[128.8751,36.5406],[128.8687,36.5468],[128.8678,36.5523],[128.8612,36.5573],[128.8622,36.5616],[128.8658,36.5644],[128.8622,36.5683],[128.8623,36.5723],[128.8598,36.5776]]]},"properties":{"sigun":"안동시","emd":"임하면","code":"4717038000"}},
{"type":"Feature","geometry":{"type":"Polygon","coordinates":[[[128.9956,36.5002],[128.9857,36.4982],[128.9823,36.4951],[128.977,36.4952],[128.9727,36.4975],[128.9691,36.5019],[128.9659,36.5088],[128.967,36.5122],[128.9621,36.5137],[128.9581,36.5111],[128.9572,36.5054],[128.9541,36.5035],[128.9441,36.5039],[128.9351,36.5142],[128.9311,36.5141],[128.9289,36.5107],[128.9238,36.5163],[128.9153,36.5164],[128.9113,36.5117],[128.9105,36.5059],[128.9068,36.5029],[128.9052,36.4964],[128.908,36.4946],[128.9077,36.4905],[128.9099,36.4834],[128.9082,36.4775],[128.9058,36.4748],[128.9024,36.4652],[128.8976,36.4649],[128.8859,36.4712],[128.8821,36.4748],[128.8776,36.4715],[128.8736,36.4748],[128.8671,36.4775],[128.8599,36.4761],[128.8571,36.4685],[128.8481,36.4665],[128.8435,36.4631],[128.8363,36.4636],[128.8352,36.4588],[128.8302,36.4518],[128.8298,36.4437],[128.8345,36.4358],[128.8343,36.4276],[128.8374,36.4232],[128.8411,36.4224],[128.8418,36.4182],[128.8453,36.4121],[128.8443,36.4079],[128.8471,36.4029],[128.8513,36.3993],[128.852,36.3944],[128.8504,36.3883],[128.8596,36.3878],[128.8639,36.385],[128.8712,36.3782],[128.8776,36.3751],[128.8721,36.3661],[128.8762,36.3647],[128.8807,36.3592],[128.8808,36.3562],[128.8771,36.3485],[128.8766,36.3448],[128.8856,36.3434],[128.8897,36.3338],[128.8886,36.3307],[128.8929,36.3258],[128.8928,36.3209],[128.8875,36.3164],[128.8874,36.3119],[128.8914,36.3055],[128.8893,36.2974],[128.8983,36.2959],[128.9128,36.2985],[128.9195,36.3049],[128.9267,36.3066],[128.9308,36.3057],[128.9323,36.3083],[128.933,36.318],[128.9383,36.3221],[128.9403,36.3254],[128.9447,36.3259],[128.9507,36.3358],[128.9566,36.3362],[128.9621,36.3384],[128.9631,36.3427],[128.9661,36.3465],[128.9628,36.3515],[128.9659,36.3565],[128.9662,36.3611],[128.9616,36.3667],[128.9647,36.3692],[128.9674,36.3778],[128.9747,36.3867],[128.9758,36.3926],[128.9806,36.3995],[128.9796,36.4028],[128.9839,36.4046],[128.9838,36.4136],[128.9818,36.4176],[128.9817,36.424],[128.9731,36.4315],[128.9732,36.4391],[128.976,36.443],[128.9724,36.4511],[128.9703,36.4523],[128.9688,36.4631],[128.9734,36.4669],[128.9851,36.4628],[128.9852,36.4651],[128.9796,36.4687],[128.9806,36.4759],[128.9749,36.4797],[128.9755,36.4842],[128.9828,36.4862],[128.9883,36.4909],[128.9897,36.4955],[128.9956,36.5002]]]},"properties":{"sigun":"안동시","emd":"길안면","code":"4717039000"}},
{"type":"Feature","geometry":{"type":"Polygon","coordinates":[[[128.9918,36.6889],[128.985,36.6892],[128.9777,36.6881],[128.9731,36.6809],[128.9638,36.6779],[128.9579,36.6706],[128.9605,36.6672],[128.9568,36.6567],[128.9602,36.652],[128.9568,36.648],[128.9584,36.6416],[128.9382,36.6324],[128.9347,36.6243],[128.9295,36.622],[128.9227,36.6168],[128.9215,36.6221],[128.9161,36.6233],[128.9089,36.6193],[128.9042,36.6187],[128.899,36.6158],[128.8925,36.6091],[128.888,36.6108],[128.8842,36.6089],[128.8778,36.6093],[128.8681,36.6083],[128.8652,36.6069],[128.8629,36.6014],[128.8699,36.5963],[128.8598,36.5776],[128.8623,36.5723],[128.8622,36.5683],[128.8658,36.5644],[128.8622,36.5616],[128.8612,36.5573],[128.8678,36.5523],[128.8687,36.5468],[128.8751,36.5406],[128.8824,36.5399],[128.8872,36.5374],[128.8886,36.5286],[128.888,36.522],[128.8827,36.5148],[128.8816,36.5074],[128.8882,36.505],[128.8959,36.5086],[128.9029,36.5148],[128.9153,36.5164],[128.9238,36.5163],[128.9289,36.5107],[128.9311,36.5141],[128.9351,36.5142],[128.9441,36.5039],[128.9541,36.5035],[128.9572,36.5054],[128.9581,36.5111],[128.9621,36.5137],[128.967,36.5122],[128.9659,36.5088],[128.9691,36.5019],[128.9727,36.4975],[128.977,36.4952],[128.9823,36.4951],[128.9857,36.4982],[128.9956,36.5002],[128.9951,36.5051],[128.9971,36.5101],[128.992,36.5172],[128.9857,36.5157],[128.9837,36.5179],[128.9822,36.5249],[128.9754,36.5273],[128.9719,36.5312],[128.9755,36.5404],[128.9741,36.5484],[128.9791,36.5457],[128.9917,36.5493],[128.9895,36.5553],[128.9843,36.5608],[128.9794,36.5608],[128.9797,36.5649],[128.9839,36.5678],[128.9841,36.5732],[128.9906,36.5771],[128.9921,36.5814],[128.9995,36.5869],[128.999,36.5935],[128.9997,36.6008],[128.9961,36.6088],[128.9978,36.6119],[128.9966,36.6185],[128.9911,36.6234],[128.9916,36.6364],[128.9947,36.6419],[128.9899,36.648],[128.9964,36.6552],[128.9952,36.6618],[128.9905,36.664],[128.9937,36.6695],[128.9902,36.6742],[128.9945,36.6815],[128.9918,36.6889]]]},"properties":{"sigun":"안동시","emd":"임동면","code":"4717040000"}},
{"type":"Feature","geometry":{"type":"Polygon","coordinates":[[[128.9902,36.7471],[128.9825,36.7461],[128.9698,36.7472],[128.9682,36.7506],[128.964,36.7522],[128.9588,36.7655],[128.9546,36.7703],[128.9466,36.7735],[128.9424,36.7738],[128.9313,36.7679],[128.926,36.7691],[128.9206,36.7673],[128.9201,36.7585],[128.9169,36.7539],[128.9191,36.7452],[128.918,36.7408],[128.9138,36.736],[128.9069,36.7356],[128.9018,36.7318],[128.9001,36.7258],[128.9043,36.7191],[128.9042,36.7132],[128.8969,36.7094],[128.8913,36.7114],[128.8846,36.712],[128.8816,36.7138],[128.8699,36.7122],[128.8662,36.7156],[128.8613,36.715],[128.8559,36.7114],[128.8499,36.7124],[128.8458,36.7159],[128.8412,36.7135],[128.8399,36.7029],[128.8533,36.6971],[128.8567,36.6919],[128.8527,36.6865],[128.8384,36.6912],[128.8285,36.6936],[128.8187,36.6923],[128.82,36.6811],[128.8167,36.678],[128.8212,36.674],[128.8307,36.6742],[128.8332,36.6726],[128.8368,36.663],[128.8405,36.6595],[128.8477,36.6582],[128.8513,36.6558],[128.8508,36.6385],[128.8471,36.6367],[128.8359,36.6376],[128.8374,36.6299],[128.8477,36.6235],[128.8477,36.6183],[128.856,36.6185],[128.8576,36.6155],[128.8542,36.6029],[128.8545,36.5982],[128.8577,36.595],[128.8699,36.5963],[128.8629,36.6014],[128.8652,36.6069],[128.8681,36.6083],[128.8778,36.6093],[128.8842,36.6089],[128.888,36.6108],[128.8925,36.6091],[128.899,36.6158],[128.9042,36.6187],[128.9089,36.6193],[128.9161,36.6233],[128.9215,36.6221],[128.9227,36.6168],[128.9295,36.622],[128.9347,36.6243],[128.9382,36.6324],[128.9584,36.6416],[128.9568,36.648],[128.9602,36.652],[128.9568,36.6567],[128.9605,36.6672],[128.9579,36.6706],[128.9638,36.6779],[128.9731,36.6809],[128.9777,36.6881],[128.985,36.6892],[128.9918,36.6889],[128.9927,36.6928],[128.9974,36.6954],[128.9964,36.7061],[128.9995,36.7144],[128.9995,36.719],[128.9961,36.7226],[128.9972,36.7274],[128.9874,36.7356],[128.9896,36.7383],[128.9902,36.7471]]]},"properties":{"sigun":"안동시","emd":"예안면","code":"4717041000"}},
{"type":"Feature","geometry":{"type":"Polygon","coordinates":[[[128.8412,36.8092],[128.8195,36.8097],[128.8206,36.8055],[128.8178,36.8003],[128.8124,36.7955],[128.8135,36.7885],[128.8108,36.7848],[128.8042,36.7824],[128.8005,36.7831],[128.7953,36.7808],[128.7944,36.7771],[128.7907,36.7732],[128.7955,36.7642],[128.793,36.7529],[128.7876,36.7446],[128.7968,36.7418],[128.7983,36.7377],[128.7951,36.7326],[128.7936,36.7267],[128.7948,36.7236],[128.8019,36.7157],[128.8004,36.7116],[128.7948,36.7134],[128.7872,36.7111],[128.7837,36.7086],[128.7815,36.7003],[128.7855,36.6969],[128.7851,36.6928],[128.7899,36.6942],[128.7968,36.6913],[128.8025,36.6961],[128.8069,36.6913],[128.8187,36.6923],[128.8285,36.6936],[128.8384,36.6912],[128.8527,36.6865],[128.8567,36.6919],[128.8533,36.6971],[128.8399,36.7029],[128.8412,36.7135],[128.8458,36.7159],[128.8499,36.7124],[128.8559,36.7114],[128.8613,36.715],[128.8662,36.7156],[128.8699,36.7122],[128.8816,36.7138],[128.8846,36.712],[128.8913,36.7114],[128.8969,36.7094],[128.9042,36.7132],[128.9043,36.7191],[128.9001,36.7258],[128.9018,36.7318],[128.9069,36.7356],[128.9138,36.736],[128.918,36.7408],[128.9191,36.7452],[128.9169,36.7539],[128.9201,36.7585],[128.9206,36.7673],[128.9126,36.7739],[128.9043,36.7753],[128.8995,36.7735],[128.8914,36.7735],[128.886,36.7781],[128.8846,36.784],[128.8748,36.7849],[128.872,36.7886],[128.8644,36.7944],[128.8639,36.7987],[128.8553,36.8019],[128.8461,36.8023],[128.8434,36.8035],[128.8412,36.8092]]]},"properties":{"sigun":"안동시","emd":"도산면","code":"4717042000"}},
{"type":"Feature","geometry":{"type":"Polygon","coordinates":[[[128.8124,36.7955],[128.8072,36.8006],[128.8034,36.8062],[128.8031,36.8107],[128.8064,36.8206],[128.8014,36.823],[128.7942,36.8149],[128.7905,36.8142],[128.7821,36.8096],[128.777,36.8051],[128.7705,36.8058],[128.7662,36.8028],[128.7587,36.81],[128.755,36.8075],[128.7465,36.8071],[128.7434,36.7961],[128.7419,36.7914],[128.7369,36.7911],[128.7364,36.7832],[128.7454,36.7774],[128.7391,36.7688],[128.7362,36.7663],[128.7378,36.7619],[128.7429,36.7558],[128.7429,36.75],[128.7373,36.7442],[128.7365,36.7389],[128.7319,36.7291],[128.7353,36.7268],[128.7338,36.7209],[128.7308,36.7187],[128.7291,36.7138],[128.7342,36.7096],[128.7378,36.7039],[128.7344,36.7004],[128.7403,36.6981],[128.7451,36.6909],[128.7486,36.6878],[128.752,36.6837],[128.7604,36.6812],[128.7633,36.6826],[128.7719,36.6786],[128.7774,36.6829],[128.7764,36.686],[128.7827,36.6865],[128.7851,36.6928],[128.7855,36.6969],[128.7815,36.7003],[128.7837,36.7086],[128.7872,36.7111],[128.7948,36.7134],[128.8004,36.7116],[128.8019,36.7157],[128.7948,36.7236],[128.7936,36.7267],[128.7951,36.7326],[128.7983,36.7377],[128.7968,36.7418],[128.7876,36.7446],[128.793,36.7529],[128.7955,36.7642],[128.7907,36.7732],[128.7944,36.7771],[128.7953,36.7808],[128.8005,36.7831],[128.8042,36.7824],[128.8108,36.7848],[128.8135,36.7885],[128.8124,36.7955]]]},"properties":{"sigun":"안동시","emd":"녹전면","code":"4717043000"}},
{"type":"Feature","geometry":{"type":"Polygon","coordinates":[[[128.7793,36.5833],[128.7843,36.5867],[128.7792,36.5913],[128.7684,36.5915],[128.7658,36.5882],[128.7584,36.584],[128.756,36.5743],[128.7493,36.5679],[128.747,36.5709],[128.7388,36.5721],[128.7298,36.5674],[128.7276,36.5681],[128.7261,36.564],[128.7272,36.5561],[128.7376,36.5584],[128.7481,36.5653],[128.76,36.5753],[128.7665,36.5827],[128.7724,36.5861],[128.7793,36.5833]]]},"properties":{"sigun":"안동시","emd":"중구동","code":"4717051000"}},
{"type":"Feature","geometry":{"type":"Polygon","coordinates":[[[128.7584,36.584],[128.7523,36.584],[128.75,36.5883],[128.7541,36.5912],[128.7489,36.5956],[128.745,36.5932],[128.7388,36.5986],[128.7327,36.5968],[128.7255,36.5988],[128.7221,36.5914],[128.7157,36.585],[128.7241,36.5847],[128.7278,36.5819],[128.7262,36.5785],[128.7281,36.574],[128.7276,36.5681],[128.7298,36.5674],[128.7388,36.5721],[128.747,36.5709],[128.7493,36.5679],[128.756,36.5743],[128.7584,36.584]]]},"properties":{"sigun":"안동시","emd":"명륜동","code":"4717052000"}},
{"type":"Feature","geometry":{"type":"Polygon","coordinates":[[[128.8198,36.5826],[128.8131,36.5861],[128.8064,36.5859],[128.7913,36.5813],[128.7844,36.5803],[128.7793,36.5833],[128.7724,36.5861],[128.7665,36.5827],[128.76,36.5753],[128.7481,36.5653],[128.7376,36.5584],[128.7485,36.5536],[128.7608,36.546],[128.767,36.5447],[128.7693,36.5448],[128.7794,36.5509],[128.7828,36.5492],[128.7819,36.5443],[128.7894,36.5385],[128.7986,36.536],[128.8112,36.5361],[128.8206,36.5394],[128.8246,36.5441],[128.8248,36.5493],[128.8182,36.5492],[128.8089,36.5515],[128.8069,36.5547],[128.8087,36.5663],[128.8141,36.572],[128.8163,36.5782],[128.8198,36.5826]]]},"properties":{"sigun":"안동시","emd":"용상동","code":"4717055500"}},
{"type":"Feature","geometry":{"type":"Polygon","coordinates":[[[128.718,36.5666],[128.7129,36.5663],[128.71,36.5711],[128.7069,36.5723],[128.7028,36.5681],[128.7034,36.5611],[128.6988,36.5537],[128.7027,36.5511],[128.7098,36.5535],[128.718,36.5548],[128.7164,36.5605],[128.718,36.5666]]]},"properties":{"sigun":"안동시","emd":"태화동","code":"4717060000"}},
{"type":"Feature","geometry":{"type":"Polygon","coordinates":[[[128.7192,36.571],[128.7104,36.58],[128.7053,36.5758],[128.7069,36.5723],[128.71,36.5711],[128.7129,36.5663],[128.718,36.5666],[128.7192,36.571]]]},"properties":{"sigun":"안동시","emd":"평화동","code":"4717062000"}},
{"type":"Feature","geometry":{"type":"Polygon","coordinates":[[[128.7255,36.5988],[128.7246,36.6015],[128.7265,36.6106],[128.722,36.6126],[128.7164,36.6107],[128.7084,36.6096],[128.7043,36.6072],[128.706,36.6041],[128.702,36.6014],[128.6961,36.6037],[128.6921,36.5997],[128.6965,36.595],[128.7065,36.5919],[128.7104,36.58],[128.7192,36.571],[128.7244,36.574],[128.7281,36.574],[128.7262,36.5785],[128.7278,36.5819],[128.7241,36.5847],[128.7157,36.585],[128.7221,36.5914],[128.7255,36.5988]]]},"properties":{"sigun":"안동시","emd":"안기동","code":"4717063000"}},
{"type":"Feature","geometry":{"type":"Polygon","coordinates":[[[128.7028,36.5681],[128.6982,36.5689],[128.6922,36.567],[128.6917,36.5728],[128.6861,36.573],[128.685,36.567],[128.6863,36.5642],[128.677,36.5617],[128.6808,36.5548],[128.68,36.5479],[128.683,36.5444],[128.6886,36.543],[128.7027,36.5511],[128.6988,36.5537],[128.7034,36.5611],[128.7028,36.5681]]]},"properties":{"sigun":"안동시","emd":"옥동","code":"4717065000"}},
{"type":"Feature","geometry":{"type":"Polygon","coordinates":[[[128.6921,36.5997],[128.6835,36.5989],[128.6749,36.5881],[128.6727,36.5801],[128.6733,36.5777],[128.6716,36.5695],[128.6724,36.5608],[128.677,36.5617],[128.6863,36.5642],[128.685,36.567],[128.6861,36.573],[128.6917,36.5728],[128.6922,36.567],[128.6982,36.5689],[128.7028,36.5681],[128.7069,36.5723],[128.7053,36.5758],[128.7104,36.58],[128.7065,36.5919],[128.6965,36.595],[128.6921,36.5997]]]},"properties":{"sigun":"안동시","emd":"송하동","code":"4717066000"}},
{"type":"Feature","geometry":{"type":"Polygon","coordinates":[[[128.7281,36.574],[128.7244,36.574],[128.7192,36.571],[128.718,36.5666],[128.7164,36.5605],[128.718,36.5548],[128.7272,36.5561],[128.7261,36.564],[128.7276,36.5681],[128.7281,36.574]]]},"properties":{"sigun":"안동시","emd":"서구동","code":"4717058500"}},
{"type":"Feature","geometry":{"type":"Polygon","coordinates":[[[128.7027,36.5511],[128.6886,36.543],[128.683,36.5444],[128.68,36.5479],[128.6808,36.5548],[128.677,36.5617],[128.6724,36.5608],[128.6703,36.56],[128.6678,36.5525],[128.6647,36.5482],[128.6579,36.5462],[128.6637,36.5451],[128.6688,36.5463],[128.6723,36.5429],[128.6839,36.5391],[128.6848,36.5347],[128.693,36.5255],[128.6978,36.5253],[128.7051,36.53],[128.711,36.5357],[128.7137,36.5366],[128.7173,36.5318],[128.7216,36.5309],[128.7258,36.5338],[128.7327,36.5284],[128.7423,36.5316],[128.748,36.5319],[128.7495,36.5346],[128.7642,36.5364],[128.7685,36.5399],[128.767,36.5447],[128.7608,36.546],[128.7485,36.5536],[128.7376,36.5584],[128.7272,36.5561],[128.718,36.5548],[128.7098,36.5535],[128.7027,36.5511]]]},"properties":{"sigun":"안동시","emd":"강남동","code":"4717069000"}},
{"type":"Feature","geometry":{"type":"Polygon","coordinates":[[[128.3409,36.2683],[128.3432,36.2782],[128.3424,36.285],[128.3364,36.2898],[128.3239,36.2948],[128.3128,36.2855],[128.3066,36.2828],[128.306,36.2777],[128.3039,36.2754],[128.2987,36.2747],[128.294,36.2707],[128.2889,36.2729],[128.2781,36.2705],[128.2739,36.2639],[128.2654,36.2632],[128.2597,36.259],[128.2512,36.2474],[128.246,36.2483],[128.2471,36.2551],[128.2414,36.2621],[128.2358,36.2576],[128.2378,36.2485],[128.231,36.2459],[128.2321,36.236],[128.2258,36.2317],[128.2362,36.2249],[128.2336,36.2185],[128.2342,36.2142],[128.2386,36.2072],[128.2354,36.2061],[128.2337,36.2019],[128.2443,36.1991],[128.2567,36.2011],[128.2654,36.2045],[128.2768,36.202],[128.2842,36.2062],[128.2832,36.2107],[128.2776,36.2146],[128.2747,36.2193],[128.2759,36.2235],[128.2797,36.2253],[128.2854,36.2234],[128.2925,36.2187],[128.3005,36.2193],[128.3038,36.2211],[128.3091,36.2279],[128.3155,36.2295],[128.3248,36.2208],[128.3329,36.2148],[128.3397,36.2161],[128.3439,36.2154],[128.3519,36.2114],[128.3638,36.2118],[128.364,36.219],[128.3593,36.2221],[128.353,36.2294],[128.3473,36.2329],[128.339,36.2409],[128.3354,36.2468],[128.3346,36.2534],[128.3409,36.2683]]]},"properties":{"sigun":"구미시","emd":"선산읍","code":"4719025000"}},
{"type":"Feature","geometry":{"type":"Polygon","coordinates":[[[128.3638,36.2118],[128.3519,36.2114],[128.3439,36.2154],[128.3397,36.2161],[128.3329,36.2148],[128.3248,36.2208],[128.3155,36.2295],[128.3091,36.2279],[128.3038,36.2211],[128.3005,36.2193],[128.2925,36.2187],[128.2854,36.2234],[128.2797,36.2253],[128.2759,36.2235],[128.2747,36.2193],[128.2776,36.2146],[128.2832,36.2107],[128.2842,36.2062],[128.2768,36.202],[128.2654,36.2045],[128.2567,36.2011],[128.2625,36.1976],[128.2713,36.1953],[128.2706,36.1914],[128.2731,36.1824],[128.2702,36.1783],[128.2706,36.1741],[128.278,36.1713],[128.2824,36.1722],[128.2918,36.1707],[128.302,36.1735],[128.3038,36.1689],[128.3147,36.1633],[128.3202,36.154],[128.3285,36.1493],[128.3395,36.1493],[128.3467,36.149],[128.3538,36.1464],[128.3619,36.1382],[128.3725,36.138],[128.377,36.1404],[128.3809,36.1492],[128.3833,36.1526],[128.3815,36.1635],[128.3799,36.1745],[128.3833,36.1809],[128.3812,36.1851],[128.3723,36.1912],[128.3665,36.1938],[128.3621,36.1979],[128.3596,36.2065],[128.3638,36.2118]]]},"properties":{"sigun":"구미시","emd":"고아읍","code":"4719025300"}},
{"type":"Feature","geometry":{"type":"Polygon","coordinates":[[[128.1992,36.2982],[128.1895,36.3006],[128.1849,36.2974],[128.1768,36.2975],[128.1724,36.2998],[128.1663,36.2972],[128.1624,36.2974],[128.1544,36.2943],[128.1484,36.288],[128.1452,36.2889],[128.1402,36.2863],[128.1358,36.28],[128.1328,36.2679],[128.1372,36.261],[128.137,36.2572],[128.1415,36.2583],[128.1514,36.2565],[128.1619,36.2565],[128.1676,36.2536],[128.1691,36.2485],[128.1732,36.2454],[128.1881,36.2438],[128.1969,36.2447],[128.2017,36.2399],[128.2144,36.2367],[128.2182,36.2306],[128.2258,36.2317],[128.2321,36.236],[128.231,36.2459],[128.2378,36.2485],[128.2358,36.2576],[128.2414,36.2621],[128.2416,36.2651],[128.2379,36.2691],[128.2374,36.2749],[128.2351,36.2772],[128.2299,36.2779],[128.2228,36.2762],[128.2142,36.2766],[128.2087,36.2838],[128.2027,36.2847],[128.2018,36.2896],[128.1965,36.2947],[128.1992,36.2982]]]},"properties":{"sigun":"구미시","emd":"무을면","code":"4719031000"}},
{"type":"Feature","geometry":{"type":"Polygon","coordinates":[[[128.284,36.3473],[128.2775,36.3501],[128.2785,36.355],[128.2759,36.3594],[128.2719,36.3618],[128.2588,36.3619],[128.2533,36.3604],[128.251,36.357],[128.2514,36.3518],[128.2478,36.3509],[128.2379,36.3421],[128.23,36.3298],[128.232,36.3242],[128.2306,36.3204],[128.2309,36.3146],[128.2286,36.3086],[128.2292,36.3044],[128.2185,36.3071],[128.2126,36.3051],[128.2068,36.2989],[128.1992,36.2982],[128.1965,36.2947],[128.2018,36.2896],[128.2027,36.2847],[128.2087,36.2838],[128.2142,36.2766],[128.2228,36.2762],[128.2299,36.2779],[128.2351,36.2772],[128.2374,36.2749],[128.2379,36.2691],[128.2416,36.2651],[128.2414,36.2621],[128.2471,36.2551],[128.246,36.2483],[128.2512,36.2474],[128.2597,36.259],[128.2654,36.2632],[128.2739,36.2639],[128.2781,36.2705],[128.2889,36.2729],[128.294,36.2707],[128.2987,36.2747],[128.3039,36.2754],[128.306,36.2777],[128.3066,36.2828],[128.3128,36.2855],[128.3239,36.2948],[128.3124,36.3027],[128.304,36.3096],[128.286,36.3144],[128.2821,36.3187],[128.2821,36.3244],[128.2874,36.332],[128.2876,36.3377],[128.2908,36.3451],[128.284,36.3473]]]},"properties":{"sigun":"구미시","emd":"옥성면","code":"4719032000"}},
{"type":"Feature","geometry":{"type":"Polygon","coordinates":[[[128.3792,36.3227],[128.3728,36.3248],[128.3667,36.3335],[128.3661,36.3389],[128.3548,36.3439],[128.3508,36.3511],[128.3411,36.3485],[128.3345,36.3488],[128.3309,36.3432],[128.3256,36.3426],[128.3162,36.3354],[128.3141,36.3306],[128.3083,36.3303],[128.3049,36.3326],[128.3046,36.3381],[128.3016,36.3436],[128.2934,36.348],[128.2908,36.3451],[128.2876,36.3377],[128.2874,36.332],[128.2821,36.3244],[128.2821,36.3187],[128.286,36.3144],[128.304,36.3096],[128.3124,36.3027],[128.3239,36.2948],[128.3364,36.2898],[128.3424,36.285],[128.3432,36.2782],[128.3409,36.2683],[128.3465,36.2681],[128.351,36.2716],[128.3585,36.2748],[128.3609,36.2703],[128.3751,36.2704],[128.3815,36.2672],[128.3851,36.2626],[128.392,36.2636],[128.3997,36.2588],[128.4077,36.2573],[128.4166,36.2576],[128.4211,36.2615],[128.4215,36.2686],[128.4265,36.2737],[128.4237,36.2789],[128.414,36.2831],[128.4113,36.2875],[128.4066,36.2875],[128.4016,36.2895],[128.3966,36.2935],[128.3956,36.2975],[128.3908,36.2996],[128.3879,36.3035],[128.3898,36.3079],[128.3872,36.3102],[128.381,36.3124],[128.381,36.3178],[128.3792,36.3227]]]},"properties":{"sigun":"구미시","emd":"도개면","code":"4719033000"}},
{"type":"Feature","geometry":{"type":"Polygon","coordinates":[[[128.4166,36.2576],[128.4077,36.2573],[128.3997,36.2588],[128.392,36.2636],[128.3851,36.2626],[128.3815,36.2672],[128.3751,36.2704],[128.3609,36.2703],[128.3585,36.2748],[128.351,36.2716],[128.3465,36.2681],[128.3409,36.2683],[128.3346,36.2534],[128.3354,36.2468],[128.339,36.2409],[128.3473,36.2329],[128.353,36.2294],[128.3593,36.2221],[128.364,36.219],[128.3638,36.2118],[128.3596,36.2065],[128.3621,36.1979],[128.3665,36.1938],[128.3723,36.1912],[128.3812,36.1851],[128.3833,36.1809],[128.3799,36.1745],[128.3815,36.1635],[128.3939,36.1638],[128.4097,36.1678],[128.4166,36.1655],[128.4205,36.1686],[128.4221,36.1732],[128.4208,36.1764],[128.422,36.1824],[128.4204,36.1862],[128.4253,36.1935],[128.4299,36.1962],[128.429,36.1989],[128.434,36.2049],[128.4419,36.2052],[128.4434,36.2092],[128.4408,36.218],[128.4376,36.2224],[128.4383,36.2266],[128.4346,36.2311],[128.4336,36.2352],[128.4238,36.2366],[128.4238,36.2404],[128.4193,36.2457],[128.4214,36.2506],[128.4166,36.2576]]]},"properties":{"sigun":"구미시","emd":"해평면","code":"4719034000"}},
{"type":"Feature","geometry":{"type":"Polygon","coordinates":[[[128.5043,36.185],[128.5036,36.1928],[128.4947,36.1977],[128.4945,36.2053],[128.4888,36.2134],[128.4896,36.2187],[128.4863,36.2239],[128.4796,36.2245],[128.4861,36.2312],[128.4848,36.2341],[128.478,36.2339],[128.4758,36.2313],[128.4702,36.2293],[128.462,36.2284],[128.4529,36.2233],[128.4408,36.218],[128.4434,36.2092],[128.4419,36.2052],[128.434,36.2049],[128.429,36.1989],[128.4299,36.1962],[128.4253,36.1935],[128.4204,36.1862],[128.422,36.1824],[128.4208,36.1764],[128.4221,36.1732],[128.4205,36.1686],[128.4166,36.1655],[128.4097,36.1678],[128.3939,36.1638],[128.3815,36.1635],[128.3833,36.1526],[128.3809,36.1492],[128.3904,36.1485],[128.4012,36.1528],[128.4051,36.1516],[128.4119,36.1562],[128.4216,36.1531],[128.4253,36.1434],[128.4381,36.1432],[128.4375,36.1386],[128.4481,36.1379],[128.4557,36.1328],[128.4582,36.1338],[128.4697,36.1291],[128.4742,36.129],[128.4799,36.1325],[128.4789,36.1356],[128.4801,36.1423],[128.4792,36.147],[128.4736,36.1576],[128.4773,36.1626],[128.4736,36.1693],[128.4754,36.1761],[128.4826,36.18],[128.4992,36.1754],[128.5026,36.1773],[128.5043,36.185]]]},"properties":{"sigun":"구미시","emd":"산동읍","code":"4719025600"}},
{"type":"Feature","geometry":{"type":"Polygon","coordinates":[[[128.5631,36.1117],[128.5643,36.1148],[128.5619,36.1193],[128.5549,36.1213],[128.5529,36.1284],[128.5486,36.131],[128.5526,36.1385],[128.5481,36.141],[128.5483,36.1479],[128.5505,36.1507],[128.5425,36.1548],[128.5405,36.1616],[128.5444,36.1661],[128.5479,36.1644],[128.5536,36.1653],[128.5543,36.1734],[128.5574,36.178],[128.5491,36.1781],[128.5459,36.1817],[128.5389,36.1937],[128.5241,36.2007],[128.518,36.2005],[128.5126,36.1912],[128.508,36.1862],[128.5043,36.185],[128.5026,36.1773],[128.4992,36.1754],[128.4826,36.18],[128.4754,36.1761],[128.4736,36.1693],[128.4773,36.1626],[128.4736,36.1576],[128.4792,36.147],[128.4801,36.1423],[128.4789,36.1356],[128.4799,36.1325],[128.4742,36.129],[128.4718,36.1265],[128.4692,36.12],[128.4597,36.1173],[128.458,36.1119],[128.4646,36.1092],[128.4729,36.1039],[128.4788,36.105],[128.4827,36.1103],[128.4891,36.1153],[128.4911,36.1217],[128.4944,36.1242],[128.4967,36.1158],[128.5083,36.1107],[128.5152,36.1121],[128.5197,36.1147],[128.5264,36.1115],[128.5348,36.1124],[128.5396,36.1101],[128.5431,36.1122],[128.5481,36.1089],[128.5522,36.1102],[128.5598,36.1092],[128.5631,36.1117]]]},"properties":{"sigun":"구미시","emd":"장천면","code":"4719036000"}},
{"type":"Feature","geometry":{"type":"Polygon","coordinates":[[[128.3586,36.1196],[128.3428,36.1234],[128.337,36.1258],[128.3385,36.1202],[128.3392,36.1144],[128.3448,36.1127],[128.3478,36.1142],[128.3532,36.1131],[128.357,36.1171],[128.3586,36.1196]]]},"properties":{"sigun":"구미시","emd":"송정동","code":"4719051000"}},
{"type":"Feature","geometry":{"type":"Polygon","coordinates":[[[128.3395,36.1493],[128.3285,36.1493],[128.3202,36.154],[128.3211,36.1507],[128.3175,36.1457],[128.3154,36.1388],[128.316,36.1351],[128.3228,36.1316],[128.3313,36.1352],[128.3376,36.1322],[128.3399,36.1396],[128.3425,36.1434],[128.3395,36.1493]]]},"properties":{"sigun":"구미시","emd":"도량동","code":"4719055100"}},
{"type":"Feature","geometry":{"type":"Polygon","coordinates":[[[128.3725,36.138],[128.3619,36.1382],[128.3538,36.1464],[128.3467,36.149],[128.3395,36.1493],[128.3425,36.1434],[128.3399,36.1396],[128.3376,36.1322],[128.3515,36.1257],[128.3626,36.128],[128.3706,36.1264],[128.3737,36.1247],[128.3795,36.1263],[128.379,36.129],[128.3748,36.1325],[128.3725,36.138]]]},"properties":{"sigun":"구미시","emd":"지산동","code":"4719055500"}},
{"type":"Feature","geometry":{"type":"Polygon","coordinates":[[[128.3202,36.154],[128.3147,36.1633],[128.3038,36.1689],[128.302,36.1735],[128.2918,36.1707],[128.2951,36.1683],[128.2907,36.1541],[128.2875,36.1529],[128.2873,36.1474],[128.2804,36.1429],[128.2871,36.1382],[128.2944,36.1354],[128.2941,36.1307],[128.2844,36.1215],[128.2774,36.1137],[128.2756,36.1035],[128.2806,36.1018],[128.2924,36.0944],[128.2932,36.091],[128.2977,36.0876],[128.306,36.086],[128.3151,36.0888],[128.3214,36.0918],[128.3306,36.0915],[128.3331,36.0938],[128.3296,36.0997],[128.3268,36.0984],[128.3221,36.1006],[128.3216,36.1094],[128.3243,36.1184],[128.3292,36.1201],[128.3385,36.1202],[128.337,36.1258],[128.3228,36.1316],[128.316,36.1351],[128.3154,36.1388],[128.3175,36.1457],[128.3211,36.1507],[128.3202,36.154]]]},"properties":{"sigun":"구미시","emd":"선주원남동","code":"4719056500"}},
{"type":"Feature","geometry":{"type":"Polygon","coordinates":[[[128.3385,36.1202],[128.3292,36.1201],[128.3243,36.1184],[128.3216,36.1094],[128.3274,36.111],[128.3348,36.1099],[128.3392,36.1122],[128.3473,36.1084],[128.3475,36.1088],[128.3448,36.1127],[128.3392,36.1144],[128.3385,36.1202]]]},"properties":{"sigun":"구미시","emd":"형곡1동","code":"4719058200"}},
{"type":"Feature","geometry":{"type":"Polygon","coordinates":[[[128.3473,36.1084],[128.3392,36.1122],[128.3348,36.1099],[128.3274,36.111],[128.3216,36.1094],[128.3221,36.1006],[128.3268,36.0984],[128.3296,36.0997],[128.3331,36.0938],[128.3413,36.0962],[128.3437,36.0989],[128.3473,36.1084]]]},"properties":{"sigun":"구미시","emd":"형곡2동","code":"4719058300"}},
{"type":"Feature","geometry":{"type":"Polygon","coordinates":[[[128.366,36.1222],[128.363,36.1233],[128.3628,36.1275],[128.3579,36.1257],[128.3566,36.1223],[128.3586,36.1196],[128.357,36.1171],[128.3663,36.112],[128.366,36.1222]]]},"properties":{"sigun":"구미시","emd":"신평1동","code":"4719059000"}},
{"type":"Feature","geometry":{"type":"Polygon","coordinates":[[[128.3706,36.1264],[128.3626,36.128],[128.3628,36.1275],[128.363,36.1233],[128.366,36.1222],[128.3706,36.1264]]]},"properties":{"sigun":"구미시","emd":"신평2동","code":"4719060000"}},
{"type":"Feature","geometry":{"type":"Polygon","coordinates":[[[128.3982,36.0922],[128.396,36.111],[128.3664,36.1109],[128.3665,36.1021],[128.3636,36.1006],[128.3615,36.0918],[128.3682,36.09],[128.3763,36.0835],[128.3826,36.074],[128.3984,36.0904],[128.3982,36.0922]]]},"properties":{"sigun":"구미시","emd":"공단동","code":"4719070000"}},
{"type":"Feature","geometry":{"type":"Polygon","coordinates":[[[128.357,36.1171],[128.3532,36.1131],[128.3478,36.1142],[128.3448,36.1127],[128.3475,36.1088],[128.3583,36.1041],[128.3636,36.1006],[128.3665,36.1021],[128.3664,36.1109],[128.3663,36.112],[128.357,36.1171]]]},"properties":{"sigun":"구미시","emd":"광평동","code":"4719063000"}},
{"type":"Feature","geometry":{"type":"Polygon","coordinates":[[[128.3636,36.1006],[128.3583,36.1041],[128.3475,36.1088],[128.3473,36.1084],[128.3437,36.0989],[128.3413,36.0962],[128.3331,36.0938],[128.3306,36.0915],[128.3361,36.0822],[128.3409,36.0817],[128.3453,36.0769],[128.3521,36.0792],[128.3589,36.0842],[128.3584,36.0902],[128.3615,36.0918],[128.3636,36.1006]]]},"properties":{"sigun":"구미시","emd":"상모사곡동","code":"4719064500"}},
{"type":"Feature","geometry":{"type":"Polygon","coordinates":[[[128.3615,36.0918],[128.3584,36.0902],[128.3589,36.0842],[128.3521,36.0792],[128.3453,36.0769],[128.347,36.0717],[128.3586,36.0637],[128.3615,36.0607],[128.3655,36.0618],[128.3711,36.0661],[128.3786,36.0655],[128.385,36.0702],[128.3826,36.074],[128.3763,36.0835],[128.3682,36.09],[128.3615,36.0918]]]},"properties":{"sigun":"구미시","emd":"임오동","code":"4719066000"}},
{"type":"Feature","geometry":{"type":"Polygon","coordinates":[[[128.458,36.1119],[128.4517,36.1142],[128.4482,36.1172],[128.4428,36.1189],[128.4349,36.1245],[128.4271,36.1247],[128.4207,36.1228],[128.4163,36.1191],[128.41,36.1176],[128.4175,36.1109],[128.4176,36.1083],[128.4251,36.1],[128.4308,36.0949],[128.4306,36.0879],[128.4273,36.0857],[128.4235,36.0869],[128.4241,36.0842],[128.4293,36.0803],[128.4435,36.0788],[128.4535,36.0724],[128.4627,36.0697],[128.4688,36.0727],[128.4634,36.0792],[128.465,36.0833],[128.4746,36.0898],[128.4769,36.0928],[128.4754,36.0987],[128.4795,36.1015],[128.4788,36.105],[128.4729,36.1039],[128.4646,36.1092],[128.458,36.1119]]]},"properties":{"sigun":"구미시","emd":"인동동","code":"4719067000"}},
{"type":"Feature","geometry":{"type":"Polygon","coordinates":[[[128.41,36.1176],[128.4048,36.1229],[128.3974,36.1254],[128.3913,36.1208],[128.3954,36.1164],[128.396,36.111],[128.3982,36.0922],[128.4037,36.0919],[128.4085,36.0833],[128.4157,36.0826],[128.4235,36.0869],[128.4273,36.0857],[128.4306,36.0879],[128.4308,36.0949],[128.4251,36.1],[128.4176,36.1083],[128.4175,36.1109],[128.41,36.1176]]]},"properties":{"sigun":"구미시","emd":"진미동","code":"4719068000"}},
{"type":"Feature","geometry":{"type":"Polygon","coordinates":[[[128.4742,36.129],[128.4697,36.1291],[128.4582,36.1338],[128.4557,36.1328],[128.4481,36.1379],[128.4375,36.1386],[128.4381,36.1432],[128.4253,36.1434],[128.4216,36.1531],[128.4119,36.1562],[128.4051,36.1516],[128.4012,36.1528],[128.3904,36.1485],[128.3809,36.1492],[128.377,36.1404],[128.3725,36.138],[128.3748,36.1325],[128.379,36.129],[128.3795,36.1263],[128.3913,36.1208],[128.3974,36.1254],[128.4048,36.1229],[128.41,36.1176],[128.4163,36.1191],[128.4207,36.1228],[128.4271,36.1247],[128.4349,36.1245],[128.4428,36.1189],[128.4482,36.1172],[128.4517,36.1142],[128.458,36.1119],[128.4597,36.1173],[128.4692,36.12],[128.4718,36.1265],[128.4742,36.129]]]},"properties":{"sigun":"구미시","emd":"양포동","code":"4719069000"}},
{"type":"Feature","geometry":{"type":"Polygon","coordinates":[[[128.485,36.9575],[128.4762,36.9572],[128.4678,36.9518],[128.4632,36.9474],[128.4628,36.9421],[128.4602,36.934],[128.457,36.9338],[128.4452,36.9282],[128.4419,36.9279],[128.4454,36.9178],[128.4449,36.9138],[128.4401,36.9014],[128.4361,36.897],[128.427,36.8893],[128.4271,36.881],[128.4244,36.8765],[128.4325,36.8754],[128.4386,36.8733],[128.4489,36.8634],[128.458,36.8631],[128.466,36.8649],[128.4741,36.8648],[128.4819,36.8668],[128.4938,36.8683],[128.498,36.8716],[128.5059,36.8747],[128.5117,36.874],[128.5299,36.8638],[128.5365,36.861],[128.5463,36.8582],[128.5559,36.878],[128.5478,36.8803],[128.5484,36.8847],[128.5531,36.8935],[128.5515,36.897],[128.5459,36.9029],[128.5376,36.9045],[128.5332,36.907],[128.532,36.9134],[128.5276,36.9155],[128.5228,36.9253],[128.5153,36.9295],[128.5115,36.9406],[128.5039,36.9484],[128.4994,36.9489],[128.491,36.9527],[128.485,36.9575]]]},"properties":{"sigun":"영주시","emd":"풍기읍","code":"4721025000"}},
{"type":"Feature","geometry":{"type":"Polygon","coordinates":[[[128.7366,36.8442],[128.7324,36.8469],[128.7271,36.856],[128.7256,36.8604],[128.7286,36.8627],[128.7199,36.8677],[128.7147,36.8645],[128.7054,36.8671],[128.7014,36.8607],[128.6862,36.8633],[128.6815,36.8575],[128.6772,36.8556],[128.6779,36.8503],[128.6734,36.8479],[128.6747,36.8442],[128.6694,36.8434],[128.6654,36.8367],[128.6618,36.8341],[128.6552,36.8361],[128.6455,36.8319],[128.6422,36.825],[128.6483,36.8236],[128.6486,36.8198],[128.6658,36.8185],[128.6716,36.8123],[128.6697,36.808],[128.6649,36.8033],[128.6687,36.8021],[128.6673,36.7967],[128.6621,36.7928],[128.6587,36.7928],[128.6482,36.7898],[128.6426,36.7807],[128.6479,36.7784],[128.6607,36.775],[128.6619,36.7717],[128.6709,36.7639],[128.6759,36.7606],[128.6823,36.759],[128.6836,36.7697],[128.6862,36.7732],[128.6939,36.7747],[128.6976,36.7804],[128.7039,36.7845],[128.7051,36.7874],[128.7028,36.7927],[128.7118,36.7898],[128.7129,36.7948],[128.7165,36.7987],[128.7212,36.8008],[128.7245,36.808],[128.7273,36.8111],[128.7276,36.8188],[128.7183,36.8247],[128.7186,36.8293],[128.7259,36.831],[128.7367,36.8393],[128.7366,36.8442]]]},"properties":{"sigun":"영주시","emd":"이산면","code":"4721031000"}},
{"type":"Feature","geometry":{"type":"Polygon","coordinates":[[[128.7434,36.7961],[128.736,36.8019],[128.7321,36.7916],[128.7256,36.7928],[128.7212,36.8008],[128.7165,36.7987],[128.7129,36.7948],[128.7118,36.7898],[128.7028,36.7927],[128.7051,36.7874],[128.7039,36.7845],[128.6976,36.7804],[128.6939,36.7747],[128.6862,36.7732],[128.6836,36.7697],[128.6823,36.759],[128.6759,36.7606],[128.6709,36.7639],[128.6734,36.7586],[128.6773,36.7545],[128.6725,36.7507],[128.6688,36.7452],[128.6597,36.7509],[128.6565,36.7504],[128.6464,36.7395],[128.6467,36.736],[128.6362,36.7358],[128.642,36.7241],[128.6391,36.7202],[128.6442,36.7156],[128.652,36.7107],[128.6595,36.7125],[128.6628,36.7148],[128.6729,36.7077],[128.6728,36.705],[128.6786,36.6992],[128.692,36.7025],[128.6984,36.7064],[128.703,36.7021],[128.7091,36.6998],[128.7163,36.7034],[128.7206,36.7025],[128.7222,36.6992],[128.7274,36.6956],[128.7307,36.6961],[128.7344,36.7004],[128.7378,36.7039],[128.7342,36.7096],[128.7291,36.7138],[128.7308,36.7187],[128.7338,36.7209],[128.7353,36.7268],[128.7319,36.7291],[128.7365,36.7389],[128.7373,36.7442],[128.7429,36.75],[128.7429,36.7558],[128.7378,36.7619],[128.7362,36.7663],[128.7391,36.7688],[128.7454,36.7774],[128.7364,36.7832],[128.7369,36.7911],[128.7419,36.7914],[128.7434,36.7961]]]},"properties":{"sigun":"영주시","emd":"평은면","code":"4721032000"}},
{"type":"Feature","geometry":{"type":"Polygon","coordinates":[[[128.6482,36.7898],[128.6392,36.7907],[128.6338,36.7949],[128.6304,36.7931],[128.633,36.7893],[128.6325,36.784],[128.6279,36.781],[128.6225,36.7804],[128.6196,36.7779],[128.6223,36.7719],[128.6159,36.7725],[128.6114,36.7828],[128.6082,36.7844],[128.6021,36.7784],[128.6002,36.774],[128.6017,36.7624],[128.6013,36.7562],[128.5993,36.7536],[128.5965,36.7449],[128.5975,36.7428],[128.5898,36.7386],[128.5852,36.7344],[128.5817,36.736],[128.5785,36.7321],[128.577,36.7299],[128.5762,36.7249],[128.5801,36.723],[128.5804,36.7199],[128.5853,36.7091],[128.589,36.7055],[128.5897,36.7009],[128.596,36.7008],[128.5976,36.7028],[128.5958,36.7123],[128.6002,36.7153],[128.6083,36.7169],[128.6155,36.7119],[128.6208,36.7157],[128.6274,36.7168],[128.6304,36.7198],[128.6391,36.7202],[128.642,36.7241],[128.6362,36.7358],[128.6467,36.736],[128.6464,36.7395],[128.6565,36.7504],[128.6597,36.7509],[128.6688,36.7452],[128.6725,36.7507],[128.6773,36.7545],[128.6734,36.7586],[128.6709,36.7639],[128.6619,36.7717],[128.6607,36.775],[128.6479,36.7784],[128.6426,36.7807],[128.6482,36.7898]]]},"properties":{"sigun":"영주시","emd":"문수면","code":"4721033000"}},
{"type":"Feature","geometry":{"type":"Polygon","coordinates":[[[128.5932,36.8158],[128.5861,36.8203],[128.5813,36.8284],[128.5726,36.8285],[128.5706,36.8261],[128.5743,36.8204],[128.5743,36.8153],[128.5666,36.808],[128.5597,36.8043],[128.5523,36.8068],[128.5459,36.8062],[128.5393,36.7895],[128.5304,36.7945],[128.5274,36.7941],[128.5215,36.7899],[128.5185,36.7905],[128.5112,36.7883],[128.5111,36.781],[128.5153,36.7696],[128.519,36.7714],[128.5231,36.7702],[128.5301,36.7709],[128.5366,36.7734],[128.5419,36.7676],[128.5517,36.7654],[128.5558,36.761],[128.5614,36.7601],[128.566,36.7526],[128.5671,36.7473],[128.5707,36.743],[128.569,36.7387],[128.5785,36.7321],[128.5817,36.736],[128.5852,36.7344],[128.5898,36.7386],[128.5975,36.7428],[128.5965,36.7449],[128.5993,36.7536],[128.6013,36.7562],[128.6017,36.7624],[128.6002,36.774],[128.6021,36.7784],[128.6082,36.7844],[128.6044,36.7873],[128.6026,36.7915],[128.5927,36.7894],[128.5883,36.7902],[128.5958,36.8001],[128.5962,36.805],[128.5925,36.8108],[128.5932,36.8158]]]},"properties":{"sigun":"영주시","emd":"장수면","code":"4721034000"}},
{"type":"Feature","geometry":{"type":"Polygon","coordinates":[[[128.5988,36.8791],[128.5951,36.8811],[128.5876,36.8812],[128.583,36.8847],[128.5771,36.8831],[128.5711,36.885],[128.5665,36.8898],[128.5669,36.8976],[128.5609,36.8985],[128.5515,36.897],[128.5531,36.8935],[128.5484,36.8847],[128.5478,36.8803],[128.5559,36.878],[128.5463,36.8582],[128.5365,36.861],[128.5326,36.8537],[128.5355,36.8517],[128.5326,36.8439],[128.528,36.8399],[128.53,36.8359],[128.526,36.8308],[128.5224,36.8219],[128.5233,36.8179],[128.5207,36.8043],[128.5138,36.7953],[128.5112,36.7883],[128.5185,36.7905],[128.5215,36.7899],[128.5274,36.7941],[128.5304,36.7945],[128.5393,36.7895],[128.5459,36.8062],[128.5523,36.8068],[128.5597,36.8043],[128.5666,36.808],[128.5743,36.8153],[128.5743,36.8204],[128.5706,36.8261],[128.5652,36.8297],[128.5678,36.8372],[128.5723,36.8403],[128.5828,36.8413],[128.5881,36.8503],[128.59,36.8576],[128.592,36.859],[128.5912,36.8647],[128.6,36.8621],[128.6006,36.8666],[128.6097,36.8684],[128.6098,36.8692],[128.6086,36.8714],[128.601,36.8742],[128.5988,36.8791]]]},"properties":{"sigun":"영주시","emd":"안정면","code":"4721035000"}},
{"type":"Feature","geometry":{"type":"Polygon","coordinates":[[[128.5365,36.861],[128.5299,36.8638],[128.5117,36.874],[128.5059,36.8747],[128.498,36.8716],[128.4938,36.8683],[128.4819,36.8668],[128.4741,36.8648],[128.466,36.8649],[128.458,36.8631],[128.4489,36.8634],[128.4471,36.8546],[128.4491,36.8489],[128.4593,36.8456],[128.4621,36.8468],[128.473,36.8407],[128.4813,36.8349],[128.4825,36.8299],[128.4783,36.824],[128.4771,36.8182],[128.4743,36.8169],[128.471,36.8035],[128.4741,36.7998],[128.4765,36.7866],[128.4743,36.7817],[128.4748,36.7767],[128.4822,36.7767],[128.4957,36.7696],[128.4991,36.7649],[128.5064,36.7638],[128.5153,36.7696],[128.5111,36.781],[128.5112,36.7883],[128.5138,36.7953],[128.5207,36.8043],[128.5233,36.8179],[128.5224,36.8219],[128.526,36.8308],[128.53,36.8359],[128.528,36.8399],[128.5326,36.8439],[128.5355,36.8517],[128.5326,36.8537],[128.5365,36.861]]]},"properties":{"sigun":"영주시","emd":"봉현면","code":"4721036000"}},
{"type":"Feature","geometry":{"type":"Polygon","coordinates":[[[128.5988,36.8791],[128.5994,36.886],[128.594,36.8867],[128.5925,36.8929],[128.5884,36.9037],[128.588,36.9077],[128.5909,36.913],[128.5903,36.918],[128.594,36.9246],[128.5904,36.928],[128.5902,36.9319],[128.5941,36.936],[128.5924,36.9457],[128.5892,36.9478],[128.5847,36.9474],[128.5779,36.9515],[128.5686,36.9523],[128.5643,36.9564],[128.5465,36.9681],[128.5361,36.974],[128.5235,36.9767],[128.5136,36.9768],[128.5068,36.972],[128.5049,36.9691],[128.4855,36.9617],[128.485,36.9575],[128.491,36.9527],[128.4994,36.9489],[128.5039,36.9484],[128.5115,36.9406],[128.5153,36.9295],[128.5228,36.9253],[128.5276,36.9155],[128.532,36.9134],[128.5332,36.907],[128.5376,36.9045],[128.5459,36.9029],[128.5515,36.897],[128.5609,36.8985],[128.5669,36.8976],[128.5665,36.8898],[128.5711,36.885],[128.5771,36.8831],[128.583,36.8847],[128.5876,36.8812],[128.5951,36.8811],[128.5988,36.8791]]]},"properties":{"sigun":"영주시","emd":"순흥면","code":"4721037000"}},
{"type":"Feature","geometry":{"type":"Polygon","coordinates":[[[128.6303,37.039],[128.6193,37.0495],[128.6088,37.0526],[128.6072,37.0502],[128.6068,37.0434],[128.5919,37.0423],[128.5839,37.0439],[128.5766,37.0355],[128.5721,37.0361],[128.5677,37.0341],[128.5652,37.0309],[128.5669,37.0265],[128.5728,37.0219],[128.5699,37.0137],[128.5629,37.008],[128.5564,37.0057],[128.5547,36.9982],[128.5451,36.9931],[128.5381,36.9908],[128.5262,36.9902],[128.516,36.9869],[128.5129,36.9808],[128.5136,36.9768],[128.5235,36.9767],[128.5361,36.974],[128.5465,36.9681],[128.5643,36.9564],[128.5686,36.9523],[128.5779,36.9515],[128.5847,36.9474],[128.5892,36.9478],[128.5924,36.9457],[128.5941,36.936],[128.5902,36.9319],[128.5904,36.928],[128.594,36.9246],[128.5903,36.918],[128.5909,36.913],[128.588,36.9077],[128.5884,36.9037],[128.5925,36.8929],[128.594,36.8867],[128.5994,36.886],[128.5988,36.8791],[128.601,36.8742],[128.6086,36.8714],[128.6098,36.8692],[128.6128,36.8716],[128.6255,36.877],[128.6302,36.8766],[128.6302,36.8806],[128.6374,36.8877],[128.641,36.8913],[128.6428,36.8961],[128.6373,36.897],[128.6352,36.9002],[128.6358,36.9082],[128.6394,36.9127],[128.6362,36.9213],[128.627,36.9187],[128.6227,36.9193],[128.6172,36.9161],[128.6124,36.9154],[128.6139,36.9222],[128.6263,36.9341],[128.6218,36.9369],[128.621,36.9406],[128.6286,36.9529],[128.6261,36.959],[128.6291,36.9614],[128.6275,36.9664],[128.6282,36.971],[128.6206,36.9764],[128.6225,36.9824],[128.6159,36.9905],[128.6122,36.9937],[128.6114,36.9981],[128.6073,37.0029],[128.5988,37.0059],[128.5973,37.0082],[128.6052,37.0141],[128.6115,37.0148],[128.6194,37.0196],[128.6243,37.0184],[128.6329,37.0198],[128.6382,37.0263],[128.6388,37.0332],[128.6344,37.0376],[128.6303,37.039]]]},"properties":{"sigun":"영주시","emd":"단산면","code":"4721038000"}},
{"type":"Feature","geometry":{"type":"Polygon","coordinates":[[[128.7089,37.0392],[128.7007,37.041],[128.6887,37.0531],[128.6837,37.0516],[128.6754,37.0588],[128.6639,37.0609],[128.6575,37.0611],[128.6557,37.0646],[128.6522,37.0655],[128.6446,37.0619],[128.6424,37.0558],[128.6376,37.0514],[128.6303,37.039],[128.6344,37.0376],[128.6388,37.0332],[128.6382,37.0263],[128.6329,37.0198],[128.6243,37.0184],[128.6194,37.0196],[128.6115,37.0148],[128.6052,37.0141],[128.5973,37.0082],[128.5988,37.0059],[128.6073,37.0029],[128.6114,36.9981],[128.6122,36.9937],[128.6159,36.9905],[128.6225,36.9824],[128.6206,36.9764],[128.6282,36.971],[128.6275,36.9664],[128.6291,36.9614],[128.6261,36.959],[128.6286,36.9529],[128.621,36.9406],[128.6218,36.9369],[128.6263,36.9341],[128.6139,36.9222],[128.6124,36.9154],[128.6172,36.9161],[128.6227,36.9193],[128.627,36.9187],[128.6362,36.9213],[128.6394,36.9127],[128.6358,36.9082],[128.6352,36.9002],[128.6373,36.897],[128.6428,36.8961],[128.648,36.9053],[128.6491,36.9095],[128.6545,36.9115],[128.6592,36.9102],[128.6684,36.9198],[128.6664,36.9234],[128.6601,36.9284],[128.6617,36.938],[128.6666,36.9424],[128.6752,36.9457],[128.6782,36.9537],[128.6814,36.9534],[128.6863,36.9598],[128.6869,36.9689],[128.693,36.9738],[128.6902,36.9793],[128.692,36.9916],[128.6942,36.9984],[128.6929,37.0039],[128.7014,37.0129],[128.7001,37.0248],[128.7023,37.0322],[128.7056,37.0341],[128.7089,37.0392]]]},"properties":{"sigun":"영주시","emd":"부석면","code":"4721039000"}},
{"type":"Feature","geometry":{"type":"Polygon","coordinates":[[[128.6694,36.8434],[128.6641,36.8416],[128.6599,36.8495],[128.6552,36.8526],[128.6433,36.8556],[128.6419,36.8573],[128.6443,36.8634],[128.6558,36.8692],[128.6553,36.8726],[128.6501,36.8779],[128.6444,36.8801],[128.6382,36.885],[128.6374,36.8877],[128.6302,36.8806],[128.6302,36.8766],[128.6255,36.877],[128.6128,36.8716],[128.6098,36.8692],[128.6097,36.8684],[128.6074,36.861],[128.6178,36.8538],[128.6219,36.8494],[128.6214,36.8464],[128.6271,36.8447],[128.6239,36.8404],[128.6248,36.8359],[128.627,36.8277],[128.6322,36.8273],[128.6354,36.8248],[128.6422,36.825],[128.6455,36.8319],[128.6552,36.8361],[128.6618,36.8341],[128.6654,36.8367],[128.6694,36.8434]]]},"properties":{"sigun":"영주시","emd":"상망동","code":"4721051000"}},
{"type":"Feature","geometry":{"type":"Polygon","coordinates":[[[128.6422,36.825],[128.6354,36.8248],[128.6322,36.8273],[128.627,36.8277],[128.6244,36.8221],[128.626,36.8208],[128.6331,36.82],[128.6372,36.8223],[128.6412,36.8208],[128.6442,36.8172],[128.6486,36.8198],[128.6483,36.8236],[128.6422,36.825]]]},"properties":{"sigun":"영주시","emd":"하망동","code":"4721052500"}},
{"type":"Feature","geometry":{"type":"Polygon","coordinates":[[[128.627,36.8277],[128.6248,36.8359],[128.6189,36.8325],[128.6139,36.8315],[128.6131,36.8258],[128.6185,36.827],[128.6244,36.8221],[128.627,36.8277]]]},"properties":{"sigun":"영주시","emd":"영주1동","code":"4721055000"}},
{"type":"Feature","geometry":{"type":"Polygon","coordinates":[[[128.6244,36.8221],[128.6185,36.827],[128.6131,36.8258],[128.6153,36.8207],[128.6208,36.8193],[128.626,36.8208],[128.6244,36.8221]]]},"properties":{"sigun":"영주시","emd":"영주2동","code":"4721056000"}},
{"type":"Feature","geometry":{"type":"Polygon","coordinates":[[[128.6486,36.8198],[128.6442,36.8172],[128.6412,36.8208],[128.6372,36.8223],[128.6331,36.82],[128.626,36.8208],[128.6276,36.8138],[128.6311,36.8126],[128.6314,36.802],[128.6358,36.8021],[128.638,36.8066],[128.6463,36.81],[128.6514,36.8106],[128.6596,36.803],[128.6649,36.8033],[128.6697,36.808],[128.6716,36.8123],[128.6658,36.8185],[128.6486,36.8198]]]},"properties":{"sigun":"영주시","emd":"휴천1동","code":"4721059000"}},
{"type":"Feature","geometry":{"type":"Polygon","coordinates":[[[128.6133,36.8022],[128.6188,36.8016],[128.6235,36.8048],[128.6267,36.8039],[128.6276,36.8105],[128.6208,36.8193],[128.6206,36.8139],[128.616,36.8077],[128.6103,36.8051],[128.6133,36.8022]]]},"properties":{"sigun":"영주시","emd":"휴천2동","code":"4721060000"}},
{"type":"Feature","geometry":{"type":"Polygon","coordinates":[[[128.6649,36.8033],[128.6596,36.803],[128.6514,36.8106],[128.6463,36.81],[128.638,36.8066],[128.6358,36.8021],[128.6314,36.802],[128.6311,36.8126],[128.6276,36.8138],[128.626,36.8208],[128.6208,36.8193],[128.6276,36.8105],[128.6267,36.8039],[128.6235,36.8048],[128.6188,36.8016],[128.6133,36.8022],[128.6186,36.7985],[128.6206,36.7951],[128.6143,36.7893],[128.6114,36.7828],[128.6159,36.7725],[128.6223,36.7719],[128.6196,36.7779],[128.6225,36.7804],[128.6279,36.781],[128.6325,36.784],[128.633,36.7893],[128.6304,36.7931],[128.6338,36.7949],[128.6392,36.7907],[128.6482,36.7898],[128.6587,36.7928],[128.6621,36.7928],[128.6673,36.7967],[128.6687,36.8021],[128.6649,36.8033]]]},"properties":{"sigun":"영주시","emd":"휴천3동","code":"4721061000"}},
{"type":"Feature","geometry":{"type":"Polygon","coordinates":[[[128.6208,36.8193],[128.6153,36.8207],[128.6105,36.8173],[128.6025,36.8191],[128.5932,36.8158],[128.5925,36.8108],[128.5962,36.805],[128.5958,36.8001],[128.5883,36.7902],[128.5927,36.7894],[128.6026,36.7915],[128.6044,36.7873],[128.6082,36.7844],[128.6114,36.7828],[128.6143,36.7893],[128.6206,36.7951],[128.6186,36.7985],[128.6133,36.8022],[128.6103,36.8051],[128.616,36.8077],[128.6206,36.8139],[128.6208,36.8193]]]},"properties":{"sigun":"영주시","emd":"가흥1동","code":"4721062000"}},
{"type":"Feature","geometry":{"type":"Polygon","coordinates":[[[128.6097,36.8684],[128.6006,36.8666],[128.6,36.8621],[128.5912,36.8647],[128.592,36.859],[128.59,36.8576],[128.5881,36.8503],[128.5828,36.8413],[128.5723,36.8403],[128.5678,36.8372],[128.5652,36.8297],[128.5706,36.8261],[128.5726,36.8285],[128.5813,36.8284],[128.5861,36.8203],[128.5932,36.8158],[128.6025,36.8191],[128.6105,36.8173],[128.6153,36.8207],[128.6131,36.8258],[128.6139,36.8315],[128.6189,36.8325],[128.6248,36.8359],[128.6239,36.8404],[128.6271,36.8447],[128.6214,36.8464],[128.6219,36.8494],[128.6178,36.8538],[128.6074,36.861],[128.6097,36.8684]]]},"properties":{"sigun":"영주시","emd":"가흥2동","code":"4721063000"}},
{"type":"Feature","geometry":{"type":"Polygon","coordinates":[[[128.9174,35.9508],[128.9072,35.9527],[128.9034,35.9556],[128.8996,35.9633],[128.8963,35.9661],[128.8908,35.9673],[128.8875,35.9656],[128.8811,35.9679],[128.8761,35.9667],[128.876,35.9601],[128.8727,35.9569],[128.8696,35.9573],[128.8651,35.9545],[128.8635,35.9498],[128.8665,35.946],[128.8649,35.9393],[128.8613,35.9373],[128.8622,35.9285],[128.8574,35.9267],[128.8525,35.9203],[128.8566,35.916],[128.8567,35.9116],[128.8532,35.908],[128.8554,35.9057],[128.8553,35.8998],[128.8697,35.8941],[128.8752,35.8882],[128.8816,35.8939],[128.8812,35.8994],[128.8856,35.8984],[128.892,35.8938],[128.8931,35.8969],[128.9011,35.9003],[128.9051,35.8933],[128.9106,35.8944],[128.913,35.8929],[128.9147,35.8879],[128.9219,35.8812],[128.9258,35.8797],[128.9345,35.8837],[128.9402,35.8896],[128.9434,35.8905],[128.9468,35.8992],[128.9454,35.9073],[128.9438,35.9087],[128.9456,35.9184],[128.9434,35.926],[128.9404,35.9241],[128.931,35.9263],[128.9293,35.9235],[128.9232,35.9352],[128.9219,35.9448],[128.9174,35.9508]]]},"properties":{"sigun":"영천시","emd":"금호읍","code":"4723025000"}},
{"type":"Feature","geometry":{"type":"Polygon","coordinates":[[[128.8141,36.023],[128.8083,36.0206],[128.7974,36.0215],[128.7907,36.0251],[128.7834,36.0264],[128.7804,36.0251],[128.7747,36.0276],[128.7735,36.0219],[128.7646,36.0236],[128.7582,36.0267],[128.7518,36.0243],[128.7446,36.0179],[128.7366,36.0158],[128.7337,36.0119],[128.7233,36.006],[128.7289,36.0016],[128.7352,35.9929],[128.74,35.9932],[128.7494,35.9905],[128.752,35.9907],[128.7608,35.9872],[128.7652,35.9839],[128.7725,35.983],[128.7861,35.988],[128.7908,35.9837],[128.7986,35.9817],[128.8073,35.9751],[128.8118,35.9732],[128.8132,35.9654],[128.8278,35.964],[128.8365,35.9681],[128.8415,35.9623],[128.846,35.9629],[128.8522,35.9595],[128.8562,35.9527],[128.8603,35.9431],[128.8613,35.9373],[128.8649,35.9393],[128.8665,35.946],[128.8635,35.9498],[128.8651,35.9545],[128.8696,35.9573],[128.8727,35.9569],[128.876,35.9601],[128.8761,35.9667],[128.8696,35.9697],[128.8692,35.9755],[128.8744,35.9764],[128.8761,35.985],[128.8844,35.9864],[128.8934,35.9835],[128.9003,35.9906],[128.9038,35.9908],[128.9092,35.9949],[128.9144,35.9918],[128.9177,35.9926],[128.9168,35.9952],[128.909,35.9965],[128.9063,36.0002],[128.9039,36.0009],[128.8973,35.996],[128.8938,35.9993],[128.893,36.0052],[128.8843,36.0052],[128.8864,35.9996],[128.8813,35.9991],[128.8727,36.0013],[128.8691,35.995],[128.8644,35.999],[128.8594,36.0002],[128.8544,36.0032],[128.8513,36.0073],[128.8455,36.0114],[128.8407,36.0111],[128.8408,36.0153],[128.8347,36.0175],[128.832,36.0221],[128.8276,36.0241],[128.8141,36.023]]]},"properties":{"sigun":"영천시","emd":"청통면","code":"4723031000"}},
{"type":"Feature","geometry":{"type":"Polygon","coordinates":[[[128.8164,36.0923],[128.8105,36.0888],[128.7985,36.085],[128.791,36.0867],[128.7848,36.0911],[128.7768,36.0948],[128.7706,36.0952],[128.7684,36.0995],[128.7645,36.1005],[128.7584,36.0968],[128.7568,36.094],[128.7521,36.0929],[128.7516,36.1036],[128.7469,36.1069],[128.7417,36.1005],[128.7337,36.0946],[128.7252,36.0904],[128.7294,36.081],[128.7238,36.0735],[128.714,36.0756],[128.7114,36.0737],[128.7089,36.0671],[128.7092,36.0641],[128.7026,36.0556],[128.7047,36.0457],[128.7015,36.04],[128.6968,36.0354],[128.7004,36.0313],[128.7011,36.0274],[128.6993,36.022],[128.6952,36.0163],[128.7005,36.0112],[128.7233,36.006],[128.7337,36.0119],[128.7366,36.0158],[128.7446,36.0179],[128.7518,36.0243],[128.7582,36.0267],[128.7646,36.0236],[128.7735,36.0219],[128.7747,36.0276],[128.7804,36.0251],[128.7834,36.0264],[128.7907,36.0251],[128.7974,36.0215],[128.8083,36.0206],[128.8141,36.023],[128.8079,36.0298],[128.8094,36.0409],[128.8131,36.0475],[128.8169,36.0491],[128.8171,36.0553],[128.8205,36.0578],[128.8239,36.0673],[128.8198,36.0777],[128.8208,36.0864],[128.8164,36.0923]]]},"properties":{"sigun":"영천시","emd":"신녕면","code":"4723032000"}},
{"type":"Feature","geometry":{"type":"Polygon","coordinates":[[[128.8308,36.1026],[128.8223,36.1005],[128.8181,36.0972],[128.8164,36.0923],[128.8208,36.0864],[128.8198,36.0777],[128.8239,36.0673],[128.8205,36.0578],[128.8171,36.0553],[128.8169,36.0491],[128.8131,36.0475],[128.8094,36.0409],[128.8079,36.0298],[128.8141,36.023],[128.8276,36.0241],[128.832,36.0221],[128.8347,36.0175],[128.8408,36.0153],[128.8407,36.0111],[128.8455,36.0114],[128.8513,36.0073],[128.8544,36.0032],[128.8594,36.0002],[128.8644,35.999],[128.8691,35.995],[128.8727,36.0013],[128.8813,35.9991],[128.8864,35.9996],[128.8843,36.0052],[128.893,36.0052],[128.8938,35.9993],[128.8973,35.996],[128.9039,36.0009],[128.9063,36.0002],[128.9094,36.0048],[128.9107,36.0145],[128.9084,36.0182],[128.9053,36.027],[128.9056,36.0297],[128.903,36.0367],[128.8968,36.0396],[128.8861,36.0428],[128.8778,36.0423],[128.8752,36.0475],[128.8721,36.0488],[128.8662,36.0558],[128.8653,36.0605],[128.8577,36.0658],[128.8548,36.0657],[128.8455,36.0735],[128.8468,36.0794],[128.8416,36.0913],[128.8416,36.0979],[128.8308,36.1026]]]},"properties":{"sigun":"영천시","emd":"화산면","code":"4723033000"}},
{"type":"Feature","geometry":{"type":"Polygon","coordinates":[[[128.9875,36.168],[128.9783,36.1659],[128.9739,36.1609],[128.9682,36.1615],[128.9623,36.1663],[128.9497,36.169],[128.9434,36.1738],[128.9409,36.1772],[128.9362,36.1789],[128.9281,36.1798],[128.9195,36.1854],[128.9145,36.181],[128.9091,36.1807],[128.9042,36.1775],[128.8968,36.1764],[128.8961,36.1734],[128.8942,36.1695],[128.9001,36.1625],[128.8925,36.1555],[128.8902,36.1472],[128.8915,36.1434],[128.8959,36.142],[128.8978,36.1384],[128.8902,36.128],[128.8956,36.1203],[128.8995,36.1114],[128.9074,36.1055],[128.9091,36.1003],[128.9078,36.0982],[128.9073,36.0897],[128.9158,36.0744],[128.9228,36.0709],[128.9277,36.0742],[128.9341,36.0724],[128.939,36.0732],[128.9421,36.0762],[128.9477,36.0747],[128.954,36.0779],[128.9594,36.0849],[128.965,36.0861],[128.9708,36.0873],[128.9737,36.0916],[128.9771,36.0999],[128.9744,36.1041],[128.9728,36.111],[128.9772,36.1152],[128.9835,36.1152],[128.9907,36.1197],[128.9973,36.1222],[129.0026,36.1205],[129.008,36.1237],[129.0065,36.1275],[129.0003,36.1319],[128.9983,36.1386],[129.0055,36.1446],[129.0046,36.1482],[129.0079,36.1503],[129.0061,36.1563],[129.0068,36.1626],[128.9979,36.1642],[128.9951,36.1665],[128.9875,36.168]]]},"properties":{"sigun":"영천시","emd":"화북면","code":"4723034000"}},
{"type":"Feature","geometry":{"type":"Polygon","coordinates":[[[128.8915,36.1434],[128.8763,36.1424],[128.8684,36.1451],[128.8591,36.1453],[128.8555,36.1408],[128.851,36.1384],[128.8505,36.1347],[128.853,36.1277],[128.8502,36.1189],[128.8438,36.1148],[128.8376,36.1125],[128.8357,36.1058],[128.8308,36.1026],[128.8416,36.0979],[128.8416,36.0913],[128.8468,36.0794],[128.8455,36.0735],[128.8548,36.0657],[128.8577,36.0658],[128.8653,36.0605],[128.8662,36.0558],[128.8721,36.0488],[128.8752,36.0475],[128.8778,36.0423],[128.8861,36.0428],[128.8968,36.0396],[128.903,36.0367],[128.9105,36.0359],[128.92,36.0371],[128.9244,36.0323],[128.9246,36.0268],[128.9294,36.0216],[128.9354,36.0226],[128.9348,36.0263],[128.9394,36.033],[128.9441,36.0336],[128.9453,36.0373],[128.9561,36.0382],[128.9595,36.0435],[128.9585,36.0486],[128.9671,36.0521],[128.968,36.0554],[128.972,36.0562],[128.971,36.0612],[128.9728,36.0699],[128.9672,36.0755],[128.9671,36.0803],[128.965,36.0861],[128.9594,36.0849],[128.954,36.0779],[128.9477,36.0747],[128.9421,36.0762],[128.939,36.0732],[128.9341,36.0724],[128.9277,36.0742],[128.9228,36.0709],[128.9158,36.0744],[128.9073,36.0897],[128.9078,36.0982],[128.9091,36.1003],[128.9074,36.1055],[128.8995,36.1114],[128.8956,36.1203],[128.8902,36.128],[128.8978,36.1384],[128.8959,36.142],[128.8915,36.1434]]]},"properties":{"sigun":"영천시","emd":"화남면","code":"4723035000"}},
{"type":"Feature","geometry":{"type":"Polygon","coordinates":[[[129.1044,36.1166],[129.0977,36.1219],[129.0893,36.1186],[129.0819,36.1172],[129.0787,36.1116],[129.0713,36.1147],[129.0685,36.1184],[129.0665,36.1241],[129.0566,36.1317],[129.0593,36.1354],[129.0641,36.1364],[129.0617,36.1435],[129.0592,36.144],[129.0506,36.1506],[129.0454,36.1512],[129.0449,36.1567],[129.0402,36.1589],[129.0316,36.1606],[129.0256,36.159],[129.0122,36.163],[129.0068,36.1626],[129.0061,36.1563],[129.0079,36.1503],[129.0046,36.1482],[129.0055,36.1446],[128.9983,36.1386],[129.0003,36.1319],[129.0065,36.1275],[129.008,36.1237],[129.0026,36.1205],[128.9973,36.1222],[128.9907,36.1197],[128.9835,36.1152],[128.9772,36.1152],[128.9728,36.111],[128.9744,36.1041],[128.9771,36.0999],[128.9836,36.0998],[128.9864,36.0944],[128.9802,36.0859],[128.9819,36.0812],[128.9858,36.0781],[128.9917,36.0779],[128.9949,36.0756],[128.9953,36.0721],[129.0039,36.0678],[129.0061,36.0651],[129.011,36.0634],[129.0189,36.0636],[129.0217,36.065],[129.0288,36.0594],[129.0383,36.0603],[129.043,36.0588],[129.0536,36.0586],[129.0624,36.0569],[129.069,36.0573],[129.0811,36.0553],[129.0869,36.0621],[129.0886,36.0661],[129.0978,36.0686],[129.1025,36.0734],[129.1068,36.0744],[129.112,36.0798],[129.1108,36.0837],[129.1009,36.0891],[129.0926,36.0998],[129.0932,36.1047],[129.099,36.1071],[129.105,36.1142],[129.1044,36.1166]]]},"properties":{"sigun":"영천시","emd":"자양면","code":"4723036000"}},
{"type":"Feature","geometry":{"type":"Polygon","coordinates":[[[129.112,36.0798],[129.1068,36.0744],[129.1025,36.0734],[129.0978,36.0686],[129.0886,36.0661],[129.0869,36.0621],[129.0811,36.0553],[129.069,36.0573],[129.0624,36.0569],[129.0536,36.0586],[129.043,36.0588],[129.0383,36.0603],[129.0288,36.0594],[129.0217,36.065],[129.0189,36.0636],[129.011,36.0634],[129.0061,36.0651],[129.0039,36.0678],[128.9953,36.0721],[128.9949,36.0756],[128.9917,36.0779],[128.9858,36.0781],[128.9819,36.0812],[128.9802,36.0859],[128.9864,36.0944],[128.9836,36.0998],[128.9771,36.0999],[128.9737,36.0916],[128.9708,36.0873],[128.965,36.0861],[128.9671,36.0803],[128.9672,36.0755],[128.9728,36.0699],[128.971,36.0612],[128.972,36.0562],[128.968,36.0554],[128.9671,36.0521],[128.9585,36.0486],[128.9595,36.0435],[128.9561,36.0382],[128.957,36.0342],[128.9554,36.0305],[128.9563,36.0236],[128.9546,36.018],[128.9567,36.0157],[128.9582,36.0089],[128.9618,36.0015],[128.9601,35.998],[128.9655,35.9889],[128.9684,35.992],[128.9718,35.9902],[128.977,35.9921],[128.979,35.9982],[128.9774,36.0061],[128.9835,36.0057],[128.9849,35.9984],[128.9916,35.9995],[128.9952,36.0053],[128.9991,36.0034],[129.0065,36.0051],[129.012,36.0094],[129.0196,36.0123],[129.0201,36.0205],[129.0239,36.0216],[129.0344,36.027],[129.0371,36.0297],[129.0447,36.0278],[129.0516,36.0329],[129.0591,36.0326],[129.0615,36.0288],[129.0678,36.0285],[129.0715,36.0261],[129.0849,36.022],[129.0916,36.0208],[129.0981,36.0256],[129.0964,36.0307],[129.1022,36.0353],[129.1134,36.0354],[129.1172,36.0402],[129.1253,36.0362],[129.1342,36.0342],[129.1397,36.0432],[129.1463,36.0455],[129.1513,36.0496],[129.1516,36.0548],[129.1493,36.0574],[129.1413,36.058],[129.1379,36.0616],[129.1334,36.0688],[129.1334,36.0749],[129.1288,36.0809],[129.1199,36.0789],[129.112,36.0798]]]},"properties":{"sigun":"영천시","emd":"임고면","code":"4723037000"}},
{"type":"Feature","geometry":{"type":"Polygon","coordinates":[[[129.1342,36.0342],[129.1253,36.0362],[129.1172,36.0402],[129.1134,36.0354],[129.1022,36.0353],[129.0964,36.0307],[129.0981,36.0256],[129.0916,36.0208],[129.0849,36.022],[129.0715,36.0261],[129.0678,36.0285],[129.0615,36.0288],[129.0591,36.0326],[129.0516,36.0329],[129.0447,36.0278],[129.0371,36.0297],[129.0344,36.027],[129.0239,36.0216],[129.0201,36.0205],[129.0196,36.0123],[129.012,36.0094],[129.0065,36.0051],[128.9991,36.0034],[128.9952,36.0053],[128.9916,35.9995],[128.9849,35.9984],[128.9835,36.0057],[128.9774,36.0061],[128.979,35.9982],[128.977,35.9921],[128.9747,35.9855],[128.9693,35.9823],[128.9668,35.9771],[128.9705,35.9695],[128.9787,35.9644],[128.9819,35.9591],[128.9876,35.9561],[128.9923,35.9562],[128.9967,35.9522],[128.9981,35.948],[129.0015,35.9466],[129.0043,35.9418],[129.0169,35.9513],[129.03,35.9476],[129.032,35.9483],[129.0424,35.9421],[129.0494,35.9464],[129.0528,35.9461],[129.0583,35.94],[129.0629,35.938],[129.0671,35.9423],[129.0785,35.9418],[129.082,35.9375],[129.0896,35.9386],[129.0946,35.9407],[129.1007,35.9377],[129.1099,35.9298],[129.1139,35.9232],[129.1153,35.917],[129.1212,35.9222],[129.1274,35.9218],[129.1309,35.924],[129.1348,35.9317],[129.1317,35.9377],[129.1284,35.9387],[129.1274,35.9499],[129.1249,35.9507],[129.1178,35.9601],[129.1172,35.963],[129.1181,35.9741],[129.1171,35.9855],[129.1126,35.9913],[129.1106,35.9967],[129.113,36.0014],[129.1105,36.0048],[129.1144,36.0121],[129.1168,36.0126],[129.1227,36.0068],[129.1269,36.0054],[129.1325,36.0058],[129.1423,36.0096],[129.1443,36.0115],[129.1404,36.0247],[129.1342,36.0342]]]},"properties":{"sigun":"영천시","emd":"고경면","code":"4723038000"}},
{"type":"Feature","geometry":{"type":"Polygon","coordinates":[[[129.0629,35.938],[129.0583,35.94],[129.0528,35.9461],[129.0494,35.9464],[129.0424,35.9421],[129.032,35.9483],[129.03,35.9476],[129.0169,35.9513],[129.0043,35.9418],[129.0015,35.9466],[128.9981,35.948],[128.9967,35.9522],[128.9923,35.9562],[128.9876,35.9561],[128.9808,35.9467],[128.9774,35.9475],[128.9728,35.9446],[128.964,35.9411],[128.9605,35.9377],[128.9683,35.9344],[128.9727,35.9265],[128.971,35.9137],[128.9683,35.9088],[128.9679,35.9031],[128.9744,35.8966],[128.9762,35.8891],[128.9697,35.8839],[128.9687,35.8794],[128.9701,35.8743],[128.9696,35.8689],[128.9728,35.8647],[128.9728,35.8485],[128.9693,35.8409],[128.9708,35.8354],[128.9777,35.8329],[128.9866,35.8344],[128.9893,35.8378],[129.0003,35.8422],[129.004,35.8425],[129.0141,35.8462],[129.0161,35.8498],[129.0187,35.8564],[129.0242,35.8628],[129.027,35.8632],[129.0329,35.8707],[129.0288,35.884],[129.026,35.8906],[129.029,35.8982],[129.0269,35.8993],[129.0285,35.9047],[129.0379,35.9121],[129.0456,35.9127],[129.0485,35.9192],[129.0549,35.9201],[129.0574,35.926],[129.0605,35.9261],[129.0607,35.9343],[129.0629,35.938]]]},"properties":{"sigun":"영천시","emd":"북안면","code":"4723039000"}},
{"type":"Feature","geometry":{"type":"Polygon","coordinates":[[[128.9434,35.8905],[128.9402,35.8896],[128.9345,35.8837],[128.9258,35.8797],[128.9219,35.8812],[128.9147,35.8879],[128.913,35.8929],[128.9106,35.8944],[128.9051,35.8933],[128.9011,35.9003],[128.8931,35.8969],[128.892,35.8938],[128.8856,35.8984],[128.8812,35.8994],[128.8816,35.8939],[128.8752,35.8882],[128.8695,35.8834],[128.866,35.8836],[128.8592,35.8788],[128.8598,35.8737],[128.8636,35.8706],[128.873,35.866],[128.8751,35.8605],[128.8752,35.851],[128.8785,35.8493],[128.8822,35.8432],[128.8921,35.8446],[128.8945,35.8374],[128.9022,35.8371],[128.9101,35.8316],[128.914,35.8338],[128.9149,35.8374],[128.924,35.8336],[128.9257,35.8356],[128.9336,35.8371],[128.9387,35.8356],[128.9412,35.8308],[128.944,35.8299],[128.9495,35.833],[128.9592,35.8417],[128.9693,35.8409],[128.9728,35.8485],[128.9728,35.8647],[128.9696,35.8689],[128.9701,35.8743],[128.9687,35.8794],[128.9697,35.8839],[128.964,35.8847],[128.9554,35.8831],[128.9494,35.8883],[128.9434,35.8905]]]},"properties":{"sigun":"영천시","emd":"대창면","code":"4723040000"}},
{"type":"Feature","geometry":{"type":"Polygon","coordinates":[[[128.977,35.9921],[128.9718,35.9902],[128.9684,35.992],[128.9655,35.9889],[128.9601,35.998],[128.9618,36.0015],[128.9582,36.0089],[128.9567,36.0157],[128.9546,36.018],[128.9483,36.0138],[128.9496,36.0063],[128.9512,36.0045],[128.9472,35.9977],[128.9394,35.9938],[128.9389,35.9887],[128.9415,35.985],[128.9379,35.9781],[128.9404,35.973],[128.9441,35.97],[128.95,35.97],[128.9569,35.9662],[128.9659,35.9662],[128.9705,35.9695],[128.9668,35.9771],[128.9693,35.9823],[128.9747,35.9855],[128.977,35.9921]]]},"properties":{"sigun":"영천시","emd":"동부동","code":"4723051000"}},
{"type":"Feature","geometry":{"type":"Polygon","coordinates":[[[128.9561,36.0382],[128.9453,36.0373],[128.9441,36.0336],[128.9394,36.033],[128.9348,36.0263],[128.9354,36.0226],[128.9294,36.0216],[128.9246,36.0268],[128.9244,36.0323],[128.92,36.0371],[128.9105,36.0359],[128.903,36.0367],[128.9056,36.0297],[128.9053,36.027],[128.9084,36.0182],[128.9107,36.0145],[128.9094,36.0048],[128.9063,36.0002],[128.909,35.9965],[128.9168,35.9952],[128.9177,35.9926],[128.9232,35.9914],[128.9229,35.9832],[128.9284,35.9826],[128.9308,35.9792],[128.9254,35.9736],[128.9288,35.9714],[128.9306,35.9643],[128.9326,35.9652],[128.9364,35.9682],[128.9441,35.97],[128.9404,35.973],[128.9379,35.9781],[128.9415,35.985],[128.9389,35.9887],[128.9394,35.9938],[128.9472,35.9977],[128.9512,36.0045],[128.9496,36.0063],[128.9483,36.0138],[128.9546,36.018],[128.9563,36.0236],[128.9554,36.0305],[128.957,36.0342],[128.9561,36.0382]]]},"properties":{"sigun":"영천시","emd":"중앙동","code":"4723052000"}},
{"type":"Feature","geometry":{"type":"Polygon","coordinates":[[[128.9177,35.9926],[128.9144,35.9918],[128.9092,35.9949],[128.9038,35.9908],[128.9003,35.9906],[128.8934,35.9835],[128.8844,35.9864],[128.8761,35.985],[128.8744,35.9764],[128.8692,35.9755],[128.8696,35.9697],[128.8761,35.9667],[128.8811,35.9679],[128.8875,35.9656],[128.8908,35.9673],[128.8963,35.9661],[128.8996,35.9633],[128.9034,35.9556],[128.9072,35.9527],[128.9174,35.9508],[128.9224,35.9511],[128.9219,35.9563],[128.9257,35.9621],[128.9306,35.9643],[128.9288,35.9714],[128.9254,35.9736],[128.9308,35.9792],[128.9284,35.9826],[128.9229,35.9832],[128.9232,35.9914],[128.9177,35.9926]]]},"properties":{"sigun":"영천시","emd":"서부동","code":"4723053500"}},
{"type":"Feature","geometry":{"type":"Polygon","coordinates":[[[128.9705,35.9695],[128.9659,35.9662],[128.9569,35.9662],[128.95,35.97],[128.9441,35.97],[128.9364,35.9682],[128.9326,35.9652],[128.9326,35.9594],[128.9382,35.9536],[128.9437,35.9559],[128.9535,35.9567],[128.9544,35.9522],[128.9686,35.9586],[128.9715,35.9592],[128.9787,35.9644],[128.9705,35.9695]]]},"properties":{"sigun":"영천시","emd":"완산동","code":"4723054000"}},
{"type":"Feature","geometry":{"type":"Polygon","coordinates":[[[128.9787,35.9644],[128.9715,35.9592],[128.9686,35.9586],[128.9544,35.9522],[128.9535,35.9567],[128.9437,35.9559],[128.9382,35.9536],[128.9326,35.9594],[128.9326,35.9652],[128.9306,35.9643],[128.9257,35.9621],[128.9219,35.9563],[128.9224,35.9511],[128.9174,35.9508],[128.9219,35.9448],[128.9232,35.9352],[128.9293,35.9235],[128.931,35.9263],[128.9404,35.9241],[128.9434,35.926],[128.9456,35.9184],[128.9438,35.9087],[128.9454,35.9073],[128.9468,35.8992],[128.9434,35.8905],[128.9494,35.8883],[128.9554,35.8831],[128.964,35.8847],[128.9697,35.8839],[128.9762,35.8891],[128.9744,35.8966],[128.9679,35.9031],[128.9683,35.9088],[128.971,35.9137],[128.9727,35.9265],[128.9683,35.9344],[128.9605,35.9377],[128.964,35.9411],[128.9728,35.9446],[128.9774,35.9475],[128.9808,35.9467],[128.9876,35.9561],[128.9819,35.9591],[128.9787,35.9644]]]},"properties":{"sigun":"영천시","emd":"남부동","code":"4723055500"}},
{"type":"Feature","geometry":{"type":"Polygon","coordinates":[[[128.1775,36.5954],[128.1757,36.597],[128.1648,36.5976],[128.1556,36.6011],[128.1512,36.5997],[128.1467,36.5924],[128.1556,36.5841],[128.1563,36.5815],[128.1486,36.5765],[128.1561,36.5734],[128.1623,36.5661],[128.1666,36.5564],[128.1667,36.5495],[128.1641,36.547],[128.167,36.5441],[128.1718,36.5442],[128.1744,36.5407],[128.1814,36.5379],[128.1829,36.5348],[128.1788,36.5239],[128.1824,36.522],[128.1842,36.5178],[128.1886,36.5153],[128.1972,36.5156],[128.2004,36.5186],[128.2082,36.5143],[128.2122,36.5143],[128.2189,36.5176],[128.2211,36.5128],[128.2304,36.5079],[128.2325,36.5022],[128.2399,36.5025],[128.2503,36.5087],[128.2522,36.5181],[128.2544,36.5218],[128.25,36.5266],[128.2548,36.531],[128.2482,36.5328],[128.2365,36.5286],[128.2295,36.5297],[128.2221,36.5333],[128.2187,36.5408],[128.2159,36.5566],[128.2161,36.5639],[128.2215,36.5695],[128.2173,36.5737],[128.2059,36.5732],[128.205,36.5785],[128.2016,36.5787],[128.1943,36.5829],[128.1894,36.5836],[128.1835,36.5816],[128.1785,36.5836],[128.18,36.59],[128.1775,36.5954]]]},"properties":{"sigun":"상주시","emd":"함창읍","code":"4725025000"}},
{"type":"Feature","geometry":{"type":"Polygon","coordinates":[[[128.2686,36.533],[128.2591,36.5323],[128.2552,36.534],[128.2482,36.5328],[128.2548,36.531],[128.25,36.5266],[128.2544,36.5218],[128.2522,36.5181],[128.2503,36.5087],[128.2399,36.5025],[128.2325,36.5022],[128.2304,36.5079],[128.2211,36.5128],[128.2189,36.5176],[128.2122,36.5143],[128.2082,36.5143],[128.2004,36.5186],[128.1972,36.5156],[128.1886,36.5153],[128.1842,36.5178],[128.1781,36.5114],[128.1824,36.5046],[128.177,36.5002],[128.1776,36.4963],[128.174,36.4802],[128.1711,36.4735],[128.1689,36.4726],[128.1677,36.4666],[128.1784,36.4658],[128.1812,36.4609],[128.1879,36.4606],[128.2037,36.4579],[128.2041,36.4513],[128.2064,36.4465],[128.2063,36.4409],[128.2109,36.4361],[128.215,36.4349],[128.2212,36.4354],[128.2285,36.4379],[128.2344,36.4356],[128.238,36.4385],[128.2473,36.443],[128.2449,36.4457],[128.2485,36.4545],[128.2519,36.4577],[128.2451,36.4608],[128.2464,36.4662],[128.2551,36.4727],[128.2603,36.4783],[128.2699,36.4827],[128.2706,36.4927],[128.2689,36.5001],[128.2644,36.5075],[128.2661,36.5135],[128.2653,36.5239],[128.2686,36.533]]]},"properties":{"sigun":"상주시","emd":"사벌국면","code":"4725032500"}},
{"type":"Feature","geometry":{"type":"Polygon","coordinates":[[[128.3129,36.4564],[128.3099,36.4554],[128.3048,36.4573],[128.299,36.4634],[128.2947,36.4649],[128.2892,36.4623],[128.2805,36.4637],[128.2786,36.4665],[128.2781,36.4725],[128.2703,36.477],[128.2653,36.4761],[128.2603,36.4783],[128.2551,36.4727],[128.2464,36.4662],[128.2451,36.4608],[128.2519,36.4577],[128.2575,36.4562],[128.262,36.4476],[128.2557,36.4355],[128.2522,36.433],[128.2433,36.4343],[128.2378,36.4332],[128.2345,36.4243],[128.2359,36.4168],[128.2441,36.4107],[128.2483,36.4099],[128.2648,36.4097],[128.2692,36.4072],[128.2746,36.3982],[128.2774,36.3969],[128.2868,36.3982],[128.2963,36.4043],[128.3016,36.4059],[128.3089,36.4029],[128.316,36.3955],[128.3177,36.3868],[128.3266,36.3861],[128.3324,36.3954],[128.3327,36.3992],[128.3379,36.4029],[128.3391,36.4065],[128.3333,36.4119],[128.3321,36.4212],[128.323,36.4276],[128.3222,36.4326],[128.3262,36.438],[128.3231,36.4455],[128.3184,36.4476],[128.3129,36.4564]]]},"properties":{"sigun":"상주시","emd":"중동면","code":"4725031000"}},
{"type":"Feature","geometry":{"type":"Polygon","coordinates":[[[128.2378,36.4332],[128.2344,36.433],[128.2288,36.4289],[128.2272,36.4235],[128.2211,36.4222],[128.2177,36.4094],[128.2202,36.4058],[128.2147,36.4023],[128.2092,36.402],[128.2033,36.3962],[128.2033,36.3924],[128.1978,36.39],[128.1889,36.3706],[128.1912,36.3646],[128.1903,36.3624],[128.1831,36.3607],[128.1825,36.3546],[128.1857,36.3487],[128.1887,36.3462],[128.1856,36.3384],[128.1775,36.3378],[128.1743,36.333],[128.1777,36.3253],[128.1812,36.322],[128.1794,36.3128],[128.18,36.3108],[128.1724,36.2998],[128.1768,36.2975],[128.1849,36.2974],[128.1895,36.3006],[128.1992,36.2982],[128.2068,36.2989],[128.2126,36.3051],[128.2185,36.3071],[128.2292,36.3044],[128.2286,36.3086],[128.2309,36.3146],[128.2306,36.3204],[128.232,36.3242],[128.23,36.3298],[128.2379,36.3421],[128.2478,36.3509],[128.2514,36.3518],[128.251,36.357],[128.2533,36.3604],[128.2588,36.3619],[128.2719,36.3618],[128.2759,36.3594],[128.2785,36.355],[128.2775,36.3501],[128.284,36.3473],[128.297,36.3555],[128.3099,36.361],[128.3117,36.3639],[128.3114,36.3758],[128.3177,36.3868],[128.316,36.3955],[128.3089,36.4029],[128.3016,36.4059],[128.2963,36.4043],[128.2868,36.3982],[128.2774,36.3969],[128.2746,36.3982],[128.2692,36.4072],[128.2648,36.4097],[128.2483,36.4099],[128.2441,36.4107],[128.2359,36.4168],[128.2345,36.4243],[128.2378,36.4332]]]},"properties":{"sigun":"상주시","emd":"낙동면","code":"4725033000"}},
{"type":"Feature","geometry":{"type":"Polygon","coordinates":[[[128.1743,36.333],[128.1696,36.3365],[128.164,36.3343],[128.1598,36.337],[128.1592,36.3421],[128.1551,36.3417],[128.1498,36.344],[128.1458,36.3476],[128.1454,36.353],[128.1429,36.356],[128.133,36.3598],[128.1346,36.3643],[128.1278,36.368],[128.1198,36.3706],[128.1158,36.3678],[128.1155,36.3645],[128.1082,36.3622],[128.1025,36.3557],[128.104,36.3525],[128.1017,36.348],[128.1042,36.3458],[128.0997,36.3335],[128.0907,36.326],[128.0951,36.309],[128.1031,36.3067],[128.1089,36.3112],[128.1181,36.3137],[128.1208,36.3097],[128.1266,36.3096],[128.1306,36.3043],[128.1359,36.304],[128.1398,36.3006],[128.1473,36.2981],[128.1544,36.2943],[128.1624,36.2974],[128.1663,36.2972],[128.1724,36.2998],[128.18,36.3108],[128.1794,36.3128],[128.1812,36.322],[128.1777,36.3253],[128.1743,36.333]]]},"properties":{"sigun":"상주시","emd":"청리면","code":"4725034000"}},
{"type":"Feature","geometry":{"type":"Polygon","coordinates":[[[128.046,36.3418],[128.0439,36.3466],[128.0343,36.3504],[128.0318,36.3465],[128.0276,36.3447],[128.0252,36.3391],[128.0259,36.3334],[128.0244,36.3275],[128.0222,36.3251],[128.0147,36.3225],[128.0121,36.3187],[128.0122,36.3128],[128.0138,36.3095],[128.0215,36.3105],[128.0223,36.307],[128.0181,36.3021],[128.0218,36.2924],[128.021,36.287],[128.013,36.2822],[128.0103,36.274],[128.0119,36.2714],[128.0156,36.268],[128.0262,36.2679],[128.0328,36.2619],[128.048,36.2571],[128.0447,36.2527],[128.0471,36.2474],[128.051,36.2442],[128.0568,36.2436],[128.0603,36.2454],[128.0665,36.2429],[128.072,36.2431],[128.0766,36.2416],[128.0824,36.2466],[128.0871,36.2488],[128.0879,36.2532],[128.0965,36.2523],[128.1022,36.2433],[128.1087,36.2371],[128.119,36.2432],[128.1209,36.2461],[128.1201,36.2528],[128.1311,36.2514],[128.137,36.2572],[128.1372,36.261],[128.1328,36.2679],[128.1358,36.28],[128.1402,36.2863],[128.1452,36.2889],[128.1484,36.288],[128.1544,36.2943],[128.1473,36.2981],[128.1398,36.3006],[128.1359,36.304],[128.1306,36.3043],[128.1266,36.3096],[128.1208,36.3097],[128.1181,36.3137],[128.1089,36.3112],[128.1031,36.3067],[128.0951,36.309],[128.0907,36.326],[128.0738,36.328],[128.0664,36.3259],[128.0626,36.3264],[128.0584,36.3236],[128.0528,36.3257],[128.0496,36.3353],[128.0437,36.3385],[128.046,36.3418]]]},"properties":{"sigun":"상주시","emd":"공성면","code":"4725035000"}},
{"type":"Feature","geometry":{"type":"Polygon","coordinates":[[[128.1111,36.3902],[128.1067,36.3908],[128.0984,36.3853],[128.0828,36.3896],[128.0789,36.3882],[128.0732,36.3888],[128.06,36.3832],[128.0566,36.3761],[128.0569,36.3715],[128.0543,36.3696],[128.0539,36.3648],[128.0566,36.3533],[128.0563,36.3494],[128.0485,36.3422],[128.046,36.3418],[128.0437,36.3385],[128.0496,36.3353],[128.0528,36.3257],[128.0584,36.3236],[128.0626,36.3264],[128.0664,36.3259],[128.0738,36.328],[128.0907,36.326],[128.0997,36.3335],[128.1042,36.3458],[128.1017,36.348],[128.104,36.3525],[128.1025,36.3557],[128.1082,36.3622],[128.1155,36.3645],[128.1158,36.3678],[128.1198,36.3706],[128.1199,36.3717],[128.1175,36.3785],[128.1204,36.3863],[128.1183,36.3887],[128.1111,36.3902]]]},"properties":{"sigun":"상주시","emd":"외남면","code":"4725036000"}},
{"type":"Feature","geometry":{"type":"Polygon","coordinates":[[[128.0966,36.4401],[128.0891,36.4458],[128.0858,36.452],[128.0795,36.4526],[128.076,36.4574],[128.0625,36.4602],[128.0532,36.4591],[128.046,36.4616],[128.0433,36.4593],[128.0389,36.4613],[128.0337,36.4608],[128.0286,36.4639],[128.025,36.4692],[128.0132,36.4605],[128.006,36.4593],[128.0078,36.4548],[128.006,36.4474],[127.9961,36.4411],[127.9936,36.4351],[127.9962,36.4307],[128.0033,36.4341],[128.0061,36.4328],[128.0123,36.4242],[128.0129,36.4206],[128.0177,36.4157],[128.0215,36.4048],[128.0191,36.4022],[128.0198,36.3987],[128.017,36.396],[128.0078,36.3973],[128.0019,36.3864],[128.0057,36.3809],[128.0098,36.379],[128.0163,36.3788],[128.0193,36.3736],[128.0191,36.3667],[128.0233,36.3619],[128.029,36.362],[128.0332,36.3586],[128.0343,36.3504],[128.0439,36.3466],[128.046,36.3418],[128.0485,36.3422],[128.0563,36.3494],[128.0566,36.3533],[128.0539,36.3648],[128.0543,36.3696],[128.0569,36.3715],[128.0566,36.3761],[128.06,36.3832],[128.0732,36.3888],[128.0789,36.3882],[128.0828,36.3896],[128.0984,36.3853],[128.1067,36.3908],[128.1111,36.3902],[128.1155,36.3985],[128.1112,36.4033],[128.1006,36.4084],[128.1053,36.4179],[128.1001,36.4242],[128.0933,36.4296],[128.094,36.4358],[128.0966,36.4401]]]},"properties":{"sigun":"상주시","emd":"내서면","code":"4725037000"}},
{"type":"Feature","geometry":{"type":"Polygon","coordinates":[[[128.0318,36.3465],[128.0269,36.3472],[128.0185,36.3463],[128.0099,36.3392],[128.004,36.3378],[127.9956,36.3307],[127.9895,36.3289],[127.9831,36.3312],[127.973,36.3292],[127.971,36.327],[127.9635,36.33],[127.9582,36.3293],[127.9547,36.3328],[127.9506,36.3305],[127.9375,36.33],[127.929,36.3239],[127.9202,36.3271],[127.9143,36.3233],[127.9146,36.3198],[127.9074,36.3114],[127.9051,36.3024],[127.907,36.2861],[127.9134,36.2809],[127.922,36.2789],[127.9309,36.2782],[127.9337,36.2761],[127.9379,36.2691],[127.9426,36.2669],[127.9473,36.2672],[127.9482,36.2575],[127.9545,36.2572],[127.9602,36.2524],[127.9654,36.2524],[127.9709,36.2504],[127.979,36.2541],[127.9769,36.2589],[127.9822,36.2642],[127.9914,36.2654],[127.9944,36.2674],[128.0006,36.2664],[128.0081,36.2716],[128.0119,36.2714],[128.0103,36.274],[128.013,36.2822],[128.021,36.287],[128.0218,36.2924],[128.0181,36.3021],[128.0223,36.307],[128.0215,36.3105],[128.0138,36.3095],[128.0122,36.3128],[128.0121,36.3187],[128.0147,36.3225],[128.0222,36.3251],[128.0244,36.3275],[128.0259,36.3334],[128.0252,36.3391],[128.0276,36.3447],[128.0318,36.3465]]]},"properties":{"sigun":"상주시","emd":"모동면","code":"4725038000"}},
{"type":"Feature","geometry":{"type":"Polygon","coordinates":[[[128.0343,36.3504],[128.0332,36.3586],[128.029,36.362],[128.0233,36.3619],[128.0191,36.3667],[128.0193,36.3736],[128.0163,36.3788],[128.0098,36.379],[128.0057,36.3809],[128.0019,36.3864],[127.9942,36.3855],[127.9813,36.3749],[127.9769,36.3728],[127.9701,36.3775],[127.9628,36.3726],[127.9576,36.3614],[127.9436,36.361],[127.9396,36.3617],[127.9276,36.3601],[127.9231,36.3607],[127.9169,36.3568],[127.9124,36.3576],[127.9007,36.3623],[127.8913,36.3596],[127.8908,36.3567],[127.8861,36.3547],[127.8854,36.3506],[127.8814,36.3449],[127.875,36.3455],[127.8698,36.3436],[127.8705,36.3412],[127.8675,36.3364],[127.8637,36.3366],[127.8563,36.3311],[127.8521,36.3304],[127.8507,36.3206],[127.8461,36.3183],[127.8411,36.3096],[127.8472,36.3006],[127.8457,36.2964],[127.8494,36.2889],[127.8513,36.2757],[127.8627,36.2775],[127.8798,36.275],[127.8843,36.2737],[127.888,36.2801],[127.8893,36.2869],[127.892,36.2922],[127.8993,36.2988],[127.9051,36.3024],[127.9074,36.3114],[127.9146,36.3198],[127.9143,36.3233],[127.9202,36.3271],[127.929,36.3239],[127.9375,36.33],[127.9506,36.3305],[127.9547,36.3328],[127.9582,36.3293],[127.9635,36.33],[127.971,36.327],[127.973,36.3292],[127.9831,36.3312],[127.9895,36.3289],[127.9956,36.3307],[128.004,36.3378],[128.0099,36.3392],[128.0185,36.3463],[128.0269,36.3472],[128.0318,36.3465],[128.0343,36.3504]]]},"properties":{"sigun":"상주시","emd":"모서면","code":"4725039000"}},
{"type":"Feature","geometry":{"type":"Polygon","coordinates":[[[127.9936,36.4351],[127.9865,36.4364],[127.9805,36.4359],[127.9778,36.4388],[127.9705,36.4384],[127.9622,36.4331],[127.9604,36.426],[127.9636,36.4227],[127.9633,36.419],[127.9574,36.4178],[127.9508,36.4124],[127.9491,36.4095],[127.9431,36.4073],[127.9356,36.4019],[127.9324,36.3929],[127.9263,36.3951],[127.9231,36.3946],[127.9127,36.3964],[127.9015,36.3896],[127.8949,36.3887],[127.8901,36.381],[127.8842,36.3793],[127.8829,36.3738],[127.8863,36.3639],[127.8913,36.3596],[127.9007,36.3623],[127.9124,36.3576],[127.9169,36.3568],[127.9231,36.3607],[127.9276,36.3601],[127.9396,36.3617],[127.9436,36.361],[127.9576,36.3614],[127.9628,36.3726],[127.9701,36.3775],[127.9769,36.3728],[127.9813,36.3749],[127.9942,36.3855],[128.0019,36.3864],[128.0078,36.3973],[128.017,36.396],[128.0198,36.3987],[128.0191,36.4022],[128.0215,36.4048],[128.0177,36.4157],[128.0129,36.4206],[128.0123,36.4242],[128.0061,36.4328],[128.0033,36.4341],[127.9962,36.4307],[127.9936,36.4351]]]},"properties":{"sigun":"상주시","emd":"화동면","code":"4725040000"}},
{"type":"Feature","geometry":{"type":"Polygon","coordinates":[[[128.006,36.4593],[127.9999,36.4636],[127.997,36.4638],[127.9914,36.4676],[127.9889,36.4728],[127.9881,36.4797],[127.9793,36.4892],[127.976,36.4989],[127.9769,36.504],[127.9735,36.5089],[127.9647,36.5091],[127.9572,36.5123],[127.9538,36.5095],[127.9498,36.5108],[127.9428,36.5075],[127.9373,36.5071],[127.9395,36.5029],[127.9393,36.4967],[127.9438,36.4881],[127.9494,36.4839],[127.9528,36.476],[127.9525,36.4739],[127.947,36.4714],[127.9461,36.4653],[127.9401,36.4635],[127.9353,36.467],[127.9275,36.4674],[127.9218,36.465],[127.9199,36.461],[127.9133,36.4575],[127.9102,36.452],[127.9138,36.449],[127.909,36.4446],[127.9075,36.4412],[127.9007,36.4388],[127.8934,36.4296],[127.8974,36.4224],[127.8943,36.4184],[127.8946,36.4153],[127.8984,36.4126],[127.9112,36.413],[127.9176,36.4114],[127.929,36.4134],[127.9356,36.4019],[127.9431,36.4073],[127.9491,36.4095],[127.9508,36.4124],[127.9574,36.4178],[127.9633,36.419],[127.9636,36.4227],[127.9604,36.426],[127.9622,36.4331],[127.9705,36.4384],[127.9778,36.4388],[127.9805,36.4359],[127.9865,36.4364],[127.9936,36.4351],[127.9961,36.4411],[128.006,36.4474],[128.0078,36.4548],[128.006,36.4593]]]},"properties":{"sigun":"상주시","emd":"화서면","code":"4725041000"}},
{"type":"Feature","geometry":{"type":"Polygon","coordinates":[[[127.9204,36.6036],[127.9155,36.6063],[127.9164,36.6112],[127.9122,36.619],[127.9097,36.6257],[127.9038,36.6277],[127.8963,36.6265],[127.8894,36.6295],[127.8882,36.6353],[127.8891,36.6403],[127.8823,36.6462],[127.8798,36.6576],[127.8741,36.6554],[127.8706,36.6439],[127.8616,36.6342],[127.848,36.6334],[127.8475,36.6249],[127.8511,36.6189],[127.8567,36.618],[127.8591,36.6132],[127.8496,36.6128],[127.8421,36.6086],[127.8379,36.6091],[127.8322,36.6123],[127.8275,36.611],[127.8238,36.6126],[127.8194,36.6082],[127.8148,36.6088],[127.8065,36.6032],[127.7984,36.6023],[127.797,36.5988],[127.7974,36.592],[127.8002,36.5855],[127.8046,36.5817],[127.8159,36.578],[127.8241,36.5717],[127.8301,36.5744],[127.8357,36.5714],[127.8432,36.5697],[127.8481,36.5716],[127.8621,36.5674],[127.8721,36.5587],[127.8734,36.5553],[127.8707,36.5431],[127.8735,36.5415],[127.8741,36.5373],[127.8815,36.536],[127.8924,36.5304],[127.8962,36.531],[127.9019,36.5282],[127.9006,36.5247],[127.9022,36.5127],[127.9068,36.5075],[127.9116,36.5062],[127.917,36.5096],[127.9275,36.5143],[127.9335,36.5114],[127.9373,36.5071],[127.9428,36.5075],[127.9498,36.5108],[127.9494,36.5208],[127.9529,36.5269],[127.9442,36.5259],[127.9362,36.5282],[127.931,36.5347],[127.9377,36.5379],[127.9358,36.5435],[127.9404,36.5464],[127.9413,36.5511],[127.933,36.5583],[127.9372,36.5643],[127.9342,36.5739],[127.9307,36.5776],[127.9334,36.5839],[127.9331,36.5906],[127.9278,36.5943],[127.9204,36.6036]]]},"properties":{"sigun":"상주시","emd":"화북면","code":"4725042000"}},
{"type":"Feature","geometry":{"type":"Polygon","coordinates":[[[127.9795,36.5141],[127.977,36.5136],[127.961,36.5202],[127.9583,36.5229],[127.9582,36.5269],[127.9529,36.5269],[127.9494,36.5208],[127.9498,36.5108],[127.9538,36.5095],[127.9572,36.5123],[127.9647,36.5091],[127.9735,36.5089],[127.9769,36.504],[127.976,36.4989],[127.9793,36.4892],[127.9881,36.4797],[127.9889,36.4728],[127.9914,36.4676],[127.997,36.4638],[127.9999,36.4636],[128.006,36.4593],[128.0132,36.4605],[128.025,36.4692],[128.0286,36.4639],[128.0337,36.4608],[128.0389,36.4613],[128.0433,36.4593],[128.046,36.4616],[128.0532,36.4591],[128.0625,36.4602],[128.076,36.4574],[128.0795,36.4526],[128.0858,36.452],[128.0891,36.4458],[128.0966,36.4401],[128.1009,36.4426],[128.1039,36.4494],[128.1116,36.4475],[128.1182,36.4437],[128.1234,36.4473],[128.1305,36.4451],[128.1408,36.4475],[128.1423,36.4539],[128.1394,36.4597],[128.1382,36.4694],[128.1451,36.4724],[128.1509,36.4718],[128.164,36.4687],[128.1677,36.4666],[128.1689,36.4726],[128.1711,36.4735],[128.174,36.4802],[128.1776,36.4963],[128.177,36.5002],[128.1824,36.5046],[128.1781,36.5114],[128.1683,36.5115],[128.164,36.5099],[128.1622,36.5048],[128.1517,36.4955],[128.1519,36.4903],[128.1429,36.4856],[128.141,36.4882],[128.1363,36.4869],[128.1345,36.4834],[128.1287,36.4793],[128.1243,36.4815],[128.1163,36.4815],[128.1114,36.4827],[128.1098,36.4856],[128.1081,36.4956],[128.108,36.5038],[128.1023,36.5078],[128.0945,36.51],[128.094,36.5058],[128.0849,36.5004],[128.0801,36.495],[128.0774,36.496],[128.0729,36.5013],[128.066,36.5042],[128.0607,36.5115],[128.0543,36.5127],[128.0468,36.5099],[128.0322,36.5145],[128.0268,36.5122],[128.022,36.5122],[128.0166,36.5152],[128.0049,36.5136],[127.9992,36.5119],[127.9923,36.5124],[127.9893,36.5109],[127.9848,36.5133],[127.9795,36.5141]]]},"properties":{"sigun":"상주시","emd":"외서면","code":"4725043000"}},
{"type":"Feature","geometry":{"type":"Polygon","coordinates":[[[128.0759,36.6054],[128.0728,36.605],[128.073,36.6005],[128.0685,36.5961],[128.0653,36.5896],[128.0614,36.5886],[128.0564,36.5828],[128.0569,36.579],[128.0606,36.5742],[128.0621,36.5684],[128.0657,36.5624],[128.0581,36.5569],[128.0589,36.5553],[128.0522,36.5461],[128.0406,36.5483],[128.0294,36.5475],[128.0228,36.5447],[128.0166,36.544],[128.0109,36.5483],[128.0049,36.5507],[127.9978,36.5497],[127.9914,36.5444],[127.9826,36.5453],[127.9787,36.5424],[127.981,36.5354],[127.9778,36.5324],[127.9815,36.5283],[127.9795,36.5214],[127.9795,36.5141],[127.9848,36.5133],[127.9893,36.5109],[127.9923,36.5124],[127.9992,36.5119],[128.0049,36.5136],[128.0166,36.5152],[128.022,36.5122],[128.0268,36.5122],[128.0322,36.5145],[128.0468,36.5099],[128.0543,36.5127],[128.0607,36.5115],[128.066,36.5042],[128.0729,36.5013],[128.0774,36.496],[128.0801,36.495],[128.0849,36.5004],[128.094,36.5058],[128.0945,36.51],[128.0938,36.513],[128.1029,36.5185],[128.1037,36.5241],[128.0999,36.5252],[128.0928,36.5324],[128.0925,36.5361],[128.0845,36.5374],[128.0814,36.5417],[128.083,36.546],[128.0763,36.5549],[128.0744,36.56],[128.0755,36.5656],[128.0845,36.5703],[128.0927,36.5671],[128.0953,36.5722],[128.0895,36.5739],[128.09,36.5787],[128.0864,36.586],[128.0861,36.5896],[128.0757,36.5971],[128.0759,36.6054]]]},"properties":{"sigun":"상주시","emd":"은척면","code":"4725044000"}},
{"type":"Feature","geometry":{"type":"Polygon","coordinates":[[[128.1744,36.5407],[128.1588,36.5339],[128.1507,36.5335],[128.149,36.5356],[128.1416,36.5367],[128.139,36.54],[128.1338,36.5431],[128.1292,36.542],[128.1262,36.5456],[128.1271,36.5488],[128.1245,36.5523],[128.1199,36.5549],[128.1111,36.5484],[128.0993,36.5466],[128.0953,36.537],[128.0925,36.5361],[128.0928,36.5324],[128.0999,36.5252],[128.1037,36.5241],[128.1029,36.5185],[128.0938,36.513],[128.0945,36.51],[128.1023,36.5078],[128.108,36.5038],[128.1081,36.4956],[128.1098,36.4856],[128.1114,36.4827],[128.1163,36.4815],[128.1243,36.4815],[128.1287,36.4793],[128.1345,36.4834],[128.1363,36.4869],[128.141,36.4882],[128.1429,36.4856],[128.1519,36.4903],[128.1517,36.4955],[128.1622,36.5048],[128.164,36.5099],[128.1683,36.5115],[128.1781,36.5114],[128.1842,36.5178],[128.1824,36.522],[128.1788,36.5239],[128.1829,36.5348],[128.1814,36.5379],[128.1744,36.5407]]]},"properties":{"sigun":"상주시","emd":"공검면","code":"4725045000"}},
{"type":"Feature","geometry":{"type":"Polygon","coordinates":[[[128.1512,36.5997],[128.146,36.6061],[128.1345,36.6133],[128.1297,36.6142],[128.1232,36.6193],[128.1156,36.621],[128.1119,36.6161],[128.1121,36.611],[128.1056,36.6068],[128.1018,36.6086],[128.0923,36.6078],[128.0868,36.6092],[128.0759,36.6054],[128.0757,36.5971],[128.0861,36.5896],[128.0864,36.586],[128.09,36.5787],[128.0895,36.5739],[128.0953,36.5722],[128.0927,36.5671],[128.0845,36.5703],[128.0755,36.5656],[128.0744,36.56],[128.0763,36.5549],[128.083,36.546],[128.0814,36.5417],[128.0845,36.5374],[128.0925,36.5361],[128.0953,36.537],[128.0993,36.5466],[128.1111,36.5484],[128.1199,36.5549],[128.1245,36.5523],[128.1271,36.5488],[128.1262,36.5456],[128.1292,36.542],[128.1338,36.5431],[128.139,36.54],[128.1416,36.5367],[128.149,36.5356],[128.1507,36.5335],[128.1588,36.5339],[128.1744,36.5407],[128.1718,36.5442],[128.167,36.5441],[128.1641,36.547],[128.1667,36.5495],[128.1666,36.5564],[128.1623,36.5661],[128.1561,36.5734],[128.1486,36.5765],[128.1563,36.5815],[128.1556,36.5841],[128.1467,36.5924],[128.1512,36.5997]]]},"properties":{"sigun":"상주시","emd":"이안면","code":"4725046000"}},
{"type":"Feature","geometry":{"type":"Polygon","coordinates":[[[127.9373,36.5071],[127.9335,36.5114],[127.9275,36.5143],[127.917,36.5096],[127.9116,36.5062],[127.9068,36.5075],[127.897,36.4987],[127.894,36.4979],[127.8885,36.4931],[127.8805,36.4933],[127.8761,36.4884],[127.8752,36.4832],[127.8807,36.4807],[127.8821,36.4759],[127.8803,36.4743],[127.8788,36.4658],[127.8824,36.461],[127.8778,36.45],[127.8749,36.4486],[127.873,36.4417],[127.8753,36.4285],[127.8804,36.4276],[127.8828,36.4235],[127.8792,36.4169],[127.876,36.4148],[127.8732,36.41],[127.8731,36.4059],[127.8697,36.4036],[127.8636,36.4031],[127.8656,36.3948],[127.8685,36.3912],[127.8751,36.3912],[127.8785,36.3871],[127.8792,36.3833],[127.8842,36.3793],[127.8901,36.381],[127.8949,36.3887],[127.9015,36.3896],[127.9127,36.3964],[127.9231,36.3946],[127.9263,36.3951],[127.9324,36.3929],[127.9356,36.4019],[127.929,36.4134],[127.9176,36.4114],[127.9112,36.413],[127.8984,36.4126],[127.8946,36.4153],[127.8943,36.4184],[127.8974,36.4224],[127.8934,36.4296],[127.9007,36.4388],[127.9075,36.4412],[127.909,36.4446],[127.9138,36.449],[127.9102,36.452],[127.9133,36.4575],[127.9199,36.461],[127.9218,36.465],[127.9275,36.4674],[127.9353,36.467],[127.9401,36.4635],[127.9461,36.4653],[127.947,36.4714],[127.9525,36.4739],[127.9528,36.476],[127.9494,36.4839],[127.9438,36.4881],[127.9393,36.4967],[127.9395,36.5029],[127.9373,36.5071]]]},"properties":{"sigun":"상주시","emd":"화남면","code":"4725047000"}},
{"type":"Feature","geometry":{"type":"Polygon","coordinates":[[[128.1408,36.4475],[128.1305,36.4451],[128.1234,36.4473],[128.1182,36.4437],[128.1116,36.4475],[128.1039,36.4494],[128.1009,36.4426],[128.0966,36.4401],[128.094,36.4358],[128.0933,36.4296],[128.1001,36.4242],[128.1053,36.4179],[128.1006,36.4084],[128.1112,36.4033],[128.1155,36.3985],[128.1111,36.3902],[128.1183,36.3887],[128.1204,36.3863],[128.1175,36.3785],[128.1199,36.3717],[128.125,36.3754],[128.1326,36.3756],[128.1447,36.3895],[128.1474,36.3983],[128.1496,36.4007],[128.1544,36.4004],[128.1556,36.4069],[128.1635,36.4075],[128.1628,36.4153],[128.1494,36.4157],[128.1438,36.4212],[128.1425,36.4274],[128.1451,36.4321],[128.1415,36.4361],[128.1441,36.4423],[128.1408,36.4475]]]},"properties":{"sigun":"상주시","emd":"남원동","code":"4725052000"}},
{"type":"Feature","geometry":{"type":"Polygon","coordinates":[[[128.1677,36.4666],[128.164,36.4687],[128.1509,36.4718],[128.1451,36.4724],[128.1382,36.4694],[128.1394,36.4597],[128.1423,36.4539],[128.1408,36.4475],[128.1441,36.4423],[128.1415,36.4361],[128.1451,36.4321],[128.1425,36.4274],[128.1438,36.4212],[128.1494,36.4157],[128.1591,36.4198],[128.1575,36.4245],[128.1591,36.4316],[128.1588,36.4362],[128.1626,36.4398],[128.1698,36.4421],[128.1782,36.4433],[128.1767,36.4459],[128.1812,36.4487],[128.1835,36.4538],[128.1781,36.4585],[128.1812,36.4609],[128.1784,36.4658],[128.1677,36.4666]]]},"properties":{"sigun":"상주시","emd":"북문동","code":"4725053000"}},
{"type":"Feature","geometry":{"type":"Polygon","coordinates":[[[128.1812,36.4609],[128.1781,36.4585],[128.1835,36.4538],[128.1812,36.4487],[128.1767,36.4459],[128.1782,36.4433],[128.1698,36.4421],[128.1626,36.4398],[128.1588,36.4362],[128.1591,36.4316],[128.1575,36.4245],[128.1591,36.4198],[128.1751,36.4205],[128.1877,36.4313],[128.1942,36.4291],[128.2015,36.439],[128.2063,36.4409],[128.2064,36.4465],[128.2041,36.4513],[128.2037,36.4579],[128.1879,36.4606],[128.1812,36.4609]]]},"properties":{"sigun":"상주시","emd":"계림동","code":"4725054000"}},
{"type":"Feature","geometry":{"type":"Polygon","coordinates":[[[128.2378,36.4332],[128.2433,36.4343],[128.2522,36.433],[128.2557,36.4355],[128.262,36.4476],[128.2575,36.4562],[128.2519,36.4577],[128.2485,36.4545],[128.2449,36.4457],[128.2473,36.443],[128.238,36.4385],[128.2344,36.4356],[128.2285,36.4379],[128.2212,36.4354],[128.215,36.4349],[128.2109,36.4361],[128.2063,36.4409],[128.2015,36.439],[128.1942,36.4291],[128.1877,36.4313],[128.1751,36.4205],[128.1591,36.4198],[128.1494,36.4157],[128.1628,36.4153],[128.1806,36.4182],[128.1781,36.412],[128.1713,36.4031],[128.1729,36.4015],[128.1815,36.4112],[128.1857,36.4109],[128.1969,36.4043],[128.2017,36.4067],[128.2052,36.4025],[128.2092,36.402],[128.2147,36.4023],[128.2202,36.4058],[128.2177,36.4094],[128.2211,36.4222],[128.2272,36.4235],[128.2288,36.4289],[128.2344,36.433],[128.2378,36.4332]]]},"properties":{"sigun":"상주시","emd":"동문동","code":"4725055000"}},
{"type":"Feature","geometry":{"type":"Polygon","coordinates":[[[128.2092,36.402],[128.2052,36.4025],[128.2017,36.4067],[128.1969,36.4043],[128.1857,36.4109],[128.1815,36.4112],[128.1729,36.4015],[128.1713,36.4031],[128.1781,36.412],[128.1806,36.4182],[128.1628,36.4153],[128.1635,36.4075],[128.1707,36.4017],[128.1655,36.3949],[128.1703,36.3919],[128.1787,36.3788],[128.1746,36.3707],[128.1802,36.367],[128.1831,36.3607],[128.1903,36.3624],[128.1912,36.3646],[128.1889,36.3706],[128.1978,36.39],[128.2033,36.3924],[128.2033,36.3962],[128.2092,36.402]]]},"properties":{"sigun":"상주시","emd":"동성동","code":"4725056000"}},
{"type":"Feature","geometry":{"type":"Polygon","coordinates":[[[128.1831,36.3607],[128.1802,36.367],[128.1746,36.3707],[128.1787,36.3788],[128.1703,36.3919],[128.1655,36.3949],[128.1707,36.4017],[128.1635,36.4075],[128.1556,36.4069],[128.1544,36.4004],[128.1496,36.4007],[128.1474,36.3983],[128.1447,36.3895],[128.1326,36.3756],[128.125,36.3754],[128.1199,36.3717],[128.1198,36.3706],[128.1278,36.368],[128.1346,36.3643],[128.133,36.3598],[128.1429,36.356],[128.1454,36.353],[128.1458,36.3476],[128.1498,36.344],[128.1551,36.3417],[128.1592,36.3421],[128.1598,36.337],[128.164,36.3343],[128.1696,36.3365],[128.1743,36.333],[128.1775,36.3378],[128.1856,36.3384],[128.1887,36.3462],[128.1857,36.3487],[128.1825,36.3546],[128.1831,36.3607]]]},"properties":{"sigun":"상주시","emd":"신흥동","code":"4725057000"}},
{"type":"Feature","geometry":{"type":"Polygon","coordinates":[[[128.217,36.8131],[128.2088,36.8135],[128.1922,36.8179],[128.1904,36.8169],[128.1827,36.8181],[128.1759,36.8212],[128.1685,36.8214],[128.1652,36.82],[128.156,36.8233],[128.1547,36.8253],[128.1465,36.8294],[128.1449,36.8324],[128.136,36.8341],[128.132,36.8263],[128.1226,36.8225],[128.1181,36.8223],[128.1122,36.8189],[128.1086,36.8122],[128.1068,36.8058],[128.1008,36.8058],[128.0926,36.8028],[128.0924,36.7965],[128.0874,36.797],[128.084,36.7994],[128.0842,36.804],[128.0815,36.8068],[128.0675,36.8158],[128.0635,36.8172],[128.0587,36.8161],[128.0576,36.8071],[128.0542,36.8049],[128.0563,36.799],[128.0551,36.7932],[128.0508,36.7882],[128.0446,36.7846],[128.0465,36.78],[128.0444,36.7712],[128.0408,36.7674],[128.0359,36.7591],[128.0321,36.7546],[128.0325,36.7475],[128.0372,36.7445],[128.0438,36.7381],[128.0516,36.7361],[128.0556,36.7287],[128.069,36.7217],[128.074,36.7116],[128.0722,36.7081],[128.079,36.7066],[128.087,36.7089],[128.0914,36.7085],[128.0985,36.7106],[128.1046,36.7084],[128.1135,36.7118],[128.121,36.7214],[128.1242,36.7188],[128.1371,36.7183],[128.1416,36.7199],[128.1494,36.7179],[128.1575,36.7187],[128.163,36.7222],[128.1752,36.7231],[128.1746,36.7282],[128.1778,36.7354],[128.1819,36.7381],[128.2013,36.7454],[128.1983,36.7528],[128.1989,36.7568],[128.2045,36.7602],[128.209,36.7649],[128.2068,36.7676],[128.2078,36.7761],[128.2094,36.7777],[128.2104,36.7847],[128.2134,36.7875],[128.222,36.7885],[128.2242,36.7903],[128.232,36.7902],[128.2329,36.7935],[128.2328,36.8037],[128.2238,36.8071],[128.217,36.8131]]]},"properties":{"sigun":"문경시","emd":"문경읍","code":"4728025000"}},
{"type":"Feature","geometry":{"type":"Polygon","coordinates":[[[128.0488,36.7075],[128.0398,36.7145],[128.0334,36.7168],[128.0317,36.7191],[128.0261,36.7191],[128.0222,36.7259],[128.0143,36.7283],[128.0084,36.7278],[128.0054,36.7204],[128.0026,36.7166],[127.9984,36.7181],[127.9868,36.7175],[127.9804,36.72],[127.9733,36.7256],[127.9709,36.7306],[127.9608,36.7368],[127.9568,36.7331],[127.9542,36.7276],[127.9522,36.7199],[127.948,36.7175],[127.9495,36.7123],[127.9491,36.706],[127.9463,36.7044],[127.9413,36.7062],[127.9317,36.7063],[127.9316,36.6934],[127.9277,36.6898],[127.9154,36.694],[127.9129,36.6926],[127.8946,36.6929],[127.8874,36.6913],[127.8855,36.6878],[127.8773,36.6822],[127.8792,36.6784],[127.8877,36.6789],[127.892,36.6823],[127.8963,36.6825],[127.9067,36.6802],[127.9129,36.6777],[127.9185,36.668],[127.9256,36.6692],[127.9323,36.6652],[127.9315,36.6536],[127.9359,36.6527],[127.9392,36.6496],[127.9434,36.652],[127.9536,36.6496],[127.9608,36.6465],[127.9654,36.6415],[127.9757,36.6361],[127.9796,36.6372],[127.9854,36.635],[127.9978,36.6336],[128.0011,36.6366],[128.0088,36.6358],[128.0113,36.6263],[128.0092,36.6205],[128.0091,36.607],[128.0128,36.6012],[128.0115,36.5973],[128.0158,36.5924],[128.0181,36.5876],[128.0226,36.5839],[128.0281,36.5825],[128.0362,36.5857],[128.0446,36.582],[128.0523,36.5844],[128.0564,36.5828],[128.0614,36.5886],[128.0653,36.5896],[128.0685,36.5961],[128.073,36.6005],[128.0728,36.605],[128.0759,36.6054],[128.0868,36.6092],[128.0923,36.6078],[128.1018,36.6086],[128.1056,36.6068],[128.1121,36.611],[128.1119,36.6161],[128.1156,36.621],[128.1106,36.625],[128.1067,36.6258],[128.1064,36.6301],[128.1107,36.631],[128.1158,36.6346],[128.1132,36.6395],[128.1148,36.6441],[128.1094,36.6472],[128.0905,36.6439],[128.0828,36.6446],[128.0738,36.651],[128.0732,36.6539],[128.069,36.6585],[128.0644,36.6578],[128.0627,36.669],[128.0574,36.6723],[128.0538,36.6726],[128.0548,36.6799],[128.0494,36.6873],[128.0408,36.6907],[128.0401,36.6953],[128.0417,36.7012],[128.0488,36.7075]]]},"properties":{"sigun":"문경시","emd":"가은읍","code":"4728025300"}},
{"type":"Feature","geometry":{"type":"Polygon","coordinates":[[[128.2716,36.6],[128.2592,36.5948],[128.2623,36.5905],[128.2584,36.5868],[128.2543,36.5886],[128.2505,36.5931],[128.2465,36.5932],[128.2354,36.591],[128.2348,36.5865],[128.2282,36.5876],[128.2273,36.5961],[128.2181,36.5979],[128.2171,36.6029],[128.2113,36.6016],[128.209,36.5983],[128.2112,36.593],[128.2155,36.5902],[128.2199,36.5845],[128.2205,36.5783],[128.2173,36.5737],[128.2215,36.5695],[128.2161,36.5639],[128.2159,36.5566],[128.2187,36.5408],[128.2221,36.5333],[128.2295,36.5297],[128.2365,36.5286],[128.2482,36.5328],[128.2552,36.534],[128.2591,36.5323],[128.2686,36.533],[128.2674,36.5376],[128.2633,36.5424],[128.2651,36.5503],[128.2702,36.5521],[128.279,36.5517],[128.2977,36.5531],[128.2949,36.5588],[128.296,36.5639],[128.2961,36.5748],[128.295,36.5787],[128.2855,36.5781],[128.2833,36.5814],[128.2801,36.5909],[128.2716,36.6]]]},"properties":{"sigun":"문경시","emd":"영순면","code":"4728031000"}},
{"type":"Feature","geometry":{"type":"Polygon","coordinates":[[[128.3096,36.6563],[128.3074,36.6571],[128.2953,36.6555],[128.2891,36.6558],[128.2841,36.6506],[128.278,36.6502],[128.2638,36.645],[128.2591,36.6473],[128.2521,36.6455],[128.2521,36.6417],[128.2557,36.6341],[128.2515,36.6321],[128.2475,36.6341],[128.2383,36.6454],[128.2401,36.65],[128.2357,36.649],[128.2293,36.6419],[128.233,36.6409],[128.2335,36.6351],[128.2288,36.6323],[128.2335,36.628],[128.2285,36.6257],[128.2273,36.6231],[128.2302,36.6193],[128.2275,36.6155],[128.2231,36.6214],[128.2167,36.6213],[128.2098,36.6162],[128.2179,36.6054],[128.2171,36.6029],[128.2181,36.5979],[128.2273,36.5961],[128.2282,36.5876],[128.2348,36.5865],[128.2354,36.591],[128.2465,36.5932],[128.2505,36.5931],[128.2543,36.5886],[128.2584,36.5868],[128.2623,36.5905],[128.2592,36.5948],[128.2716,36.6],[128.2666,36.6028],[128.2625,36.6074],[128.2619,36.611],[128.2718,36.6099],[128.2758,36.6154],[128.2836,36.6172],[128.2874,36.6213],[128.2865,36.6233],[128.2896,36.6295],[128.2935,36.6324],[128.298,36.6329],[128.3063,36.6361],[128.3096,36.6411],[128.3091,36.6487],[128.3074,36.6539],[128.3096,36.6563]]]},"properties":{"sigun":"문경시","emd":"산양면","code":"4728032000"}},
{"type":"Feature","geometry":{"type":"Polygon","coordinates":[[[128.2401,36.65],[128.2429,36.6526],[128.2421,36.6567],[128.2472,36.6602],[128.2461,36.667],[128.2476,36.6734],[128.2499,36.6751],[128.2416,36.6789],[128.234,36.6795],[128.2348,36.6866],[128.2297,36.6902],[128.2231,36.6969],[128.2217,36.7004],[128.2234,36.7088],[128.2196,36.713],[128.2154,36.712],[128.2083,36.7132],[128.2018,36.7126],[128.1993,36.7101],[128.1934,36.703],[128.1891,36.7012],[128.1851,36.6961],[128.1688,36.6842],[128.1673,36.6763],[128.158,36.666],[128.1435,36.6639],[128.1396,36.6586],[128.1436,36.6517],[128.1528,36.6418],[128.1584,36.6416],[128.1681,36.6441],[128.1776,36.6457],[128.1889,36.6434],[128.1973,36.643],[128.201,36.6386],[128.202,36.6305],[128.2098,36.6162],[128.2167,36.6213],[128.2231,36.6214],[128.2275,36.6155],[128.2302,36.6193],[128.2273,36.6231],[128.2285,36.6257],[128.2335,36.628],[128.2288,36.6323],[128.2335,36.6351],[128.233,36.6409],[128.2293,36.6419],[128.2357,36.649],[128.2401,36.65]]]},"properties":{"sigun":"문경시","emd":"호계면","code":"4728033000"}},
{"type":"Feature","geometry":{"type":"Polygon","coordinates":[[[128.232,36.7902],[128.2242,36.7903],[128.222,36.7885],[128.2134,36.7875],[128.2104,36.7847],[128.2094,36.7777],[128.2078,36.7761],[128.2068,36.7676],[128.209,36.7649],[128.2045,36.7602],[128.1989,36.7568],[128.1983,36.7528],[128.2013,36.7454],[128.1819,36.7381],[128.1778,36.7354],[128.1746,36.7282],[128.1752,36.7231],[128.1813,36.7196],[128.1818,36.7166],[128.1874,36.7152],[128.1993,36.7101],[128.2018,36.7126],[128.2083,36.7132],[128.2154,36.712],[128.2196,36.713],[128.2234,36.7088],[128.2217,36.7004],[128.2231,36.6969],[128.2297,36.6902],[128.2348,36.6866],[128.234,36.6795],[128.2416,36.6789],[128.2499,36.6751],[128.2476,36.6734],[128.2461,36.667],[128.2472,36.6602],[128.2421,36.6567],[128.2429,36.6526],[128.2401,36.65],[128.2383,36.6454],[128.2475,36.6341],[128.2515,36.6321],[128.2557,36.6341],[128.2521,36.6417],[128.2521,36.6455],[128.2591,36.6473],[128.2638,36.645],[128.278,36.6502],[128.2841,36.6506],[128.2891,36.6558],[128.2953,36.6555],[128.3074,36.6571],[128.3096,36.6563],[128.3161,36.657],[128.319,36.6552],[128.3203,36.6445],[128.3256,36.6441],[128.3333,36.6407],[128.3435,36.647],[128.3479,36.6472],[128.3503,36.6524],[128.3491,36.6548],[128.3415,36.6562],[128.3343,36.6616],[128.3324,36.6673],[128.3264,36.6688],[128.3236,36.6748],[128.3204,36.6783],[128.3106,36.6767],[128.2952,36.6847],[128.2952,36.689],[128.2999,36.6957],[128.3012,36.7007],[128.2901,36.7039],[128.2926,36.7122],[128.2822,36.7154],[128.2834,36.7199],[128.2868,36.7238],[128.2881,36.7308],[128.2848,36.7384],[128.2762,36.7427],[128.2789,36.7467],[128.2808,36.753],[128.283,36.7552],[128.279,36.7583],[128.2717,36.7614],[128.2707,36.7657],[128.2674,36.7704],[128.2694,36.7779],[128.2659,36.7788],[128.2586,36.7846],[128.2478,36.7873],[128.2377,36.7875],[128.232,36.7902]]]},"properties":{"sigun":"문경시","emd":"산북면","code":"4728034000"}},
{"type":"Feature","geometry":{"type":"Polygon","coordinates":[[[128.3666,36.8006],[128.3626,36.8005],[128.3564,36.8041],[128.3544,36.8092],[128.3444,36.8125],[128.3342,36.817],[128.3235,36.8154],[128.3166,36.8166],[128.3157,36.8231],[128.3107,36.8285],[128.3056,36.8285],[128.3037,36.8315],[128.2966,36.8344],[128.29,36.843],[128.2869,36.8446],[128.2845,36.8531],[128.282,36.8566],[128.2769,36.8571],[128.269,36.8601],[128.264,36.8642],[128.2519,36.8673],[128.2405,36.8712],[128.239,36.8652],[128.2353,36.8609],[128.234,36.8557],[128.2378,36.8509],[128.2368,36.8481],[128.2228,36.8473],[128.2155,36.849],[128.2128,36.8394],[128.2154,36.8339],[128.2161,36.8228],[128.2185,36.8154],[128.217,36.8131],[128.2238,36.8071],[128.2328,36.8037],[128.2329,36.7935],[128.232,36.7902],[128.2377,36.7875],[128.2478,36.7873],[128.2586,36.7846],[128.2659,36.7788],[128.2694,36.7779],[128.2674,36.7704],[128.2707,36.7657],[128.2717,36.7614],[128.279,36.7583],[128.283,36.7552],[128.2808,36.753],[128.2789,36.7467],[128.2762,36.7427],[128.2848,36.7384],[128.2881,36.7308],[128.2868,36.7238],[128.2834,36.7199],[128.2822,36.7154],[128.2926,36.7122],[128.2901,36.7039],[128.3012,36.7007],[128.2999,36.6957],[128.2952,36.689],[128.2952,36.6847],[128.3106,36.6767],[128.3204,36.6783],[128.3308,36.6851],[128.3362,36.6936],[128.3315,36.6967],[128.3311,36.6995],[128.3352,36.7037],[128.3373,36.7094],[128.3314,36.7205],[128.3336,36.7248],[128.3319,36.7267],[128.3331,36.7321],[128.3386,36.7408],[128.3554,36.7408],[128.3596,36.7402],[128.3697,36.7507],[128.3628,36.7608],[128.3677,36.7675],[128.3642,36.775],[128.366,36.7783],[128.3674,36.7917],[128.3696,36.7947],[128.3666,36.8006]]]},"properties":{"sigun":"문경시","emd":"동로면","code":"4728035000"}},
{"type":"Feature","geometry":{"type":"Polygon","coordinates":[[[128.1993,36.7101],[128.1874,36.7152],[128.1818,36.7166],[128.1813,36.7196],[128.1752,36.7231],[128.163,36.7222],[128.1575,36.7187],[128.1494,36.7179],[128.1416,36.7199],[128.1371,36.7183],[128.1242,36.7188],[128.121,36.7214],[128.1135,36.7118],[128.1046,36.7084],[128.0985,36.7106],[128.0914,36.7085],[128.087,36.7089],[128.079,36.7066],[128.0722,36.7081],[128.0713,36.7073],[128.0559,36.7086],[128.0488,36.7075],[128.0417,36.7012],[128.0401,36.6953],[128.0408,36.6907],[128.0494,36.6873],[128.0548,36.6799],[128.0538,36.6726],[128.0574,36.6723],[128.0627,36.669],[128.0644,36.6578],[128.069,36.6585],[128.0732,36.6539],[128.0738,36.651],[128.0828,36.6446],[128.0905,36.6439],[128.1094,36.6472],[128.1148,36.6441],[128.1211,36.6473],[128.1293,36.6461],[128.1347,36.6467],[128.1376,36.6491],[128.138,36.6529],[128.1359,36.6581],[128.1396,36.6586],[128.1435,36.6639],[128.158,36.666],[128.1673,36.6763],[128.1688,36.6842],[128.1851,36.6961],[128.1891,36.7012],[128.1934,36.703],[128.1993,36.7101]]]},"properties":{"sigun":"문경시","emd":"마성면","code":"4728036000"}},
{"type":"Feature","geometry":{"type":"Polygon","coordinates":[[[128.0564,36.5828],[128.0523,36.5844],[128.0446,36.582],[128.0362,36.5857],[128.0281,36.5825],[128.0226,36.5839],[128.0181,36.5876],[128.0158,36.5924],[128.0115,36.5973],[128.0128,36.6012],[128.0091,36.607],[128.0092,36.6205],[128.0113,36.6263],[128.0088,36.6358],[128.0011,36.6366],[127.9978,36.6336],[127.9854,36.635],[127.9796,36.6372],[127.9757,36.6361],[127.9654,36.6415],[127.9608,36.6465],[127.9536,36.6496],[127.9434,36.652],[127.9392,36.6496],[127.9396,36.6469],[127.9358,36.6434],[127.9346,36.6368],[127.936,36.6336],[127.9322,36.6246],[127.9336,36.6205],[127.9316,36.6179],[127.9249,36.6155],[127.9251,36.6081],[127.9204,36.6036],[127.9278,36.5943],[127.9331,36.5906],[127.9334,36.5839],[127.9307,36.5776],[127.9342,36.5739],[127.9372,36.5643],[127.933,36.5583],[127.9413,36.5511],[127.9404,36.5464],[127.9358,36.5435],[127.9377,36.5379],[127.931,36.5347],[127.9362,36.5282],[127.9442,36.5259],[127.9529,36.5269],[127.9582,36.5269],[127.9583,36.5229],[127.961,36.5202],[127.977,36.5136],[127.9795,36.5141],[127.9795,36.5214],[127.9815,36.5283],[127.9778,36.5324],[127.981,36.5354],[127.9787,36.5424],[127.9826,36.5453],[127.9914,36.5444],[127.9978,36.5497],[128.0049,36.5507],[128.0109,36.5483],[128.0166,36.544],[128.0228,36.5447],[128.0294,36.5475],[128.0406,36.5483],[128.0522,36.5461],[128.0589,36.5553],[128.0581,36.5569],[128.0657,36.5624],[128.0621,36.5684],[128.0606,36.5742],[128.0569,36.579],[128.0564,36.5828]]]},"properties":{"sigun":"문경시","emd":"농암면","code":"4728037000"}},
{"type":"Feature","geometry":{"type":"Polygon","coordinates":[[[128.2051,36.5969],[128.1999,36.6018],[128.1959,36.6026],[128.1884,36.6016],[128.1869,36.5992],[128.1899,36.5985],[128.192,36.5926],[128.1943,36.5957],[128.2051,36.5969]]]},"properties":{"sigun":"문경시","emd":"점촌1동","code":"4728057000"}},
{"type":"Feature","geometry":{"type":"Polygon","coordinates":[[[128.2112,36.593],[128.2051,36.5969],[128.1943,36.5957],[128.192,36.5926],[128.1943,36.5829],[128.2016,36.5787],[128.205,36.5785],[128.2059,36.5732],[128.2173,36.5737],[128.2205,36.5783],[128.2199,36.5845],[128.2155,36.5902],[128.2112,36.593]]]},"properties":{"sigun":"문경시","emd":"점촌2동","code":"4728058000"}},
{"type":"Feature","geometry":{"type":"Polygon","coordinates":[[[128.2098,36.6162],[128.202,36.6305],[128.201,36.6386],[128.1973,36.643],[128.1889,36.6434],[128.1878,36.6378],[128.1802,36.6322],[128.1801,36.6294],[128.1911,36.6116],[128.1959,36.6026],[128.1999,36.6018],[128.2051,36.5969],[128.2112,36.593],[128.209,36.5983],[128.2113,36.6016],[128.2171,36.6029],[128.2179,36.6054],[128.2098,36.6162]]]},"properties":{"sigun":"문경시","emd":"점촌3동","code":"4728059000"}},
{"type":"Feature","geometry":{"type":"Polygon","coordinates":[[[128.1396,36.6586],[128.1359,36.6581],[128.138,36.6529],[128.1376,36.6491],[128.1347,36.6467],[128.1293,36.6461],[128.1211,36.6473],[128.1148,36.6441],[128.1132,36.6395],[128.1158,36.6346],[128.1107,36.631],[128.1064,36.6301],[128.1067,36.6258],[128.1106,36.625],[128.1156,36.621],[128.1232,36.6193],[128.1297,36.6142],[128.1345,36.6133],[128.146,36.6061],[128.1512,36.5997],[128.1556,36.6011],[128.1648,36.5976],[128.1757,36.597],[128.1775,36.5954],[128.1869,36.5992],[128.1884,36.6016],[128.1959,36.6026],[128.1911,36.6116],[128.1801,36.6294],[128.1802,36.6322],[128.1878,36.6378],[128.1889,36.6434],[128.1776,36.6457],[128.1681,36.6441],[128.1584,36.6416],[128.1528,36.6418],[128.1436,36.6517],[128.1396,36.6586]]]},"properties":{"sigun":"문경시","emd":"점촌4동","code":"4728060000"}},
{"type":"Feature","geometry":{"type":"Polygon","coordinates":[[[128.192,36.5926],[128.1899,36.5985],[128.1869,36.5992],[128.1775,36.5954],[128.18,36.59],[128.1785,36.5836],[128.1835,36.5816],[128.1894,36.5836],[128.1943,36.5829],[128.192,36.5926]]]},"properties":{"sigun":"문경시","emd":"점촌5동","code":"4728061000"}},
{"type":"Feature","geometry":{"type":"Polygon","coordinates":[[[128.8432,35.9083],[128.8376,35.912],[128.8415,35.9181],[128.8392,35.9259],[128.8422,35.9327],[128.8407,35.9347],[128.8301,35.9367],[128.8259,35.9423],[128.8177,35.9454],[128.8115,35.941],[128.8042,35.9404],[128.7944,35.9438],[128.7884,35.944],[128.7816,35.9405],[128.7752,35.9391],[128.7718,35.9424],[128.7644,35.9413],[128.7456,35.9444],[128.7394,35.935],[128.7384,35.9284],[128.7445,35.9219],[128.7566,35.9149],[128.7604,35.907],[128.7572,35.9046],[128.7576,35.8959],[128.7601,35.8912],[128.7619,35.8832],[128.7582,35.8782],[128.7607,35.8739],[128.7586,35.8706],[128.76,35.8655],[128.7681,35.8664],[128.7785,35.8722],[128.7822,35.8731],[128.7907,35.879],[128.8008,35.8807],[128.8098,35.8927],[128.8098,35.8975],[128.8147,35.8983],[128.8147,35.9055],[128.8197,35.9076],[128.8295,35.9093],[128.8432,35.9083]]]},"properties":{"sigun":"경산시","emd":"하양읍","code":"4729025000"}},
{"type":"Feature","geometry":{"type":"Polygon","coordinates":[[[128.8432,35.9083],[128.8295,35.9093],[128.8197,35.9076],[128.8147,35.9055],[128.8147,35.8983],[128.8098,35.8975],[128.8098,35.8927],[128.8008,35.8807],[128.7907,35.879],[128.7822,35.8731],[128.7905,35.8662],[128.7913,35.8603],[128.7957,35.8615],[128.8046,35.8576],[128.8031,35.8524],[128.7978,35.8537],[128.794,35.8508],[128.7947,35.8469],[128.7984,35.8423],[128.8056,35.8473],[128.8189,35.8462],[128.8215,35.8425],[128.8338,35.8383],[128.8384,35.8403],[128.8429,35.834],[128.8491,35.8312],[128.8559,35.8301],[128.8601,35.8375],[128.8632,35.8402],[128.8691,35.8403],[128.8734,35.8438],[128.8752,35.851],[128.8751,35.8605],[128.873,35.866],[128.8636,35.8706],[128.8598,35.8737],[128.8592,35.8788],[128.866,35.8836],[128.8695,35.8834],[128.8752,35.8882],[128.8697,35.8941],[128.8553,35.8998],[128.8554,35.9057],[128.8532,35.908],[128.8432,35.9083]]]},"properties":{"sigun":"경산시","emd":"진량읍","code":"4729025300"}},
{"type":"Feature","geometry":{"type":"Polygon","coordinates":[[[128.8613,35.9373],[128.8603,35.9431],[128.8562,35.9527],[128.8522,35.9595],[128.846,35.9629],[128.8415,35.9623],[128.8365,35.9681],[128.8278,35.964],[128.8132,35.9654],[128.8118,35.9732],[128.8073,35.9751],[128.7986,35.9817],[128.7908,35.9837],[128.7861,35.988],[128.7725,35.983],[128.7652,35.9839],[128.7608,35.9872],[128.752,35.9907],[128.7494,35.9905],[128.74,35.9932],[128.7352,35.9929],[128.7314,35.9871],[128.733,35.9828],[128.7363,35.9816],[128.7388,35.9763],[128.745,35.974],[128.7461,35.9708],[128.7421,35.9598],[128.739,35.9553],[128.7418,35.948],[128.7456,35.9444],[128.7644,35.9413],[128.7718,35.9424],[128.7752,35.9391],[128.7816,35.9405],[128.7884,35.944],[128.7944,35.9438],[128.8042,35.9404],[128.8115,35.941],[128.8177,35.9454],[128.8259,35.9423],[128.8301,35.9367],[128.8407,35.9347],[128.8422,35.9327],[128.8392,35.9259],[128.8415,35.9181],[128.8376,35.912],[128.8432,35.9083],[128.8532,35.908],[128.8567,35.9116],[128.8566,35.916],[128.8525,35.9203],[128.8574,35.9267],[128.8622,35.9285],[128.8613,35.9373]]]},"properties":{"sigun":"경산시","emd":"와촌면","code":"4729031000"}},
{"type":"Feature","geometry":{"type":"Polygon","coordinates":[[[128.8559,35.8301],[128.8491,35.8312],[128.8429,35.834],[128.8384,35.8403],[128.8338,35.8383],[128.8215,35.8425],[128.8189,35.8462],[128.8056,35.8473],[128.7984,35.8423],[128.7947,35.8469],[128.79,35.8479],[128.7888,35.8401],[128.7958,35.8365],[128.7958,35.8326],[128.8043,35.8241],[128.8012,35.818],[128.8034,35.8152],[128.8058,35.8128],[128.803,35.8087],[128.8098,35.8062],[128.8071,35.8002],[128.8124,35.7965],[128.8216,35.798],[128.825,35.7966],[128.8307,35.7987],[128.8376,35.7945],[128.8415,35.7949],[128.8418,35.802],[128.8438,35.8055],[128.8525,35.8106],[128.8541,35.8158],[128.8573,35.82],[128.8559,35.8301]]]},"properties":{"sigun":"경산시","emd":"자인면","code":"4729033000"}},
{"type":"Feature","geometry":{"type":"Polygon","coordinates":[[[128.9693,35.8409],[128.9592,35.8417],[128.9495,35.833],[128.944,35.8299],[128.9412,35.8308],[128.9387,35.8356],[128.9336,35.8371],[128.9257,35.8356],[128.924,35.8336],[128.9149,35.8374],[128.914,35.8338],[128.9101,35.8316],[128.9022,35.8371],[128.8945,35.8374],[128.8921,35.8446],[128.8822,35.8432],[128.8785,35.8493],[128.8752,35.851],[128.8734,35.8438],[128.8691,35.8403],[128.8632,35.8402],[128.8601,35.8375],[128.8559,35.8301],[128.8573,35.82],[128.8541,35.8158],[128.8525,35.8106],[128.8438,35.8055],[128.8418,35.802],[128.8415,35.7949],[128.8489,35.7919],[128.8559,35.7947],[128.8585,35.7837],[128.8562,35.7778],[128.8628,35.7704],[128.8598,35.7638],[128.857,35.7618],[128.8567,35.7573],[128.8604,35.7552],[128.8665,35.758],[128.8762,35.748],[128.8865,35.7512],[128.8916,35.7548],[128.8948,35.7638],[128.8987,35.7616],[128.901,35.7523],[128.9035,35.7469],[128.9078,35.7479],[128.9079,35.7513],[128.9141,35.7581],[128.9216,35.7555],[128.9261,35.7555],[128.9345,35.7613],[128.9404,35.7711],[128.9419,35.7771],[128.9463,35.7815],[128.9447,35.7868],[128.9497,35.7933],[128.9509,35.7982],[128.9556,35.8028],[128.9544,35.8112],[128.9581,35.8176],[128.9599,35.8233],[128.9659,35.8345],[128.9708,35.8354],[128.9693,35.8409]]]},"properties":{"sigun":"경산시","emd":"용성면","code":"4729034000"}},
{"type":"Feature","geometry":{"type":"Polygon","coordinates":[[[128.8415,35.7949],[128.8376,35.7945],[128.8307,35.7987],[128.825,35.7966],[128.8216,35.798],[128.8124,35.7965],[128.8071,35.8002],[128.8098,35.8062],[128.803,35.8087],[128.8058,35.8128],[128.8034,35.8152],[128.7982,35.8113],[128.7987,35.8079],[128.7946,35.804],[128.7958,35.7923],[128.7898,35.7885],[128.7899,35.7853],[128.7811,35.7766],[128.7768,35.7753],[128.775,35.772],[128.7778,35.7692],[128.7849,35.7682],[128.792,35.7644],[128.7931,35.758],[128.796,35.7547],[128.8009,35.745],[128.8057,35.7438],[128.8104,35.7401],[128.8155,35.7432],[128.8271,35.7384],[128.837,35.7452],[128.8446,35.7417],[128.849,35.7412],[128.855,35.7438],[128.8584,35.7474],[128.8546,35.7539],[128.8567,35.7573],[128.857,35.7618],[128.8598,35.7638],[128.8628,35.7704],[128.8562,35.7778],[128.8585,35.7837],[128.8559,35.7947],[128.8489,35.7919],[128.8415,35.7949]]]},"properties":{"sigun":"경산시","emd":"남산면","code":"4729035000"}},
{"type":"Feature","geometry":{"type":"Polygon","coordinates":[[[128.7947,35.8469],[128.794,35.8508],[128.7978,35.8537],[128.8031,35.8524],[128.8046,35.8576],[128.7957,35.8615],[128.7913,35.8603],[128.7905,35.8662],[128.7822,35.8731],[128.7785,35.8722],[128.7681,35.8664],[128.76,35.8655],[128.7539,35.864],[128.7516,35.8575],[128.7466,35.8566],[128.7407,35.8517],[128.7516,35.8528],[128.7551,35.8514],[128.7542,35.8474],[128.7559,35.8415],[128.7618,35.8375],[128.7704,35.8339],[128.7735,35.8349],[128.78,35.8319],[128.7818,35.8285],[128.7788,35.8237],[128.7785,35.8199],[128.7868,35.8138],[128.7982,35.8113],[128.8034,35.8152],[128.8012,35.818],[128.8043,35.8241],[128.7958,35.8326],[128.7958,35.8365],[128.7888,35.8401],[128.79,35.8479],[128.7947,35.8469]]]},"properties":{"sigun":"경산시","emd":"압량읍","code":"4729025600"}},
{"type":"Feature","geometry":{"type":"Polygon","coordinates":[[[128.7349,35.7992],[128.729,35.7984],[128.7228,35.8009],[128.7206,35.8054],[128.7177,35.8067],[128.7113,35.8051],[128.6974,35.7941],[128.6943,35.7966],[128.6891,35.7924],[128.6826,35.7899],[128.6813,35.7856],[128.6866,35.7784],[128.6887,35.7694],[128.6919,35.7652],[128.6925,35.7599],[128.6962,35.7566],[128.6926,35.748],[128.6944,35.7439],[128.7019,35.7437],[128.7048,35.7353],[128.7108,35.7311],[128.7153,35.7208],[128.7222,35.7192],[128.7311,35.7201],[128.7361,35.7163],[128.7376,35.709],[128.7436,35.7039],[128.7539,35.7006],[128.7656,35.7004],[128.7662,35.7068],[128.7628,35.7085],[128.7644,35.7161],[128.774,35.7213],[128.7747,35.7294],[128.7844,35.7315],[128.7843,35.7348],[128.7893,35.7423],[128.7988,35.7431],[128.8009,35.745],[128.796,35.7547],[128.7931,35.758],[128.792,35.7644],[128.7849,35.7682],[128.7778,35.7692],[128.775,35.772],[128.7768,35.7753],[128.7711,35.7806],[128.7626,35.7802],[128.7585,35.7854],[128.7511,35.7855],[128.7478,35.7873],[128.7447,35.7879],[128.7383,35.7929],[128.7349,35.7992]]]},"properties":{"sigun":"경산시","emd":"남천면","code":"4729037000"}},
{"type":"Feature","geometry":{"type":"Polygon","coordinates":[[[128.7433,35.8193],[128.7438,35.8236],[128.7425,35.8307],[128.7363,35.8281],[128.7348,35.8213],[128.7363,35.8172],[128.7411,35.8163],[128.7433,35.8193]]]},"properties":{"sigun":"경산시","emd":"중앙동","code":"4729052000"}},
{"type":"Feature","geometry":{"type":"Polygon","coordinates":[[[128.7785,35.8199],[128.773,35.8141],[128.7647,35.8163],[128.7609,35.8224],[128.7582,35.8307],[128.7538,35.8316],[128.7501,35.8288],[128.746,35.8313],[128.7425,35.8307],[128.7438,35.8236],[128.7433,35.8193],[128.7469,35.8166],[128.7476,35.8123],[128.7444,35.809],[128.7502,35.8035],[128.7535,35.7964],[128.75,35.7924],[128.7478,35.7873],[128.7511,35.7855],[128.7585,35.7854],[128.7626,35.7802],[128.7711,35.7806],[128.7768,35.7753],[128.7811,35.7766],[128.7899,35.7853],[128.7898,35.7885],[128.7958,35.7923],[128.7946,35.804],[128.7987,35.8079],[128.7982,35.8113],[128.7868,35.8138],[128.7785,35.8199]]]},"properties":{"sigun":"경산시","emd":"동부동","code":"4729056000"}},
{"type":"Feature","geometry":{"type":"Polygon","coordinates":[[[128.7313,35.8283],[128.7259,35.8295],[128.7192,35.8264],[128.7125,35.8305],[128.7088,35.8267],[128.7097,35.8207],[128.7132,35.8179],[128.7177,35.8067],[128.7206,35.8054],[128.7228,35.8009],[128.729,35.7984],[128.7349,35.7992],[128.737,35.8131],[128.7328,35.8192],[128.7308,35.8214],[128.7313,35.8283]]]},"properties":{"sigun":"경산시","emd":"서부1동","code":"4729054100"}},
{"type":"Feature","geometry":{"type":"Polygon","coordinates":[[[128.7478,35.7873],[128.75,35.7924],[128.7535,35.7964],[128.7502,35.8035],[128.7444,35.809],[128.7476,35.8123],[128.7469,35.8166],[128.7433,35.8193],[128.7411,35.8163],[128.7363,35.8172],[128.7348,35.8213],[128.7328,35.8192],[128.737,35.8131],[128.7349,35.7992],[128.7383,35.7929],[128.7447,35.7879],[128.7478,35.7873]]]},"properties":{"sigun":"경산시","emd":"남부동","code":"4729053000"}},
{"type":"Feature","geometry":{"type":"Polygon","coordinates":[[[128.7407,35.8517],[128.7358,35.8509],[128.725,35.8578],[128.7262,35.8442],[128.7323,35.834],[128.7359,35.8345],[128.7409,35.8377],[128.7425,35.8307],[128.746,35.8313],[128.7501,35.8288],[128.7538,35.8316],[128.7582,35.8307],[128.7609,35.8224],[128.7647,35.8163],[128.773,35.8141],[128.7785,35.8199],[128.7788,35.8237],[128.7818,35.8285],[128.78,35.8319],[128.7735,35.8349],[128.7704,35.8339],[128.7618,35.8375],[128.7559,35.8415],[128.7542,35.8474],[128.7551,35.8514],[128.7516,35.8528],[128.7407,35.8517]]]},"properties":{"sigun":"경산시","emd":"북부동","code":"4729055000"}},
{"type":"Feature","geometry":{"type":"Polygon","coordinates":[[[128.7425,35.8307],[128.7409,35.8377],[128.7359,35.8345],[128.7323,35.834],[128.7313,35.8283],[128.7308,35.8214],[128.7328,35.8192],[128.7348,35.8213],[128.7363,35.8281],[128.7425,35.8307]]]},"properties":{"sigun":"경산시","emd":"중방동","code":"4729051000"}},
{"type":"Feature","geometry":{"type":"Polygon","coordinates":[[[128.7323,35.834],[128.7262,35.8442],[128.7241,35.84],[128.7252,35.8366],[128.7189,35.8357],[128.7125,35.8305],[128.7192,35.8264],[128.7259,35.8295],[128.7313,35.8283],[128.7323,35.834]]]},"properties":{"sigun":"경산시","emd":"서부2동","code":"4729054200"}},
{"type":"Feature","geometry":{"type":"Polygon","coordinates":[[[128.7372,36.3855],[128.7318,36.3823],[128.7279,36.3829],[128.7262,36.386],[128.7186,36.385],[128.716,36.3822],[128.7096,36.3821],[128.7063,36.3975],[128.6995,36.4007],[128.6959,36.4037],[128.6888,36.4024],[128.6859,36.3992],[128.686,36.3947],[128.683,36.39],[128.6789,36.389],[128.6763,36.3916],[128.6684,36.3909],[128.6652,36.3786],[128.6614,36.3801],[128.6572,36.3789],[128.6607,36.3717],[128.659,36.3649],[128.6561,36.3621],[128.6573,36.358],[128.6545,36.3462],[128.6584,36.3397],[128.6582,36.3351],[128.6609,36.3306],[128.6585,36.3271],[128.658,36.3211],[128.6542,36.3154],[128.6668,36.3139],[128.6697,36.3074],[128.6794,36.3055],[128.6874,36.2993],[128.6954,36.297],[128.6966,36.3005],[128.7035,36.303],[128.706,36.3057],[128.7115,36.304],[128.7161,36.3047],[128.7215,36.3138],[128.7249,36.3151],[128.7289,36.3216],[128.7307,36.3279],[128.7362,36.3253],[128.7422,36.328],[128.7433,36.3328],[128.7486,36.3352],[128.7547,36.3324],[128.7568,36.3369],[128.7617,36.3401],[128.7522,36.3415],[128.7451,36.3503],[128.7473,36.3548],[128.7453,36.3591],[128.7421,36.3612],[128.7404,36.3666],[128.7409,36.3763],[128.7396,36.382],[128.7372,36.3855]]]},"properties":{"sigun":"의성군","emd":"의성읍","code":"4773025000"}},
{"type":"Feature","geometry":{"type":"Polygon","coordinates":[[[128.7825,36.4648],[128.776,36.4688],[128.773,36.4756],[128.7674,36.4809],[128.7593,36.4846],[128.7539,36.4851],[128.7471,36.4892],[128.7342,36.4784],[128.7278,36.4764],[128.7179,36.4819],[128.7149,36.4816],[128.7098,36.477],[128.7074,36.4642],[128.7043,36.4545],[128.7066,36.448],[128.6996,36.4474],[128.69,36.4439],[128.6809,36.4447],[128.6781,36.4384],[128.6736,36.4365],[128.6685,36.4389],[128.6629,36.4375],[128.6553,36.4322],[128.6536,36.4295],[128.6458,36.4285],[128.6282,36.4239],[128.629,36.4209],[128.6236,36.4191],[128.6154,36.4195],[128.6102,36.4178],[128.6093,36.4148],[128.615,36.4104],[128.6202,36.4103],[128.6277,36.4079],[128.6272,36.4027],[128.6302,36.4009],[128.6383,36.4],[128.6451,36.3846],[128.649,36.3841],[128.6572,36.3789],[128.6614,36.3801],[128.6652,36.3786],[128.6684,36.3909],[128.6763,36.3916],[128.6789,36.389],[128.683,36.39],[128.686,36.3947],[128.6859,36.3992],[128.6888,36.4024],[128.6959,36.4037],[128.6995,36.4007],[128.7063,36.3975],[128.7096,36.3821],[128.716,36.3822],[128.7186,36.385],[128.7262,36.386],[128.7279,36.3829],[128.7318,36.3823],[128.7372,36.3855],[128.7371,36.389],[128.7279,36.3984],[128.73,36.4039],[128.7394,36.4067],[128.7371,36.4148],[128.7429,36.4199],[128.7413,36.4238],[128.7327,36.4317],[128.7195,36.4341],[128.7268,36.439],[128.7252,36.4415],[128.729,36.4483],[128.7377,36.4482],[128.743,36.4493],[128.745,36.4533],[128.7553,36.4532],[128.7584,36.4573],[128.7586,36.4649],[128.7622,36.4684],[128.766,36.4661],[128.7707,36.4661],[128.7773,36.4598],[128.7819,36.4599],[128.7825,36.4648]]]},"properties":{"sigun":"의성군","emd":"단촌면","code":"4773031000"}},
{"type":"Feature","geometry":{"type":"Polygon","coordinates":[[[128.7825,36.4648],[128.7819,36.4599],[128.7773,36.4598],[128.7707,36.4661],[128.766,36.4661],[128.7622,36.4684],[128.7586,36.4649],[128.7584,36.4573],[128.7553,36.4532],[128.745,36.4533],[128.743,36.4493],[128.7377,36.4482],[128.729,36.4483],[128.7252,36.4415],[128.7268,36.439],[128.7195,36.4341],[128.7327,36.4317],[128.7413,36.4238],[128.7429,36.4199],[128.7371,36.4148],[128.7394,36.4067],[128.73,36.4039],[128.7279,36.3984],[128.7371,36.389],[128.7372,36.3855],[128.7396,36.382],[128.7409,36.3763],[128.7404,36.3666],[128.7421,36.3612],[128.7453,36.3591],[128.7473,36.3548],[128.7451,36.3503],[128.7522,36.3415],[128.7617,36.3401],[128.7688,36.3435],[128.7711,36.3472],[128.7774,36.3473],[128.7787,36.3508],[128.7798,36.3606],[128.7837,36.367],[128.7804,36.3739],[128.7841,36.377],[128.7871,36.3827],[128.7854,36.3878],[128.7879,36.3924],[128.7856,36.3979],[128.787,36.4028],[128.7933,36.4021],[128.796,36.4083],[128.8016,36.4137],[128.7987,36.4193],[128.8032,36.4246],[128.8058,36.4355],[128.8094,36.4374],[128.8132,36.4421],[128.8111,36.4453],[128.8125,36.455],[128.8095,36.4591],[128.7999,36.4588],[128.7984,36.4618],[128.7926,36.4658],[128.7825,36.4648]]]},"properties":{"sigun":"의성군","emd":"점곡면","code":"4773032000"}},
{"type":"Feature","geometry":{"type":"Polygon","coordinates":[[[128.8302,36.4518],[128.823,36.4521],[128.8125,36.455],[128.8111,36.4453],[128.8132,36.4421],[128.8094,36.4374],[128.8058,36.4355],[128.8032,36.4246],[128.7987,36.4193],[128.8016,36.4137],[128.796,36.4083],[128.7933,36.4021],[128.787,36.4028],[128.7856,36.3979],[128.7879,36.3924],[128.7854,36.3878],[128.7871,36.3827],[128.7841,36.377],[128.7804,36.3739],[128.7837,36.367],[128.7798,36.3606],[128.7787,36.3508],[128.7774,36.3473],[128.7812,36.3446],[128.7797,36.3404],[128.7841,36.3352],[128.7882,36.333],[128.7914,36.3265],[128.795,36.3243],[128.7979,36.3196],[128.8021,36.318],[128.8083,36.3109],[128.8164,36.3131],[128.8214,36.3171],[128.8291,36.3147],[128.8292,36.3071],[128.8325,36.3057],[128.8395,36.3081],[128.8426,36.3063],[128.8496,36.3066],[128.8673,36.2954],[128.8761,36.2996],[128.8803,36.297],[128.8858,36.2958],[128.8893,36.2974],[128.8914,36.3055],[128.8874,36.3119],[128.8875,36.3164],[128.8928,36.3209],[128.8929,36.3258],[128.8886,36.3307],[128.8897,36.3338],[128.8856,36.3434],[128.8766,36.3448],[128.8771,36.3485],[128.8808,36.3562],[128.8807,36.3592],[128.8762,36.3647],[128.8721,36.3661],[128.8776,36.3751],[128.8712,36.3782],[128.8639,36.385],[128.8596,36.3878],[128.8504,36.3883],[128.852,36.3944],[128.8513,36.3993],[128.8471,36.4029],[128.8443,36.4079],[128.8453,36.4121],[128.8418,36.4182],[128.8411,36.4224],[128.8374,36.4232],[128.8343,36.4276],[128.8345,36.4358],[128.8298,36.4437],[128.8302,36.4518]]]},"properties":{"sigun":"의성군","emd":"옥산면","code":"4773033000"}},
{"type":"Feature","geometry":{"type":"Polygon","coordinates":[[[128.7774,36.3473],[128.7711,36.3472],[128.7688,36.3435],[128.7617,36.3401],[128.7568,36.3369],[128.7547,36.3324],[128.7486,36.3352],[128.7433,36.3328],[128.7422,36.328],[128.7362,36.3253],[128.7307,36.3279],[128.7289,36.3216],[128.7249,36.3151],[128.7215,36.3138],[128.7232,36.3082],[128.727,36.3055],[128.7272,36.2998],[128.7291,36.2902],[128.7323,36.2879],[128.7425,36.2856],[128.7472,36.2823],[128.7469,36.2778],[128.7607,36.2718],[128.7666,36.2749],[128.7899,36.2739],[128.7988,36.273],[128.81,36.2697],[128.812,36.2632],[128.8219,36.2639],[128.8246,36.2601],[128.8366,36.2642],[128.8466,36.2617],[128.852,36.2665],[128.8581,36.2663],[128.8627,36.2681],[128.8631,36.2738],[128.8708,36.2743],[128.8751,36.2729],[128.8777,36.2758],[128.8786,36.2924],[128.8803,36.297],[128.8761,36.2996],[128.8673,36.2954],[128.8496,36.3066],[128.8426,36.3063],[128.8395,36.3081],[128.8325,36.3057],[128.8292,36.3071],[128.8291,36.3147],[128.8214,36.3171],[128.8164,36.3131],[128.8083,36.3109],[128.8021,36.318],[128.7979,36.3196],[128.795,36.3243],[128.7914,36.3265],[128.7882,36.333],[128.7841,36.3352],[128.7797,36.3404],[128.7812,36.3446],[128.7774,36.3473]]]},"properties":{"sigun":"의성군","emd":"사곡면","code":"4773034000"}},
{"type":"Feature","geometry":{"type":"Polygon","coordinates":[[[128.8466,36.2617],[128.8366,36.2642],[128.8246,36.2601],[128.8219,36.2639],[128.812,36.2632],[128.81,36.2697],[128.7988,36.273],[128.7899,36.2739],[128.7666,36.2749],[128.7607,36.2718],[128.7469,36.2778],[128.7424,36.267],[128.7467,36.2593],[128.7505,36.2547],[128.755,36.2465],[128.7619,36.2404],[128.7565,36.2382],[128.7523,36.2302],[128.7531,36.2261],[128.7659,36.224],[128.7692,36.2211],[128.7832,36.2238],[128.7941,36.2233],[128.7988,36.224],[128.8038,36.2169],[128.8039,36.21],[128.8141,36.211],[128.8226,36.2158],[128.83,36.2176],[128.8347,36.2154],[128.8412,36.2175],[128.8519,36.2149],[128.8586,36.208],[128.8707,36.2037],[128.8731,36.1997],[128.8825,36.199],[128.8937,36.2034],[128.8966,36.2069],[128.8955,36.2136],[128.8873,36.2169],[128.8817,36.2208],[128.8805,36.2258],[128.8697,36.2315],[128.875,36.2354],[128.8792,36.2361],[128.8858,36.2433],[128.8813,36.2525],[128.8753,36.2551],[128.857,36.2551],[128.8528,36.2589],[128.8466,36.2617]]]},"properties":{"sigun":"의성군","emd":"춘산면","code":"4773035000"}},
{"type":"Feature","geometry":{"type":"Polygon","coordinates":[[[128.8039,36.21],[128.8038,36.2169],[128.7988,36.224],[128.7941,36.2233],[128.7832,36.2238],[128.7692,36.2211],[128.7659,36.224],[128.7531,36.2261],[128.7523,36.2302],[128.7565,36.2382],[128.7619,36.2404],[128.755,36.2465],[128.7505,36.2547],[128.7467,36.2593],[128.7424,36.267],[128.7367,36.2616],[128.7295,36.2594],[128.7247,36.2558],[128.7204,36.2472],[128.7131,36.2394],[128.7037,36.2368],[128.702,36.2324],[128.7068,36.2247],[128.7111,36.2198],[128.7075,36.2186],[128.7066,36.2145],[128.7022,36.2124],[128.6999,36.2088],[128.6968,36.2023],[128.7087,36.1986],[128.7189,36.2001],[128.7214,36.198],[128.7277,36.2008],[128.73,36.1985],[128.7352,36.2006],[128.7406,36.1992],[128.7457,36.1946],[128.7494,36.1959],[128.7527,36.2027],[128.7589,36.2004],[128.77,36.1935],[128.7743,36.195],[128.7836,36.1939],[128.786,36.1962],[128.796,36.1938],[128.8031,36.2008],[128.8039,36.21]]]},"properties":{"sigun":"의성군","emd":"가음면","code":"4773036000"}},
{"type":"Feature","geometry":{"type":"Polygon","coordinates":[[[128.7469,36.2778],[128.7472,36.2823],[128.7425,36.2856],[128.7323,36.2879],[128.7291,36.2902],[128.7272,36.2998],[128.727,36.3055],[128.7232,36.3082],[128.7215,36.3138],[128.7161,36.3047],[128.7115,36.304],[128.706,36.3057],[128.7035,36.303],[128.6966,36.3005],[128.6954,36.297],[128.6874,36.2993],[128.6794,36.3055],[128.6697,36.3074],[128.6696,36.3043],[128.6655,36.2988],[128.6613,36.2967],[128.662,36.2921],[128.6558,36.2838],[128.6517,36.2801],[128.6404,36.2778],[128.6368,36.2716],[128.6378,36.2631],[128.6364,36.2612],[128.6407,36.2576],[128.6382,36.2471],[128.6327,36.2438],[128.631,36.2388],[128.6346,36.2372],[128.6367,36.2331],[128.6357,36.2213],[128.6318,36.2162],[128.6339,36.2094],[128.6399,36.2081],[128.6424,36.2121],[128.6494,36.2177],[128.6634,36.2214],[128.6694,36.2092],[128.6749,36.2125],[128.6828,36.2151],[128.688,36.2137],[128.6944,36.2141],[128.6999,36.2088],[128.7022,36.2124],[128.7066,36.2145],[128.7075,36.2186],[128.7111,36.2198],[128.7068,36.2247],[128.702,36.2324],[128.7037,36.2368],[128.7131,36.2394],[128.7204,36.2472],[128.7247,36.2558],[128.7295,36.2594],[128.7367,36.2616],[128.7424,36.267],[128.7469,36.2778]]]},"properties":{"sigun":"의성군","emd":"금성면","code":"4773037000"}},
{"type":"Feature","geometry":{"type":"Polygon","coordinates":[[[128.6545,36.3462],[128.6502,36.3498],[128.6419,36.3504],[128.64,36.3464],[128.6342,36.3407],[128.6284,36.3403],[128.6267,36.3349],[128.6211,36.3333],[128.6044,36.3356],[128.598,36.3298],[128.5916,36.3274],[128.5892,36.3302],[128.5842,36.3318],[128.574,36.3306],[128.5669,36.333],[128.565,36.3307],[128.5679,36.3276],[128.5665,36.3247],[128.5587,36.3247],[128.55,36.3172],[128.5551,36.3135],[128.5525,36.3052],[128.5547,36.2988],[128.5479,36.2961],[128.5455,36.2916],[128.5491,36.2857],[128.5519,36.2749],[128.5568,36.2736],[128.5626,36.2768],[128.5669,36.2742],[128.5715,36.275],[128.5764,36.2796],[128.589,36.2773],[128.5955,36.2771],[128.5985,36.2708],[128.6038,36.2699],[128.607,36.2712],[128.6168,36.2677],[128.624,36.2668],[128.6325,36.262],[128.6364,36.2612],[128.6378,36.2631],[128.6368,36.2716],[128.6404,36.2778],[128.6517,36.2801],[128.6558,36.2838],[128.662,36.2921],[128.6613,36.2967],[128.6655,36.2988],[128.6696,36.3043],[128.6697,36.3074],[128.6668,36.3139],[128.6542,36.3154],[128.658,36.3211],[128.6585,36.3271],[128.6609,36.3306],[128.6582,36.3351],[128.6584,36.3397],[128.6545,36.3462]]]},"properties":{"sigun":"의성군","emd":"봉양면","code":"4773038000"}},
{"type":"Feature","geometry":{"type":"Polygon","coordinates":[[[128.5669,36.333],[128.5684,36.3359],[128.5631,36.3419],[128.5626,36.3468],[128.5601,36.3496],[128.5603,36.3538],[128.5549,36.3592],[128.5496,36.3709],[128.5492,36.3744],[128.5422,36.3842],[128.5274,36.3841],[128.5228,36.387],[128.5184,36.3873],[128.5128,36.3834],[128.5092,36.3842],[128.5062,36.381],[128.5051,36.3747],[128.5018,36.372],[128.5005,36.365],[128.4976,36.3596],[128.4879,36.3565],[128.4743,36.3585],[128.4665,36.3648],[128.4643,36.3641],[128.4659,36.3589],[128.4634,36.3507],[128.4628,36.3443],[128.464,36.3314],[128.4556,36.3267],[128.456,36.3251],[128.4669,36.322],[128.4729,36.3184],[128.4732,36.3121],[128.479,36.3112],[128.4876,36.3082],[128.4979,36.3034],[128.5062,36.3034],[128.5107,36.3007],[128.5152,36.302],[128.5248,36.3],[128.5293,36.2939],[128.5387,36.2944],[128.5455,36.2916],[128.5479,36.2961],[128.5547,36.2988],[128.5525,36.3052],[128.5551,36.3135],[128.55,36.3172],[128.5587,36.3247],[128.5665,36.3247],[128.5679,36.3276],[128.565,36.3307],[128.5669,36.333]]]},"properties":{"sigun":"의성군","emd":"비안면","code":"4773039000"}},
{"type":"Feature","geometry":{"type":"Polygon","coordinates":[[[128.4643,36.3641],[128.459,36.3668],[128.4494,36.3679],[128.4345,36.3669],[128.4314,36.369],[128.4273,36.3668],[128.42,36.3665],[128.4116,36.3632],[128.4062,36.3566],[128.4017,36.3531],[128.4069,36.3488],[128.4038,36.3466],[128.397,36.3462],[128.3917,36.3441],[128.3875,36.335],[128.3819,36.3249],[128.3792,36.3227],[128.381,36.3178],[128.381,36.3124],[128.3872,36.3102],[128.3898,36.3079],[128.3879,36.3035],[128.3908,36.2996],[128.3956,36.2975],[128.3966,36.2935],[128.4016,36.2895],[128.4066,36.2875],[128.4113,36.2875],[128.414,36.2898],[128.4131,36.2939],[128.417,36.299],[128.4278,36.2991],[128.4345,36.3057],[128.4389,36.3059],[128.4392,36.3122],[128.4516,36.327],[128.4556,36.3267],[128.464,36.3314],[128.4628,36.3443],[128.4634,36.3507],[128.4659,36.3589],[128.4643,36.3641]]]},"properties":{"sigun":"의성군","emd":"구천면","code":"4773040000"}},
{"type":"Feature","geometry":{"type":"Polygon","coordinates":[[[128.3538,36.4132],[128.3483,36.4144],[128.3427,36.4066],[128.3391,36.4065],[128.3379,36.4029],[128.3327,36.3992],[128.3324,36.3954],[128.3266,36.3861],[128.3177,36.3868],[128.3114,36.3758],[128.3117,36.3639],[128.3099,36.361],[128.297,36.3555],[128.284,36.3473],[128.2908,36.3451],[128.2934,36.348],[128.3016,36.3436],[128.3046,36.3381],[128.3049,36.3326],[128.3083,36.3303],[128.3141,36.3306],[128.3162,36.3354],[128.3256,36.3426],[128.3309,36.3432],[128.3345,36.3488],[128.3411,36.3485],[128.3508,36.3511],[128.3548,36.3439],[128.3661,36.3389],[128.3667,36.3335],[128.3728,36.3248],[128.3792,36.3227],[128.3819,36.3249],[128.3875,36.335],[128.3917,36.3441],[128.397,36.3462],[128.4038,36.3466],[128.4069,36.3488],[128.4017,36.3531],[128.4062,36.3566],[128.4116,36.3632],[128.42,36.3665],[128.4179,36.3664],[128.4074,36.371],[128.403,36.3751],[128.3968,36.3788],[128.3915,36.3785],[128.3902,36.3813],[128.3785,36.3891],[128.3749,36.3931],[128.3623,36.3938],[128.3587,36.3962],[128.3554,36.4104],[128.3538,36.4132]]]},"properties":{"sigun":"의성군","emd":"단밀면","code":"4773041000"}},
{"type":"Feature","geometry":{"type":"Polygon","coordinates":[[[128.4169,36.4138],[128.4076,36.4084],[128.3975,36.4132],[128.3968,36.4154],[128.3898,36.4192],[128.3871,36.4223],[128.3839,36.4172],[128.3791,36.4129],[128.3715,36.4132],[128.3645,36.4158],[128.3624,36.4189],[128.3568,36.4204],[128.3563,36.4153],[128.3538,36.4132],[128.3554,36.4104],[128.3587,36.3962],[128.3623,36.3938],[128.3749,36.3931],[128.3785,36.3891],[128.3902,36.3813],[128.3915,36.3785],[128.3968,36.3788],[128.403,36.3751],[128.4074,36.371],[128.4179,36.3664],[128.42,36.3665],[128.4273,36.3668],[128.4314,36.369],[128.4323,36.3757],[128.4315,36.38],[128.427,36.3806],[128.4248,36.3855],[128.431,36.3902],[128.4245,36.3983],[128.4185,36.408],[128.4169,36.4138]]]},"properties":{"sigun":"의성군","emd":"단북면","code":"4773042000"}},
{"type":"Feature","geometry":{"type":"Polygon","coordinates":[[[128.5092,36.3842],[128.5075,36.3867],[128.5084,36.3919],[128.5023,36.3962],[128.4961,36.3977],[128.4891,36.3975],[128.4858,36.4059],[128.4889,36.41],[128.4845,36.4144],[128.4805,36.4147],[128.4774,36.4123],[128.4713,36.4142],[128.4713,36.4224],[128.4663,36.4276],[128.4618,36.4304],[128.4554,36.4302],[128.4518,36.427],[128.4454,36.4289],[128.4435,36.4317],[128.4383,36.4341],[128.4293,36.4359],[128.4276,36.4285],[128.4272,36.4199],[128.4169,36.4138],[128.4185,36.408],[128.4245,36.3983],[128.431,36.3902],[128.4248,36.3855],[128.427,36.3806],[128.4315,36.38],[128.4323,36.3757],[128.4314,36.369],[128.4345,36.3669],[128.4494,36.3679],[128.459,36.3668],[128.4643,36.3641],[128.4665,36.3648],[128.4743,36.3585],[128.4879,36.3565],[128.4976,36.3596],[128.5005,36.365],[128.5018,36.372],[128.5051,36.3747],[128.5062,36.381],[128.5092,36.3842]]]},"properties":{"sigun":"의성군","emd":"안계면","code":"4773043000"}},
{"type":"Feature","geometry":{"type":"Polygon","coordinates":[[[128.3818,36.5046],[128.3754,36.5039],[128.3708,36.5055],[128.3684,36.5095],[128.3701,36.5146],[128.3661,36.5274],[128.3618,36.5316],[128.3529,36.5272],[128.3474,36.5272],[128.3408,36.5246],[128.3435,36.5206],[128.3453,36.5142],[128.3398,36.5031],[128.3365,36.5006],[128.3374,36.4892],[128.3304,36.4835],[128.32,36.4714],[128.3144,36.4706],[128.3087,36.4642],[128.3129,36.4564],[128.3184,36.4476],[128.3231,36.4455],[128.3262,36.438],[128.3222,36.4326],[128.323,36.4276],[128.3321,36.4212],[128.3333,36.4119],[128.3391,36.4065],[128.3427,36.4066],[128.3483,36.4144],[128.3538,36.4132],[128.3563,36.4153],[128.3568,36.4204],[128.3624,36.4189],[128.3645,36.4158],[128.3715,36.4132],[128.3791,36.4129],[128.3839,36.4172],[128.3871,36.4223],[128.3898,36.4192],[128.3968,36.4154],[128.3975,36.4132],[128.4076,36.4084],[128.4169,36.4138],[128.4272,36.4199],[128.4276,36.4285],[128.4293,36.4359],[128.4258,36.4384],[128.4241,36.4422],[128.4185,36.4484],[128.4236,36.4538],[128.4266,36.4615],[128.4201,36.4675],[128.4193,36.4743],[128.4166,36.4804],[128.4118,36.487],[128.4042,36.4908],[128.3975,36.4924],[128.3955,36.4975],[128.3843,36.5018],[128.3818,36.5046]]]},"properties":{"sigun":"의성군","emd":"다인면","code":"4773044000"}},
{"type":"Feature","geometry":{"type":"Polygon","coordinates":[[[128.5668,36.4521],[128.5662,36.459],[128.5612,36.4629],[128.5586,36.4692],[128.5594,36.4722],[128.5527,36.4757],[128.552,36.4882],[128.5494,36.4902],[128.5439,36.4904],[128.5393,36.4953],[128.5342,36.4954],[128.5318,36.4981],[128.5143,36.4976],[128.507,36.499],[128.5035,36.5011],[128.4989,36.5136],[128.4956,36.5167],[128.491,36.5178],[128.4831,36.5138],[128.4763,36.5139],[128.4767,36.5099],[128.4748,36.4987],[128.4644,36.4988],[128.4616,36.4957],[128.4646,36.492],[128.4599,36.4884],[128.4531,36.491],[128.4515,36.4874],[128.4544,36.4831],[128.461,36.482],[128.4653,36.4788],[128.4713,36.4767],[128.4763,36.4732],[128.4773,36.4656],[128.4831,36.4636],[128.4843,36.4553],[128.4907,36.4532],[128.4934,36.4499],[128.4938,36.4454],[128.5013,36.4414],[128.5009,36.4368],[128.4984,36.4325],[128.5067,36.4278],[128.5099,36.4231],[128.5147,36.4217],[128.5283,36.4227],[128.532,36.4255],[128.5324,36.4309],[128.53,36.4371],[128.5328,36.4399],[128.5421,36.439],[128.546,36.4412],[128.5515,36.4388],[128.5556,36.4413],[128.5603,36.4481],[128.5668,36.4521]]]},"properties":{"sigun":"의성군","emd":"신평면","code":"4773045000"}},
{"type":"Feature","geometry":{"type":"Polygon","coordinates":[[[128.5703,36.451],[128.5668,36.4521],[128.5603,36.4481],[128.5556,36.4413],[128.5515,36.4388],[128.546,36.4412],[128.5421,36.439],[128.5328,36.4399],[128.53,36.4371],[128.5324,36.4309],[128.532,36.4255],[128.5283,36.4227],[128.5147,36.4217],[128.5159,36.415],[128.5144,36.4083],[128.5167,36.4016],[128.5184,36.3873],[128.5228,36.387],[128.5274,36.3841],[128.5422,36.3842],[128.5492,36.3744],[128.5496,36.3709],[128.5549,36.3592],[128.5603,36.3538],[128.5601,36.3496],[128.5626,36.3468],[128.5631,36.3419],[128.5684,36.3359],[128.5669,36.333],[128.574,36.3306],[128.5842,36.3318],[128.5892,36.3302],[128.5916,36.3274],[128.598,36.3298],[128.6044,36.3356],[128.6211,36.3333],[128.6267,36.3349],[128.6284,36.3403],[128.6342,36.3407],[128.64,36.3464],[128.6419,36.3504],[128.6502,36.3498],[128.6545,36.3462],[128.6573,36.358],[128.6561,36.3621],[128.659,36.3649],[128.6607,36.3717],[128.6572,36.3789],[128.649,36.3841],[128.6451,36.3846],[128.6383,36.4],[128.6302,36.4009],[128.6272,36.4027],[128.6277,36.4079],[128.6202,36.4103],[128.615,36.4104],[128.6093,36.4148],[128.6069,36.41],[128.599,36.4095],[128.5968,36.4115],[128.5952,36.4218],[128.5967,36.4253],[128.5948,36.4279],[128.5941,36.4361],[128.5887,36.4393],[128.5833,36.4404],[128.5773,36.44],[128.5703,36.451]]]},"properties":{"sigun":"의성군","emd":"안평면","code":"4773046000"}},
{"type":"Feature","geometry":{"type":"Polygon","coordinates":[[[128.4292,36.522],[128.4188,36.5224],[128.4136,36.5204],[128.4052,36.5129],[128.3986,36.5089],[128.3853,36.5062],[128.3818,36.5046],[128.3843,36.5018],[128.3955,36.4975],[128.3975,36.4924],[128.4042,36.4908],[128.4118,36.487],[128.4166,36.4804],[128.4193,36.4743],[128.4201,36.4675],[128.4266,36.4615],[128.4236,36.4538],[128.4185,36.4484],[128.4241,36.4422],[128.4258,36.4384],[128.4293,36.4359],[128.4383,36.4341],[128.4435,36.4317],[128.4454,36.4289],[128.4518,36.427],[128.4554,36.4302],[128.4618,36.4304],[128.4663,36.4276],[128.4713,36.4224],[128.4713,36.4142],[128.4774,36.4123],[128.4805,36.4147],[128.4845,36.4144],[128.4889,36.41],[128.4858,36.4059],[128.4891,36.3975],[128.4961,36.3977],[128.5023,36.3962],[128.5084,36.3919],[128.5075,36.3867],[128.5092,36.3842],[128.5128,36.3834],[128.5184,36.3873],[128.5167,36.4016],[128.5144,36.4083],[128.5159,36.415],[128.5147,36.4217],[128.5099,36.4231],[128.5067,36.4278],[128.4984,36.4325],[128.5009,36.4368],[128.5013,36.4414],[128.4938,36.4454],[128.4934,36.4499],[128.4907,36.4532],[128.4843,36.4553],[128.4831,36.4636],[128.4773,36.4656],[128.4763,36.4732],[128.4713,36.4767],[128.4653,36.4788],[128.461,36.482],[128.4544,36.4831],[128.4515,36.4874],[128.4531,36.491],[128.4457,36.4951],[128.4442,36.4972],[128.4334,36.5031],[128.4325,36.5111],[128.4369,36.5162],[128.4292,36.522]]]},"properties":{"sigun":"의성군","emd":"안사면","code":"4773047000"}},
{"type":"Feature","geometry":{"type":"Polygon","coordinates":[[[129.1259,36.4562],[129.1126,36.4579],[129.1078,36.4594],[129.1053,36.4624],[129.0974,36.4643],[129.0912,36.4638],[129.0893,36.4607],[129.0836,36.4622],[129.0764,36.4674],[129.0692,36.4666],[129.064,36.4626],[129.0616,36.4525],[129.0648,36.4488],[129.0631,36.4459],[129.0588,36.4447],[129.0494,36.445],[129.046,36.4425],[129.0357,36.4421],[129.0317,36.4383],[129.032,36.4349],[129.0362,36.4305],[129.0411,36.4222],[129.0395,36.4202],[129.0425,36.4119],[129.0477,36.4081],[129.0497,36.3983],[129.0557,36.3851],[129.0532,36.3796],[129.0527,36.373],[129.0602,36.3718],[129.0673,36.3751],[129.0753,36.3719],[129.0816,36.3755],[129.089,36.3774],[129.0977,36.3811],[129.1044,36.3829],[129.1049,36.3871],[129.1097,36.3887],[129.1143,36.394],[129.1233,36.3996],[129.1337,36.4015],[129.1379,36.4069],[129.1464,36.4098],[129.1522,36.4095],[129.1592,36.414],[129.1624,36.4189],[129.1777,36.4268],[129.1867,36.4269],[129.1872,36.4284],[129.1763,36.4316],[129.1715,36.4344],[129.1686,36.4415],[129.1691,36.4464],[129.1612,36.4537],[129.1542,36.4498],[129.1385,36.4513],[129.1353,36.4546],[129.1259,36.4562]]]},"properties":{"sigun":"청송군","emd":"청송읍","code":"4775025000"}},
{"type":"Feature","geometry":{"type":"Polygon","coordinates":[[[129.2266,36.3988],[129.2181,36.4033],[129.212,36.4077],[129.2119,36.4133],[129.2089,36.4212],[129.1981,36.4303],[129.1867,36.4269],[129.1777,36.4268],[129.1624,36.4189],[129.1592,36.414],[129.1522,36.4095],[129.1464,36.4098],[129.1379,36.4069],[129.1337,36.4015],[129.1233,36.3996],[129.1143,36.394],[129.1097,36.3887],[129.1049,36.3871],[129.1044,36.3829],[129.0977,36.3811],[129.089,36.3774],[129.0816,36.3755],[129.0753,36.3719],[129.0673,36.3751],[129.0602,36.3718],[129.0527,36.373],[129.0495,36.3711],[129.0487,36.3669],[129.0559,36.3643],[129.0639,36.3645],[129.0677,36.3659],[129.0735,36.3649],[129.0752,36.3599],[129.0732,36.3584],[129.0634,36.3584],[129.0599,36.3555],[129.0682,36.3535],[129.0745,36.3504],[129.0807,36.3383],[129.0876,36.3341],[129.0946,36.3343],[129.1002,36.3307],[129.1107,36.3261],[129.1139,36.3292],[129.1181,36.3274],[129.1227,36.3287],[129.128,36.3326],[129.1325,36.3305],[129.135,36.3267],[129.1408,36.3281],[129.1437,36.3305],[129.1507,36.3287],[129.1641,36.3341],[129.169,36.337],[129.1741,36.3357],[129.1748,36.3322],[129.1714,36.327],[129.1734,36.3219],[129.1807,36.3172],[129.181,36.3149],[129.176,36.3099],[129.1758,36.3068],[129.1808,36.3049],[129.1854,36.2993],[129.1973,36.3002],[129.203,36.3026],[129.2083,36.3013],[129.215,36.3039],[129.2197,36.3035],[129.2253,36.3086],[129.2364,36.3142],[129.2388,36.3173],[129.2493,36.319],[129.2519,36.3209],[129.2553,36.3237],[129.2599,36.3335],[129.2514,36.3389],[129.247,36.344],[129.243,36.346],[129.2359,36.344],[129.2281,36.3439],[129.2241,36.3465],[129.2213,36.3526],[129.2201,36.3591],[129.2162,36.361],[129.2188,36.3731],[129.2279,36.3799],[129.2263,36.3836],[129.2207,36.3866],[129.2225,36.3919],[129.2281,36.3959],[129.2266,36.3988]]]},"properties":{"sigun":"청송군","emd":"주왕산면","code":"4775031500"}},
{"type":"Feature","geometry":{"type":"Polygon","coordinates":[[[129.2197,36.3035],[129.215,36.3039],[129.2083,36.3013],[129.203,36.3026],[129.1973,36.3002],[129.1854,36.2993],[129.1808,36.3049],[129.1758,36.3068],[129.176,36.3099],[129.181,36.3149],[129.1807,36.3172],[129.1734,36.3219],[129.1714,36.327],[129.1748,36.3322],[129.1741,36.3357],[129.169,36.337],[129.1641,36.3341],[129.1507,36.3287],[129.1437,36.3305],[129.1408,36.3281],[129.135,36.3267],[129.1325,36.3305],[129.128,36.3326],[129.1227,36.3287],[129.1181,36.3274],[129.1139,36.3292],[129.1107,36.3261],[129.1002,36.3307],[129.0946,36.3343],[129.0876,36.3341],[129.0807,36.3383],[129.0745,36.3504],[129.0682,36.3535],[129.0599,36.3555],[129.0634,36.3584],[129.0732,36.3584],[129.0752,36.3599],[129.0735,36.3649],[129.0677,36.3659],[129.0639,36.3645],[129.0559,36.3643],[129.0487,36.3669],[129.0456,36.3664],[129.0431,36.3625],[129.0369,36.3598],[129.0326,36.3535],[129.0313,36.3432],[129.0339,36.3337],[129.0407,36.328],[129.0449,36.3135],[129.0496,36.3109],[129.0506,36.3077],[129.0552,36.3087],[129.0616,36.3076],[129.0695,36.3],[129.0702,36.2928],[129.0733,36.2902],[129.0763,36.2815],[129.0807,36.2774],[129.0847,36.2744],[129.0903,36.2726],[129.0935,36.2739],[129.099,36.271],[129.1028,36.2648],[129.1059,36.2669],[129.1126,36.2645],[129.1172,36.2661],[129.1239,36.2622],[129.1265,36.2642],[129.1324,36.2621],[129.1338,36.2583],[129.1379,36.2551],[129.1389,36.2495],[129.1449,36.2439],[129.1471,36.2393],[129.1548,36.2356],[129.1551,36.2336],[129.1634,36.2318],[129.171,36.2246],[129.1789,36.2272],[129.1904,36.2365],[129.1947,36.2434],[129.198,36.2445],[129.199,36.2501],[129.2041,36.2562],[129.2057,36.2646],[129.214,36.2717],[129.2207,36.2732],[129.2214,36.2776],[129.2257,36.2824],[129.221,36.2878],[129.2241,36.2909],[129.2227,36.2955],[129.2239,36.2991],[129.2197,36.3035]]]},"properties":{"sigun":"청송군","emd":"부남면","code":"4775032000"}},
{"type":"Feature","geometry":{"type":"Polygon","coordinates":[[[129.0449,36.3135],[129.0407,36.314],[129.0294,36.3204],[129.02,36.3167],[129.0079,36.3146],[129.0002,36.3164],[128.9958,36.3155],[128.9921,36.3185],[128.987,36.3146],[128.9912,36.3067],[128.9954,36.3019],[129.0048,36.2947],[129.0133,36.2784],[129.012,36.2729],[129.0066,36.2692],[129.0044,36.2598],[129.0021,36.258],[128.9934,36.2577],[128.9882,36.2501],[128.9886,36.2459],[128.9982,36.2397],[128.9951,36.2342],[128.9902,36.2327],[128.9887,36.228],[128.9911,36.222],[128.9906,36.2178],[128.9936,36.2134],[128.995,36.2068],[129.0015,36.202],[129.0001,36.1985],[129.0001,36.1901],[129.0034,36.1868],[129.0007,36.1797],[129.0097,36.1789],[129.0173,36.1808],[129.0212,36.1831],[129.0253,36.1825],[129.0284,36.1875],[129.0276,36.1929],[129.0359,36.2052],[129.0355,36.2081],[129.0393,36.219],[129.0438,36.2221],[129.0513,36.2221],[129.0566,36.224],[129.0626,36.2202],[129.0661,36.2215],[129.0669,36.2268],[129.074,36.2296],[129.0809,36.234],[129.0752,36.2479],[129.0725,36.2522],[129.0654,36.2537],[129.062,36.252],[129.0567,36.255],[129.0531,36.2596],[129.053,36.2637],[129.0597,36.2647],[129.0599,36.268],[129.0657,36.2738],[129.0744,36.2751],[129.0807,36.2774],[129.0763,36.2815],[129.0733,36.2902],[129.0702,36.2928],[129.0695,36.3],[129.0616,36.3076],[129.0552,36.3087],[129.0506,36.3077],[129.0496,36.3109],[129.0449,36.3135]]]},"properties":{"sigun":"청송군","emd":"현동면","code":"4775033000"}},
{"type":"Feature","geometry":{"type":"Polygon","coordinates":[[[128.9308,36.3057],[128.9267,36.3066],[128.9195,36.3049],[128.9128,36.2985],[128.8983,36.2959],[128.8893,36.2974],[128.8858,36.2958],[128.8803,36.297],[128.8786,36.2924],[128.8777,36.2758],[128.8751,36.2729],[128.8708,36.2743],[128.8631,36.2738],[128.8627,36.2681],[128.8581,36.2663],[128.852,36.2665],[128.8466,36.2617],[128.8528,36.2589],[128.857,36.2551],[128.8753,36.2551],[128.8813,36.2525],[128.8858,36.2433],[128.8792,36.2361],[128.875,36.2354],[128.8697,36.2315],[128.8805,36.2258],[128.8817,36.2208],[128.8873,36.2169],[128.8955,36.2136],[128.8966,36.2069],[128.8937,36.2034],[128.8825,36.199],[128.8812,36.1901],[128.8852,36.1839],[128.8902,36.1822],[128.8912,36.1765],[128.8961,36.1734],[128.8968,36.1764],[128.9042,36.1775],[128.9091,36.1807],[128.9145,36.181],[128.9195,36.1854],[128.9281,36.1798],[128.9362,36.1789],[128.9409,36.1772],[128.9434,36.1738],[128.9497,36.169],[128.9623,36.1663],[128.9682,36.1615],[128.9739,36.1609],[128.9783,36.1659],[128.9875,36.168],[128.9915,36.1707],[128.9923,36.1759],[129.0007,36.1797],[129.0034,36.1868],[129.0001,36.1901],[129.0001,36.1985],[129.0015,36.202],[128.995,36.2068],[128.9936,36.2134],[128.9906,36.2178],[128.9911,36.222],[128.9887,36.228],[128.9902,36.2327],[128.9762,36.2381],[128.9722,36.2416],[128.9584,36.2375],[128.9548,36.2392],[128.9515,36.2451],[128.9418,36.2481],[128.9358,36.2477],[128.9427,36.2677],[128.9374,36.27],[128.937,36.2756],[128.9343,36.2824],[128.9371,36.2947],[128.9357,36.3],[128.9308,36.3057]]]},"properties":{"sigun":"청송군","emd":"현서면","code":"4775034000"}},
{"type":"Feature","geometry":{"type":"Polygon","coordinates":[[[129.0456,36.3664],[129.0333,36.3735],[129.0324,36.3801],[129.0268,36.3845],[129.0262,36.3896],[129.0225,36.3944],[129.0162,36.3931],[129.0062,36.397],[129,36.3981],[128.9959,36.3969],[128.9915,36.3984],[128.9839,36.4046],[128.9796,36.4028],[128.9806,36.3995],[128.9758,36.3926],[128.9747,36.3867],[128.9674,36.3778],[128.9647,36.3692],[128.9616,36.3667],[128.9662,36.3611],[128.9659,36.3565],[128.9628,36.3515],[128.9661,36.3465],[128.9631,36.3427],[128.9621,36.3384],[128.9566,36.3362],[128.9507,36.3358],[128.9447,36.3259],[128.9403,36.3254],[128.9383,36.3221],[128.933,36.318],[128.9323,36.3083],[128.9308,36.3057],[128.9357,36.3],[128.9371,36.2947],[128.9343,36.2824],[128.937,36.2756],[128.9374,36.27],[128.9427,36.2677],[128.9358,36.2477],[128.9418,36.2481],[128.9515,36.2451],[128.9548,36.2392],[128.9584,36.2375],[128.9722,36.2416],[128.9762,36.2381],[128.9902,36.2327],[128.9951,36.2342],[128.9982,36.2397],[128.9886,36.2459],[128.9882,36.2501],[128.9934,36.2577],[129.0021,36.258],[129.0044,36.2598],[129.0066,36.2692],[129.012,36.2729],[129.0133,36.2784],[129.0048,36.2947],[128.9954,36.3019],[128.9912,36.3067],[128.987,36.3146],[128.9921,36.3185],[128.9958,36.3155],[129.0002,36.3164],[129.0079,36.3146],[129.02,36.3167],[129.0294,36.3204],[129.0407,36.314],[129.0449,36.3135],[129.0407,36.328],[129.0339,36.3337],[129.0313,36.3432],[129.0326,36.3535],[129.0369,36.3598],[129.0431,36.3625],[129.0456,36.3664]]]},"properties":{"sigun":"청송군","emd":"안덕면","code":"4775035000"}},
{"type":"Feature","geometry":{"type":"Polygon","coordinates":[[[129.1259,36.4562],[129.1234,36.4624],[129.117,36.4646],[129.1142,36.4721],[129.1097,36.4757],[129.1017,36.4748],[129.1013,36.4805],[129.0956,36.484],[129.0932,36.4877],[129.079,36.4855],[129.0744,36.4913],[129.0685,36.4907],[129.0665,36.4935],[129.0696,36.5031],[129.0657,36.5099],[129.0667,36.5143],[129.0628,36.5149],[129.0594,36.5111],[129.0547,36.5138],[129.0499,36.5144],[129.0492,36.5076],[129.0423,36.507],[129.0356,36.5041],[129.0239,36.5097],[129.0138,36.5099],[129.0151,36.5033],[129.0043,36.5016],[128.9971,36.5101],[128.9951,36.5051],[128.9956,36.5002],[128.9897,36.4955],[128.9883,36.4909],[128.9828,36.4862],[128.9755,36.4842],[128.9749,36.4797],[128.9806,36.4759],[128.9796,36.4687],[128.9852,36.4651],[128.9851,36.4628],[128.9734,36.4669],[128.9688,36.4631],[128.9703,36.4523],[128.9724,36.4511],[128.976,36.443],[128.9732,36.4391],[128.9731,36.4315],[128.9817,36.424],[128.9818,36.4176],[128.9838,36.4136],[128.9839,36.4046],[128.9915,36.3984],[128.9959,36.3969],[129,36.3981],[129.0062,36.397],[129.0162,36.3931],[129.0225,36.3944],[129.0262,36.3896],[129.0268,36.3845],[129.0324,36.3801],[129.0333,36.3735],[129.0456,36.3664],[129.0487,36.3669],[129.0495,36.3711],[129.0527,36.373],[129.0532,36.3796],[129.0557,36.3851],[129.0497,36.3983],[129.0477,36.4081],[129.0425,36.4119],[129.0395,36.4202],[129.0411,36.4222],[129.0362,36.4305],[129.032,36.4349],[129.0317,36.4383],[129.0357,36.4421],[129.046,36.4425],[129.0494,36.445],[129.0588,36.4447],[129.0631,36.4459],[129.0648,36.4488],[129.0616,36.4525],[129.064,36.4626],[129.0692,36.4666],[129.0764,36.4674],[129.0836,36.4622],[129.0893,36.4607],[129.0912,36.4638],[129.0974,36.4643],[129.1053,36.4624],[129.1078,36.4594],[129.1126,36.4579],[129.1259,36.4562]]]},"properties":{"sigun":"청송군","emd":"파천면","code":"4775036000"}},
{"type":"Feature","geometry":{"type":"Polygon","coordinates":[[[129.1082,36.5461],[129.1001,36.5428],[129.0967,36.5441],[129.0863,36.5435],[129.0811,36.5458],[129.0753,36.5464],[129.0699,36.543],[129.065,36.5463],[129.0654,36.55],[129.0598,36.5553],[129.0521,36.5588],[129.0501,36.5653],[129.0459,36.5736],[129.0462,36.58],[129.0368,36.5822],[129.032,36.5881],[129.0246,36.5897],[129.0224,36.5879],[129.0156,36.5881],[129.0087,36.5897],[129.0037,36.5946],[128.999,36.5935],[128.9995,36.5869],[128.9921,36.5814],[128.9906,36.5771],[128.9841,36.5732],[128.9839,36.5678],[128.9797,36.5649],[128.9794,36.5608],[128.9843,36.5608],[128.9895,36.5553],[128.9917,36.5493],[128.9791,36.5457],[128.9741,36.5484],[128.9755,36.5404],[128.9719,36.5312],[128.9754,36.5273],[128.9822,36.5249],[128.9837,36.5179],[128.9857,36.5157],[128.992,36.5172],[128.9971,36.5101],[129.0043,36.5016],[129.0151,36.5033],[129.0138,36.5099],[129.0239,36.5097],[129.0356,36.5041],[129.0423,36.507],[129.0492,36.5076],[129.0499,36.5144],[129.0547,36.5138],[129.0594,36.5111],[129.0628,36.5149],[129.0667,36.5143],[129.0657,36.5099],[129.0696,36.5031],[129.0665,36.4935],[129.0685,36.4907],[129.0744,36.4913],[129.079,36.4855],[129.0932,36.4877],[129.0956,36.484],[129.1013,36.4805],[129.1017,36.4748],[129.1097,36.4757],[129.1142,36.4721],[129.117,36.4646],[129.1234,36.4624],[129.1259,36.4562],[129.1353,36.4546],[129.1385,36.4513],[129.1542,36.4498],[129.1612,36.4537],[129.1619,36.4582],[129.1557,36.4654],[129.1528,36.4669],[129.1479,36.4778],[129.154,36.4929],[129.1516,36.4951],[129.1521,36.5003],[129.147,36.5015],[129.1443,36.499],[129.1368,36.5011],[129.1328,36.5009],[129.1298,36.5038],[129.1316,36.5071],[129.1278,36.5131],[129.1305,36.5185],[129.1268,36.5221],[129.1311,36.5267],[129.1287,36.5338],[129.1224,36.5351],[129.1183,36.5385],[129.1118,36.5398],[129.1076,36.5441],[129.1082,36.5461]]]},"properties":{"sigun":"청송군","emd":"진보면","code":"4775037000"}},
{"type":"Feature","geometry":{"type":"Polygon","coordinates":[[[129.1807,36.6978],[129.1748,36.7005],[129.1712,36.6993],[129.1669,36.702],[129.1589,36.7028],[129.1576,36.701],[129.1496,36.6998],[129.1467,36.6972],[129.1357,36.6958],[129.1289,36.6808],[129.1268,36.6777],[129.1219,36.6803],[129.1184,36.6844],[129.1153,36.6907],[129.111,36.6939],[129.1082,36.6991],[129.0961,36.7032],[129.0893,36.6994],[129.0975,36.686],[129.0944,36.6789],[129.0872,36.6755],[129.0873,36.6686],[129.0895,36.6611],[129.0847,36.6583],[129.0857,36.6501],[129.0828,36.6404],[129.079,36.6363],[129.0804,36.6305],[129.0785,36.6265],[129.0836,36.6198],[129.0875,36.6179],[129.0904,36.6125],[129.0891,36.609],[129.0964,36.6081],[129.1005,36.6128],[129.1044,36.6142],[129.1111,36.6219],[129.117,36.6237],[129.1274,36.6221],[129.1334,36.6237],[129.1381,36.6218],[129.1422,36.6254],[129.148,36.6264],[129.155,36.6249],[129.1646,36.6154],[129.1706,36.6179],[129.1796,36.6193],[129.1833,36.616],[129.1931,36.6128],[129.1956,36.6102],[129.1907,36.5993],[129.1957,36.5984],[129.1997,36.5955],[129.2037,36.5859],[129.2076,36.584],[129.2093,36.5779],[129.2132,36.5716],[129.2221,36.5729],[129.2278,36.5785],[129.2325,36.5774],[129.233,36.5811],[129.2308,36.5841],[129.2259,36.586],[129.2212,36.5856],[129.2166,36.5902],[129.2188,36.5943],[129.2241,36.5977],[129.2217,36.5998],[129.2311,36.6052],[129.2293,36.615],[129.2288,36.6235],[129.2311,36.6257],[129.2372,36.6272],[129.2401,36.6296],[129.2387,36.6361],[129.2349,36.6423],[129.2307,36.6443],[129.2307,36.6535],[129.2347,36.6628],[129.2398,36.6637],[129.254,36.6712],[129.2606,36.669],[129.2689,36.6737],[129.2715,36.6773],[129.2788,36.6811],[129.2769,36.6916],[129.2689,36.6954],[129.2592,36.6972],[129.2558,36.7002],[129.2453,36.6992],[129.2438,36.7002],[129.2312,36.6959],[129.2256,36.6931],[129.2237,36.6904],[129.2156,36.6881],[129.2117,36.6816],[129.2035,36.6755],[129.1972,36.6774],[129.1923,36.6843],[129.1918,36.6883],[129.1839,36.6895],[129.1807,36.6918],[129.1807,36.6978]]]},"properties":{"sigun":"영양군","emd":"영양읍","code":"4776025000"}},
{"type":"Feature","geometry":{"type":"Polygon","coordinates":[[[129.0785,36.6265],[129.0674,36.626],[129.0631,36.6235],[129.0538,36.6247],[129.0514,36.6238],[129.0403,36.6331],[129.0398,36.6371],[129.0341,36.6428],[129.0293,36.6453],[129.0254,36.6431],[129.0105,36.6483],[129.006,36.6555],[128.9964,36.6552],[128.9899,36.648],[128.9947,36.6419],[128.9916,36.6364],[128.9911,36.6234],[128.9966,36.6185],[128.9978,36.6119],[128.9961,36.6088],[128.9997,36.6008],[128.999,36.5935],[129.0037,36.5946],[129.0087,36.5897],[129.0156,36.5881],[129.0224,36.5879],[129.0246,36.5897],[129.032,36.5881],[129.0368,36.5822],[129.0462,36.58],[129.0459,36.5736],[129.0501,36.5653],[129.0521,36.5588],[129.0598,36.5553],[129.0654,36.55],[129.065,36.5463],[129.0699,36.543],[129.0753,36.5464],[129.0811,36.5458],[129.0863,36.5435],[129.0967,36.5441],[129.1001,36.5428],[129.1082,36.5461],[129.0993,36.55],[129.0951,36.5493],[129.0932,36.5527],[129.095,36.5572],[129.0986,36.5599],[129.1003,36.567],[129.1046,36.5712],[129.1103,36.5736],[129.112,36.5763],[129.1122,36.5828],[129.1143,36.5868],[129.1207,36.5942],[129.122,36.5988],[129.1289,36.6009],[129.1325,36.6062],[129.1332,36.6099],[129.1372,36.6121],[129.1398,36.6187],[129.1381,36.6218],[129.1334,36.6237],[129.1274,36.6221],[129.117,36.6237],[129.1111,36.6219],[129.1044,36.6142],[129.1005,36.6128],[129.0964,36.6081],[129.0891,36.609],[129.0904,36.6125],[129.0875,36.6179],[129.0836,36.6198],[129.0785,36.6265]]]},"properties":{"sigun":"영양군","emd":"입암면","code":"4776031000"}},
{"type":"Feature","geometry":{"type":"Polygon","coordinates":[[[129.0802,36.8189],[129.0772,36.8205],[129.0687,36.8206],[129.064,36.8183],[129.0621,36.813],[129.0568,36.8081],[129.0527,36.8062],[129.0479,36.8],[129.0374,36.7943],[129.0369,36.7909],[129.0274,36.7853],[129.0215,36.7836],[129.0166,36.7845],[129.0074,36.7799],[129.0007,36.7805],[128.9901,36.777],[128.9841,36.7729],[128.9836,36.7655],[128.9875,36.7594],[128.9922,36.7547],[128.9893,36.7507],[128.9902,36.7471],[128.9896,36.7383],[128.9874,36.7356],[128.9972,36.7274],[128.9961,36.7226],[128.9995,36.719],[128.9995,36.7144],[128.9964,36.7061],[128.9974,36.6954],[128.9927,36.6928],[128.9918,36.6889],[128.9945,36.6815],[128.9902,36.6742],[128.9937,36.6695],[128.9905,36.664],[128.9952,36.6618],[128.9964,36.6552],[129.006,36.6555],[129.0105,36.6483],[129.0254,36.6431],[129.0293,36.6453],[129.0341,36.6428],[129.0398,36.6371],[129.0403,36.6331],[129.0514,36.6238],[129.0538,36.6247],[129.0631,36.6235],[129.0674,36.626],[129.0785,36.6265],[129.0804,36.6305],[129.079,36.6363],[129.0828,36.6404],[129.0857,36.6501],[129.0847,36.6583],[129.0895,36.6611],[129.0873,36.6686],[129.0872,36.6755],[129.0944,36.6789],[129.0975,36.686],[129.0893,36.6994],[129.0863,36.7039],[129.0936,36.7081],[129.0911,36.7147],[129.0871,36.7172],[129.0878,36.7201],[129.0842,36.7245],[129.0765,36.722],[129.0685,36.7248],[129.0656,36.7324],[129.0648,36.7418],[129.0687,36.7557],[129.0708,36.7585],[129.0711,36.766],[129.0672,36.7757],[129.0689,36.7797],[129.0721,36.7808],[129.0756,36.7859],[129.0786,36.7858],[129.0852,36.7931],[129.0907,36.7947],[129.0987,36.8031],[129.087,36.8091],[129.0802,36.8189]]]},"properties":{"sigun":"영양군","emd":"청기면","code":"4776032000"}},
{"type":"Feature","geometry":{"type":"Polygon","coordinates":[[[129.1807,36.6978],[129.1852,36.703],[129.1849,36.711],[129.1884,36.7149],[129.1895,36.7217],[129.179,36.7357],[129.1792,36.7404],[129.1769,36.7488],[129.1837,36.754],[129.1765,36.7589],[129.1729,36.7581],[129.1686,36.7643],[129.1658,36.7656],[129.1604,36.7634],[129.1613,36.771],[129.1578,36.7761],[129.1584,36.7801],[129.1554,36.7849],[129.1561,36.788],[129.1636,36.7904],[129.1669,36.7988],[129.1657,36.8017],[129.1673,36.8078],[129.1743,36.8168],[129.1716,36.8232],[129.1721,36.8287],[129.1677,36.8357],[129.1679,36.8403],[129.1602,36.8407],[129.1557,36.8386],[129.157,36.8346],[129.1527,36.8328],[129.1503,36.835],[129.1432,36.8366],[129.1321,36.834],[129.1285,36.835],[129.1203,36.8333],[129.1155,36.8351],[129.1113,36.8324],[129.1056,36.8312],[129.0957,36.8238],[129.0888,36.8249],[129.0802,36.8189],[129.087,36.8091],[129.0987,36.8031],[129.0907,36.7947],[129.0852,36.7931],[129.0786,36.7858],[129.0756,36.7859],[129.0721,36.7808],[129.0689,36.7797],[129.0672,36.7757],[129.0711,36.766],[129.0708,36.7585],[129.0687,36.7557],[129.0648,36.7418],[129.0656,36.7324],[129.0685,36.7248],[129.0765,36.722],[129.0842,36.7245],[129.0878,36.7201],[129.0871,36.7172],[129.0911,36.7147],[129.0936,36.7081],[129.0863,36.7039],[129.0893,36.6994],[129.0961,36.7032],[129.1082,36.6991],[129.111,36.6939],[129.1153,36.6907],[129.1184,36.6844],[129.1219,36.6803],[129.1268,36.6777],[129.1289,36.6808],[129.1357,36.6958],[129.1467,36.6972],[129.1496,36.6998],[129.1576,36.701],[129.1589,36.7028],[129.1669,36.702],[129.1712,36.6993],[129.1748,36.7005],[129.1807,36.6978]]]},"properties":{"sigun":"영양군","emd":"일월면","code":"4776033000"}},
{"type":"Feature","geometry":{"type":"Polygon","coordinates":[[[129.2949,36.8249],[129.2875,36.8316],[129.2832,36.8334],[129.2784,36.8325],[129.2729,36.8336],[129.2707,36.8407],[129.2767,36.8465],[129.2747,36.8501],[129.2756,36.8591],[129.2855,36.8645],[129.2787,36.8743],[129.2752,36.875],[129.2719,36.8715],[129.2673,36.8727],[129.261,36.8701],[129.2569,36.873],[129.2552,36.8604],[129.2477,36.8528],[129.2398,36.8519],[129.231,36.8539],[129.2381,36.8629],[129.2336,36.867],[129.2275,36.8679],[129.2174,36.864],[129.2105,36.8634],[129.2014,36.8654],[129.1959,36.87],[129.1956,36.8752],[129.1902,36.8798],[129.1833,36.8785],[129.1769,36.8789],[129.17,36.8814],[129.1657,36.8794],[129.1657,36.8753],[129.1585,36.8751],[129.1551,36.8782],[129.1541,36.8751],[129.1383,36.8729],[129.1358,36.8693],[129.1294,36.865],[129.1283,36.8585],[129.1249,36.8572],[129.122,36.848],[129.1162,36.8445],[129.1129,36.8414],[129.1032,36.8359],[129.1008,36.8297],[129.0964,36.8268],[129.0888,36.8249],[129.0957,36.8238],[129.1056,36.8312],[129.1113,36.8324],[129.1155,36.8351],[129.1203,36.8333],[129.1285,36.835],[129.1321,36.834],[129.1432,36.8366],[129.1503,36.835],[129.1527,36.8328],[129.157,36.8346],[129.1557,36.8386],[129.1602,36.8407],[129.1679,36.8403],[129.1677,36.8357],[129.1721,36.8287],[129.1716,36.8232],[129.1743,36.8168],[129.1673,36.8078],[129.1657,36.8017],[129.1669,36.7988],[129.1636,36.7904],[129.1561,36.788],[129.1554,36.7849],[129.1584,36.7801],[129.1578,36.7761],[129.1613,36.771],[129.1604,36.7634],[129.1658,36.7656],[129.1686,36.7643],[129.1729,36.7581],[129.1765,36.7589],[129.1837,36.754],[129.1769,36.7488],[129.1792,36.7404],[129.179,36.7357],[129.1895,36.7217],[129.1884,36.7149],[129.1849,36.711],[129.1852,36.703],[129.1807,36.6978],[129.1807,36.6918],[129.1839,36.6895],[129.1918,36.6883],[129.1923,36.6843],[129.1972,36.6774],[129.2035,36.6755],[129.2117,36.6816],[129.2156,36.6881],[129.2237,36.6904],[129.2256,36.6931],[129.2312,36.6959],[129.2438,36.7002],[129.2453,36.6992],[129.2558,36.7002],[129.2592,36.6972],[129.2689,36.6954],[129.2769,36.6916],[129.2814,36.6936],[129.2822,36.6981],[129.2866,36.7024],[129.2863,36.7084],[129.2938,36.7176],[129.2871,36.7195],[129.2809,36.7236],[129.2786,36.7225],[129.2714,36.7254],[129.27,36.7323],[129.2731,36.7378],[129.273,36.7451],[129.2847,36.752],[129.2952,36.754],[129.2982,36.7575],[129.2958,36.7657],[129.2984,36.7716],[129.3029,36.7764],[129.3085,36.7742],[129.3117,36.7756],[129.3135,36.7809],[129.3117,36.7863],[129.3067,36.7923],[129.3006,36.7936],[129.2937,36.8029],[129.2934,36.8055],[129.2892,36.8082],[129.2919,36.8211],[129.2949,36.8249]]]},"properties":{"sigun":"영양군","emd":"수비면","code":"4776034000"}},
{"type":"Feature","geometry":{"type":"Polygon","coordinates":[[[129.2325,36.5774],[129.2278,36.5785],[129.2221,36.5729],[129.2132,36.5716],[129.2093,36.5779],[129.2076,36.584],[129.2037,36.5859],[129.1997,36.5955],[129.1957,36.5984],[129.1907,36.5993],[129.1956,36.6102],[129.1931,36.6128],[129.1833,36.616],[129.1796,36.6193],[129.1706,36.6179],[129.1646,36.6154],[129.155,36.6249],[129.148,36.6264],[129.1422,36.6254],[129.1381,36.6218],[129.1398,36.6187],[129.1372,36.6121],[129.1332,36.6099],[129.1325,36.6062],[129.1289,36.6009],[129.122,36.5988],[129.1207,36.5942],[129.1143,36.5868],[129.1122,36.5828],[129.112,36.5763],[129.1103,36.5736],[129.1046,36.5712],[129.1003,36.567],[129.0986,36.5599],[129.095,36.5572],[129.0932,36.5527],[129.0951,36.5493],[129.0993,36.55],[129.1082,36.5461],[129.1076,36.5441],[129.1118,36.5398],[129.1183,36.5385],[129.1224,36.5351],[129.1287,36.5338],[129.1311,36.5267],[129.1268,36.5221],[129.1305,36.5185],[129.1278,36.5131],[129.1316,36.5071],[129.1298,36.5038],[129.1328,36.5009],[129.1368,36.5011],[129.1443,36.499],[129.147,36.5015],[129.1521,36.5003],[129.1613,36.5041],[129.1696,36.5055],[129.1733,36.5077],[129.182,36.5074],[129.1884,36.4997],[129.1929,36.5033],[129.1976,36.5011],[129.2049,36.5025],[129.2158,36.4989],[129.218,36.4955],[129.2181,36.4905],[129.2224,36.4901],[129.2266,36.4944],[129.2231,36.4995],[129.2228,36.5036],[129.2259,36.5137],[129.244,36.5087],[129.2477,36.5102],[129.2461,36.5157],[129.2385,36.5231],[129.2357,36.5296],[129.2377,36.5421],[129.2398,36.5457],[129.2393,36.5536],[129.2422,36.5599],[129.2474,36.5598],[129.2434,36.567],[129.2369,36.5695],[129.2325,36.5774]]]},"properties":{"sigun":"영양군","emd":"석보면","code":"4776035000"}},
{"type":"Feature","geometry":{"type":"Polygon","coordinates":[[[129.4362,36.471],[129.4314,36.4711],[129.4273,36.478],[129.4243,36.4784],[129.4221,36.4829],[129.4175,36.4835],[129.4162,36.4752],[129.4213,36.47],[129.4122,36.465],[129.4082,36.4598],[129.4037,36.4593],[129.4022,36.4533],[129.3988,36.451],[129.3865,36.4552],[129.387,36.4648],[129.379,36.4665],[129.3776,36.4703],[129.3739,36.4725],[129.3743,36.4765],[129.3657,36.4764],[129.3664,36.4718],[129.3511,36.4758],[129.3455,36.4794],[129.3384,36.4787],[129.3294,36.4823],[129.3235,36.4814],[129.3275,36.4669],[129.3321,36.4641],[129.336,36.4554],[129.3358,36.4527],[129.3417,36.4504],[129.3423,36.4456],[129.3451,36.4427],[129.3448,36.4376],[129.342,36.4343],[129.3512,36.4306],[129.3485,36.4257],[129.3502,36.4185],[129.3455,36.415],[129.3368,36.4116],[129.3451,36.4068],[129.3487,36.4035],[129.347,36.3953],[129.3528,36.3948],[129.3566,36.3898],[129.3681,36.3828],[129.3749,36.3846],[129.3716,36.3893],[129.3727,36.3926],[129.3804,36.3968],[129.3833,36.4019],[129.3845,36.4084],[129.3877,36.4125],[129.3872,36.4158],[129.3917,36.4187],[129.3992,36.4176],[129.4046,36.4196],[129.4106,36.4192],[129.4156,36.4122],[129.4134,36.4062],[129.4154,36.4028],[129.4207,36.3986],[129.4252,36.4056],[129.4306,36.4096],[129.4314,36.4161],[129.4355,36.4235],[129.4364,36.4289],[129.4339,36.437],[129.437,36.447],[129.4355,36.4533],[129.438,36.4629],[129.4362,36.471]]]},"properties":{"sigun":"영덕군","emd":"영덕읍","code":"4777025000"}},
{"type":"Feature","geometry":{"type":"Polygon","coordinates":[[[129.4207,36.3986],[129.4154,36.4028],[129.4134,36.4062],[129.4156,36.4122],[129.4106,36.4192],[129.4046,36.4196],[129.3992,36.4176],[129.3917,36.4187],[129.3872,36.4158],[129.3877,36.4125],[129.3845,36.4084],[129.3833,36.4019],[129.3804,36.3968],[129.3727,36.3926],[129.3716,36.3893],[129.3749,36.3846],[129.3681,36.3828],[129.3566,36.3898],[129.3528,36.3948],[129.347,36.3953],[129.3487,36.4035],[129.3451,36.4068],[129.3368,36.4116],[129.3336,36.4111],[129.3275,36.4134],[129.3195,36.414],[129.3157,36.4072],[129.3195,36.3971],[129.3191,36.3928],[129.3248,36.3911],[129.3213,36.3788],[129.3216,36.3753],[129.3274,36.3741],[129.3377,36.3737],[129.346,36.366],[129.3493,36.3642],[129.3518,36.3594],[129.3588,36.3557],[129.3653,36.3486],[129.3681,36.3471],[129.375,36.3369],[129.3805,36.3345],[129.3835,36.3362],[129.3844,36.3417],[129.3874,36.3429],[129.3898,36.3476],[129.3894,36.3568],[129.3937,36.3578],[129.3959,36.3658],[129.4046,36.3764],[129.408,36.3815],[129.4084,36.388],[129.4137,36.39],[129.4207,36.3986]]]},"properties":{"sigun":"영덕군","emd":"강구면","code":"4777031000"}},
{"type":"Feature","geometry":{"type":"Polygon","coordinates":[[[129.3805,36.3345],[129.375,36.3369],[129.3681,36.3471],[129.3653,36.3486],[129.3588,36.3557],[129.3518,36.3594],[129.3493,36.3642],[129.346,36.366],[129.3377,36.3737],[129.3274,36.3741],[129.3216,36.3753],[129.3196,36.3718],[129.3165,36.3549],[129.3173,36.3494],[129.3154,36.3466],[129.3085,36.3476],[129.302,36.3396],[129.2906,36.3351],[129.2873,36.3325],[129.2917,36.3247],[129.3017,36.3181],[129.3002,36.3073],[129.2944,36.3044],[129.2865,36.2984],[129.2879,36.2889],[129.2866,36.2861],[129.2922,36.2791],[129.2934,36.2764],[129.3001,36.2736],[129.3044,36.2677],[129.3142,36.2709],[129.3244,36.2691],[129.3284,36.2675],[129.3363,36.268],[129.3394,36.2667],[129.3443,36.2703],[129.3477,36.2698],[129.3535,36.2731],[129.3629,36.271],[129.3661,36.2686],[129.3763,36.2683],[129.3816,36.2749],[129.3782,36.2784],[129.375,36.2887],[129.3796,36.2906],[129.3801,36.2996],[129.3778,36.3053],[129.3804,36.3089],[129.3798,36.3181],[129.3827,36.3221],[129.3795,36.333],[129.3805,36.3345]]]},"properties":{"sigun":"영덕군","emd":"남정면","code":"4777032000"}},
{"type":"Feature","geometry":{"type":"Polygon","coordinates":[[[129.3195,36.414],[129.3062,36.4143],[129.3036,36.4163],[129.2957,36.4161],[129.2902,36.4196],[129.2849,36.4176],[129.2764,36.4212],[129.2693,36.4182],[129.2639,36.4132],[129.261,36.4088],[129.2434,36.4057],[129.2381,36.4065],[129.2284,36.4035],[129.2266,36.3988],[129.2281,36.3959],[129.2225,36.3919],[129.2207,36.3866],[129.2263,36.3836],[129.2279,36.3799],[129.2188,36.3731],[129.2162,36.361],[129.2201,36.3591],[129.2213,36.3526],[129.2241,36.3465],[129.2281,36.3439],[129.2359,36.344],[129.243,36.346],[129.247,36.344],[129.2514,36.3389],[129.2599,36.3335],[129.2553,36.3237],[129.2519,36.3209],[129.2667,36.3208],[129.2675,36.33],[129.2758,36.3278],[129.2873,36.3325],[129.2906,36.3351],[129.302,36.3396],[129.3085,36.3476],[129.3154,36.3466],[129.3173,36.3494],[129.3165,36.3549],[129.3196,36.3718],[129.3216,36.3753],[129.3213,36.3788],[129.3248,36.3911],[129.3191,36.3928],[129.3195,36.3971],[129.3157,36.4072],[129.3195,36.414]]]},"properties":{"sigun":"영덕군","emd":"달산면","code":"4777033000"}},
{"type":"Feature","geometry":{"type":"Polygon","coordinates":[[[129.2477,36.5102],[129.244,36.5087],[129.2259,36.5137],[129.2228,36.5036],[129.2231,36.4995],[129.2266,36.4944],[129.2224,36.4901],[129.2181,36.4905],[129.218,36.4955],[129.2158,36.4989],[129.2049,36.5025],[129.1976,36.5011],[129.1929,36.5033],[129.1884,36.4997],[129.182,36.5074],[129.1733,36.5077],[129.1696,36.5055],[129.1613,36.5041],[129.1521,36.5003],[129.1516,36.4951],[129.154,36.4929],[129.1479,36.4778],[129.1528,36.4669],[129.1557,36.4654],[129.1619,36.4582],[129.1612,36.4537],[129.1691,36.4464],[129.1686,36.4415],[129.1715,36.4344],[129.1763,36.4316],[129.1872,36.4284],[129.1867,36.4269],[129.1981,36.4303],[129.2089,36.4212],[129.2119,36.4133],[129.212,36.4077],[129.2181,36.4033],[129.2266,36.3988],[129.2284,36.4035],[129.2381,36.4065],[129.2434,36.4057],[129.261,36.4088],[129.2639,36.4132],[129.2693,36.4182],[129.2764,36.4212],[129.2849,36.4176],[129.2902,36.4196],[129.2957,36.4161],[129.3036,36.4163],[129.3062,36.4143],[129.3195,36.414],[129.3275,36.4134],[129.3336,36.4111],[129.3368,36.4116],[129.3455,36.415],[129.3502,36.4185],[129.3485,36.4257],[129.3512,36.4306],[129.342,36.4343],[129.3448,36.4376],[129.3451,36.4427],[129.3423,36.4456],[129.3417,36.4504],[129.3358,36.4527],[129.336,36.4554],[129.3321,36.4641],[129.3275,36.4669],[129.3235,36.4814],[129.3177,36.4823],[129.3054,36.4915],[129.3041,36.4945],[129.2966,36.5002],[129.2823,36.5103],[129.2713,36.5064],[129.2619,36.5085],[129.2569,36.5048],[129.2477,36.5102]]]},"properties":{"sigun":"영덕군","emd":"지품면","code":"4777034000"}},
{"type":"Feature","geometry":{"type":"Polygon","coordinates":[[[129.4442,36.5123],[129.4317,36.5177],[129.4309,36.5268],[129.4289,36.5269],[129.415,36.5205],[129.408,36.5195],[129.4052,36.5229],[129.3983,36.5237],[129.3944,36.5202],[129.3848,36.5211],[129.3787,36.5203],[129.3706,36.5254],[129.3663,36.5265],[129.3609,36.5239],[129.3599,36.5169],[129.3575,36.5142],[129.3556,36.5082],[129.3483,36.5101],[129.3469,36.5054],[129.3416,36.5042],[129.332,36.5064],[129.3302,36.5082],[129.3149,36.5086],[129.308,36.506],[129.3058,36.5036],[129.2966,36.5002],[129.3041,36.4945],[129.3054,36.4915],[129.3177,36.4823],[129.3235,36.4814],[129.3294,36.4823],[129.3384,36.4787],[129.3455,36.4794],[129.3511,36.4758],[129.3664,36.4718],[129.3657,36.4764],[129.3743,36.4765],[129.3739,36.4725],[129.3776,36.4703],[129.379,36.4665],[129.387,36.4648],[129.3865,36.4552],[129.3988,36.451],[129.4022,36.4533],[129.4037,36.4593],[129.4082,36.4598],[129.4122,36.465],[129.4213,36.47],[129.4162,36.4752],[129.4175,36.4835],[129.4221,36.4829],[129.4243,36.4784],[129.4273,36.478],[129.4314,36.4711],[129.4362,36.471],[129.4332,36.4761],[129.4343,36.4832],[129.4452,36.4887],[129.4448,36.4926],[129.4468,36.4968],[129.4465,36.5023],[129.4482,36.5054],[129.4526,36.5061],[129.4531,36.5097],[129.4501,36.5127],[129.4442,36.5123]]]},"properties":{"sigun":"영덕군","emd":"축산면","code":"4777035000"}},
{"type":"Feature","geometry":{"type":"Polygon","coordinates":[[[129.4442,36.5123],[129.4448,36.519],[129.4407,36.5302],[129.4401,36.5402],[129.4407,36.5518],[129.437,36.5568],[129.4264,36.5661],[129.4209,36.5642],[129.4203,36.5551],[129.4185,36.5534],[129.4081,36.5563],[129.4049,36.554],[129.3994,36.5457],[129.393,36.5427],[129.3841,36.5443],[129.3801,36.5483],[129.3748,36.5491],[129.3664,36.5457],[129.3613,36.5451],[129.3535,36.5376],[129.3463,36.5362],[129.3398,36.5362],[129.3302,36.5404],[129.3241,36.5404],[129.319,36.5373],[129.3095,36.5405],[129.3052,36.5362],[129.305,36.5325],[129.3009,36.5283],[129.2961,36.5265],[129.2894,36.5288],[129.2829,36.5291],[129.2762,36.5326],[129.2729,36.5359],[129.2762,36.5458],[129.2754,36.5477],[129.2805,36.5526],[129.2783,36.5555],[129.2734,36.5547],[129.2599,36.5591],[129.2474,36.5598],[129.2422,36.5599],[129.2393,36.5536],[129.2398,36.5457],[129.2377,36.5421],[129.2357,36.5296],[129.2385,36.5231],[129.2461,36.5157],[129.2477,36.5102],[129.2569,36.5048],[129.2619,36.5085],[129.2713,36.5064],[129.2823,36.5103],[129.2966,36.5002],[129.3058,36.5036],[129.308,36.506],[129.3149,36.5086],[129.3302,36.5082],[129.332,36.5064],[129.3416,36.5042],[129.3469,36.5054],[129.3483,36.5101],[129.3556,36.5082],[129.3575,36.5142],[129.3599,36.5169],[129.3609,36.5239],[129.3663,36.5265],[129.3706,36.5254],[129.3787,36.5203],[129.3848,36.5211],[129.3944,36.5202],[129.3983,36.5237],[129.4052,36.5229],[129.408,36.5195],[129.415,36.5205],[129.4289,36.5269],[129.4309,36.5268],[129.4317,36.5177],[129.4442,36.5123]]]},"properties":{"sigun":"영덕군","emd":"영해면","code":"4777036000"}},
{"type":"Feature","geometry":{"type":"Polygon","coordinates":[[[129.3969,36.6655],[129.3918,36.6663],[129.3846,36.6702],[129.3707,36.6627],[129.367,36.663],[129.361,36.6587],[129.3578,36.6531],[129.3546,36.651],[129.3532,36.6451],[129.3509,36.6421],[129.3539,36.64],[129.3571,36.6341],[129.3504,36.6263],[129.353,36.6224],[129.3509,36.6114],[129.3474,36.6092],[129.3494,36.6041],[129.3497,36.5965],[129.3513,36.5931],[129.3495,36.5891],[129.3494,36.584],[129.3537,36.5746],[129.3637,36.5741],[129.368,36.5705],[129.3693,36.5652],[129.3721,36.5628],[129.3775,36.5536],[129.3844,36.5471],[129.3841,36.5443],[129.393,36.5427],[129.3994,36.5457],[129.4049,36.554],[129.4081,36.5563],[129.4185,36.5534],[129.4203,36.5551],[129.4209,36.5642],[129.4264,36.5661],[129.4175,36.5766],[129.4132,36.5845],[129.4106,36.5947],[129.4111,36.5982],[129.4147,36.5997],[129.4161,36.605],[129.4126,36.6163],[129.4122,36.6224],[129.4173,36.6306],[129.4183,36.6399],[129.4238,36.6433],[129.4197,36.6446],[129.4194,36.6503],[129.411,36.6547],[129.4067,36.6592],[129.3968,36.6614],[129.3969,36.6655]]]},"properties":{"sigun":"영덕군","emd":"병곡면","code":"4777037000"}},
{"type":"Feature","geometry":{"type":"Polygon","coordinates":[[[129.3546,36.651],[129.3486,36.657],[129.3374,36.6606],[129.3307,36.6612],[129.3268,36.6666],[129.3175,36.6655],[129.3068,36.6683],[129.2977,36.6685],[129.2948,36.6702],[129.2851,36.6675],[129.274,36.6706],[129.2689,36.6737],[129.2606,36.669],[129.254,36.6712],[129.2398,36.6637],[129.2347,36.6628],[129.2307,36.6535],[129.2307,36.6443],[129.2349,36.6423],[129.2387,36.6361],[129.2401,36.6296],[129.2372,36.6272],[129.2311,36.6257],[129.2288,36.6235],[129.2293,36.615],[129.2311,36.6052],[129.2217,36.5998],[129.2241,36.5977],[129.2188,36.5943],[129.2166,36.5902],[129.2212,36.5856],[129.2259,36.586],[129.2308,36.5841],[129.233,36.5811],[129.2325,36.5774],[129.2369,36.5695],[129.2434,36.567],[129.2474,36.5598],[129.2599,36.5591],[129.2734,36.5547],[129.2783,36.5555],[129.2805,36.5526],[129.2754,36.5477],[129.2762,36.5458],[129.2729,36.5359],[129.2762,36.5326],[129.2829,36.5291],[129.2894,36.5288],[129.2961,36.5265],[129.3009,36.5283],[129.305,36.5325],[129.3052,36.5362],[129.3095,36.5405],[129.319,36.5373],[129.3241,36.5404],[129.3302,36.5404],[129.3398,36.5362],[129.3463,36.5362],[129.3535,36.5376],[129.3613,36.5451],[129.3664,36.5457],[129.3748,36.5491],[129.3801,36.5483],[129.3841,36.5443],[129.3844,36.5471],[129.3775,36.5536],[129.3721,36.5628],[129.3693,36.5652],[129.368,36.5705],[129.3637,36.5741],[129.3537,36.5746],[129.3494,36.584],[129.3495,36.5891],[129.3513,36.5931],[129.3497,36.5965],[129.3494,36.6041],[129.3474,36.6092],[129.3509,36.6114],[129.353,36.6224],[129.3504,36.6263],[129.3571,36.6341],[129.3539,36.64],[129.3509,36.6421],[129.3532,36.6451],[129.3546,36.651]]]},"properties":{"sigun":"영덕군","emd":"창수면","code":"4777038000"}},
{"type":"Feature","geometry":{"type":"Polygon","coordinates":[[[128.7436,35.7039],[128.7376,35.709],[128.7361,35.7163],[128.7311,35.7201],[128.7222,35.7192],[128.7153,35.7208],[128.7132,35.7163],[128.7095,35.7138],[128.7076,35.7075],[128.7071,35.6972],[128.7052,35.6948],[128.7003,35.695],[128.6968,35.6929],[128.692,35.6844],[128.687,35.6826],[128.6879,35.6731],[128.6853,35.6725],[128.6794,35.6624],[128.6789,35.6576],[128.6854,35.6575],[128.6891,35.6603],[128.6977,35.6599],[128.6919,35.6537],[128.6939,35.649],[128.6938,35.6437],[128.6995,35.6372],[128.6994,35.6276],[128.7046,35.6132],[128.7158,35.6132],[128.7203,35.6155],[128.7308,35.6187],[128.7352,35.6255],[128.7375,35.6353],[128.7329,35.6462],[128.7407,35.6496],[128.7436,35.6527],[128.7394,35.6578],[128.7364,35.6639],[128.7447,35.6656],[128.7462,35.6716],[128.7412,35.6764],[128.7333,35.6881],[128.7337,35.6959],[128.7394,35.702],[128.7436,35.7039]]]},"properties":{"sigun":"청도군","emd":"화양읍","code":"4782025000"}},
{"type":"Feature","geometry":{"type":"Polygon","coordinates":[[[128.7656,35.7004],[128.7539,35.7006],[128.7436,35.7039],[128.7394,35.702],[128.7337,35.6959],[128.7333,35.6881],[128.7412,35.6764],[128.7462,35.6716],[128.7447,35.6656],[128.7364,35.6639],[128.7394,35.6578],[128.7436,35.6527],[128.7407,35.6496],[128.7329,35.6462],[128.7375,35.6353],[128.7352,35.6255],[128.7308,35.6187],[128.7203,35.6155],[128.7158,35.6132],[128.7046,35.6132],[128.6949,35.6078],[128.6913,35.5944],[128.6962,35.5829],[128.7033,35.5785],[128.7125,35.5796],[128.7166,35.5784],[128.7207,35.5807],[128.7251,35.5806],[128.7311,35.5762],[128.7359,35.5766],[128.7539,35.5702],[128.7559,35.5682],[128.7663,35.5682],[128.7681,35.5705],[128.7846,35.566],[128.7868,35.5661],[128.7961,35.5735],[128.8005,35.5854],[128.7972,35.5902],[128.7926,35.5941],[128.7864,35.5965],[128.7855,35.6052],[128.7915,35.6077],[128.7837,35.6207],[128.7805,35.625],[128.7799,35.6355],[128.7827,35.6431],[128.7813,35.646],[128.7847,35.6483],[128.7906,35.6496],[128.7967,35.6489],[128.7974,35.6555],[128.801,35.6606],[128.8071,35.6617],[128.8074,35.6671],[128.8049,35.6727],[128.8041,35.678],[128.7908,35.6808],[128.7882,35.6909],[128.7848,35.6957],[128.7656,35.7004]]]},"properties":{"sigun":"청도군","emd":"청도읍","code":"4782025300"}},
{"type":"Feature","geometry":{"type":"Polygon","coordinates":[[[128.7046,35.6132],[128.6994,35.6276],[128.6995,35.6372],[128.6938,35.6437],[128.6939,35.649],[128.6919,35.6537],[128.6977,35.6599],[128.6891,35.6603],[128.6854,35.6575],[128.6796,35.6524],[128.6696,35.6498],[128.6579,35.6486],[128.6533,35.6434],[128.6483,35.643],[128.6382,35.6449],[128.6332,35.6406],[128.6334,35.6378],[128.6281,35.6361],[128.6257,35.6314],[128.6298,35.6275],[128.6287,35.6252],[128.6203,35.6236],[128.6226,35.6194],[128.6223,35.6119],[128.6198,35.6073],[128.6122,35.6024],[128.6013,35.5978],[128.5969,35.5929],[128.5935,35.5927],[128.5937,35.5845],[128.6012,35.5808],[128.6068,35.5804],[128.6176,35.5844],[128.6266,35.5848],[128.6311,35.5867],[128.6359,35.5841],[128.6436,35.5923],[128.658,35.5977],[128.6635,35.5946],[128.6725,35.5959],[128.6913,35.5944],[128.6949,35.6078],[128.7046,35.6132]]]},"properties":{"sigun":"청도군","emd":"각남면","code":"4782031000"}},
{"type":"Feature","geometry":{"type":"Polygon","coordinates":[[[128.6297,35.6428],[128.6265,35.6424],[128.6172,35.6475],[128.6098,35.6495],[128.6033,35.657],[128.5975,35.6615],[128.5925,35.6613],[128.588,35.6644],[128.5864,35.6718],[128.5883,35.6734],[128.5867,35.6782],[128.5823,35.6804],[128.5765,35.6866],[128.5688,35.6871],[128.5646,35.6821],[128.5517,35.6789],[128.5392,35.6786],[128.5335,35.6821],[128.5285,35.6795],[128.5264,35.6742],[128.5309,35.6654],[128.5315,35.6622],[128.5369,35.661],[128.5383,35.6549],[128.5347,35.6438],[128.5382,35.632],[128.5358,35.6273],[128.5365,35.6237],[128.5505,35.617],[128.558,35.6149],[128.5597,35.6033],[128.5645,35.6025],[128.5723,35.5975],[128.5743,35.5922],[128.5848,35.5862],[128.5937,35.5845],[128.5935,35.5927],[128.5969,35.5929],[128.6013,35.5978],[128.6122,35.6024],[128.6198,35.6073],[128.6223,35.6119],[128.6226,35.6194],[128.6203,35.6236],[128.6287,35.6252],[128.6298,35.6275],[128.6257,35.6314],[128.6281,35.6361],[128.6334,35.6378],[128.6332,35.6406],[128.6297,35.6428]]]},"properties":{"sigun":"청도군","emd":"풍각면","code":"4782032000"}},
{"type":"Feature","geometry":{"type":"Polygon","coordinates":[[[128.6207,35.7043],[128.614,35.7106],[128.614,35.7143],[128.6169,35.7165],[128.6164,35.7198],[128.6103,35.7253],[128.6154,35.7304],[128.6167,35.7371],[128.6066,35.7389],[128.5997,35.7366],[128.5962,35.7371],[128.5893,35.7319],[128.5819,35.7388],[128.58,35.7391],[128.5717,35.7346],[128.5662,35.7365],[128.5595,35.7286],[128.5524,35.7262],[128.5461,35.7223],[128.5441,35.7193],[128.5289,35.7139],[128.5324,35.7055],[128.5315,35.6968],[128.5351,35.694],[128.5315,35.6881],[128.5335,35.6821],[128.5392,35.6786],[128.5517,35.6789],[128.5646,35.6821],[128.5688,35.6871],[128.5765,35.6866],[128.5823,35.6804],[128.5867,35.6782],[128.5883,35.6734],[128.5864,35.6718],[128.588,35.6644],[128.5925,35.6613],[128.5975,35.6615],[128.6033,35.657],[128.6098,35.6495],[128.6172,35.6475],[128.6265,35.6424],[128.6297,35.6428],[128.6316,35.6467],[128.628,35.652],[128.6215,35.6554],[128.6258,35.6627],[128.6247,35.6677],[128.6194,35.669],[128.614,35.6742],[128.6153,35.6851],[128.6112,35.6914],[128.6116,35.6974],[128.6147,35.7008],[128.6207,35.7043]]]},"properties":{"sigun":"청도군","emd":"각북면","code":"4782033000"}},
{"type":"Feature","geometry":{"type":"Polygon","coordinates":[[[128.7153,35.7208],[128.7108,35.7311],[128.7048,35.7353],[128.7019,35.7437],[128.6944,35.7439],[128.6895,35.7399],[128.6918,35.7323],[128.6902,35.7299],[128.683,35.7255],[128.6834,35.7218],[128.6719,35.7208],[128.6711,35.719],[128.6637,35.7206],[128.6582,35.7185],[128.6544,35.7145],[128.6462,35.7084],[128.6377,35.7058],[128.6308,35.707],[128.6231,35.7034],[128.6207,35.7043],[128.6147,35.7008],[128.6116,35.6974],[128.6112,35.6914],[128.6153,35.6851],[128.614,35.6742],[128.6194,35.669],[128.6247,35.6677],[128.6258,35.6627],[128.6215,35.6554],[128.628,35.652],[128.6316,35.6467],[128.6297,35.6428],[128.6332,35.6406],[128.6382,35.6449],[128.6483,35.643],[128.6533,35.6434],[128.6579,35.6486],[128.6696,35.6498],[128.6796,35.6524],[128.6854,35.6575],[128.6789,35.6576],[128.6794,35.6624],[128.6853,35.6725],[128.6879,35.6731],[128.687,35.6826],[128.692,35.6844],[128.6968,35.6929],[128.7003,35.695],[128.7052,35.6948],[128.7071,35.6972],[128.7076,35.7075],[128.7095,35.7138],[128.7132,35.7163],[128.7153,35.7208]]]},"properties":{"sigun":"청도군","emd":"이서면","code":"4782034000"}},
{"type":"Feature","geometry":{"type":"Polygon","coordinates":[[[129.0473,35.6501],[129.0403,35.6582],[129.0397,35.6666],[129.0344,35.6762],[129.0361,35.6777],[129.0379,35.6875],[129.0376,35.6925],[129.0325,35.6905],[129.0195,35.6882],[129.0086,35.6943],[129.0039,35.6977],[129.005,35.7048],[128.9967,35.7126],[128.997,35.7174],[128.9913,35.7193],[128.9898,35.7235],[128.978,35.7342],[128.9727,35.7369],[128.9742,35.7478],[128.9699,35.7528],[128.9746,35.7601],[128.9742,35.7701],[128.9876,35.7724],[128.9876,35.7855],[128.993,35.7954],[128.9905,35.8005],[128.9972,35.8064],[129.0034,35.8164],[129.0043,35.8233],[129.0078,35.8278],[129.0083,35.8319],[129.0138,35.8356],[129.0164,35.8406],[129.0141,35.8462],[129.004,35.8425],[129.0003,35.8422],[128.9893,35.8378],[128.9866,35.8344],[128.9777,35.8329],[128.9708,35.8354],[128.9659,35.8345],[128.9599,35.8233],[128.9581,35.8176],[128.9544,35.8112],[128.9556,35.8028],[128.9509,35.7982],[128.9497,35.7933],[128.9447,35.7868],[128.9463,35.7815],[128.9419,35.7771],[128.9404,35.7711],[128.9345,35.7613],[128.9261,35.7555],[128.9272,35.7492],[128.9173,35.7448],[128.9136,35.7414],[128.9116,35.7318],[128.906,35.7216],[128.9068,35.7153],[128.91,35.7143],[128.9175,35.7076],[128.9263,35.7067],[128.9367,35.7094],[128.9358,35.7025],[128.9382,35.6954],[128.9392,35.6852],[128.937,35.6813],[128.9377,35.6759],[128.9444,35.6712],[128.9498,35.6642],[128.9497,35.6571],[128.9435,35.6459],[128.9403,35.6386],[128.9409,35.6331],[128.9491,35.6287],[128.9553,35.6221],[128.9603,35.6193],[128.96,35.6153],[128.9721,35.6138],[128.9818,35.6076],[128.9857,35.6079],[128.9901,35.6114],[128.9997,35.6166],[129.0043,35.6207],[129.0077,35.6268],[129.011,35.6291],[129.0176,35.6309],[129.021,35.6356],[129.0271,35.6363],[129.035,35.632],[129.0439,35.6414],[129.0473,35.6501]]]},"properties":{"sigun":"청도군","emd":"운문면","code":"4782035000"}},
{"type":"Feature","geometry":{"type":"Polygon","coordinates":[[[128.9261,35.7555],[128.9216,35.7555],[128.9141,35.7581],[128.9079,35.7513],[128.9078,35.7479],[128.9035,35.7469],[128.901,35.7523],[128.8987,35.7616],[128.8948,35.7638],[128.8916,35.7548],[128.8865,35.7512],[128.8762,35.748],[128.8665,35.758],[128.8604,35.7552],[128.8567,35.7573],[128.8546,35.7539],[128.8584,35.7474],[128.855,35.7438],[128.849,35.7412],[128.8446,35.7417],[128.837,35.7452],[128.8271,35.7384],[128.8275,35.7355],[128.8348,35.7291],[128.8372,35.722],[128.8433,35.7161],[128.8489,35.7135],[128.8551,35.7175],[128.864,35.7166],[128.8698,35.7015],[128.8699,35.6949],[128.8795,35.6857],[128.8807,35.6737],[128.8839,35.6718],[128.8886,35.6628],[128.8894,35.6576],[128.9012,35.6518],[128.9065,35.6531],[128.9149,35.6454],[128.9231,35.6468],[128.9231,35.6379],[128.931,35.6343],[128.9409,35.6331],[128.9403,35.6386],[128.9435,35.6459],[128.9497,35.6571],[128.9498,35.6642],[128.9444,35.6712],[128.9377,35.6759],[128.937,35.6813],[128.9392,35.6852],[128.9382,35.6954],[128.9358,35.7025],[128.9367,35.7094],[128.9263,35.7067],[128.9175,35.7076],[128.91,35.7143],[128.9068,35.7153],[128.906,35.7216],[128.9116,35.7318],[128.9136,35.7414],[128.9173,35.7448],[128.9272,35.7492],[128.9261,35.7555]]]},"properties":{"sigun":"청도군","emd":"금천면","code":"4782036000"}},
{"type":"Feature","geometry":{"type":"Polygon","coordinates":[[[128.8271,35.7384],[128.8155,35.7432],[128.8104,35.7401],[128.8057,35.7438],[128.8009,35.745],[128.7988,35.7431],[128.7893,35.7423],[128.7843,35.7348],[128.7844,35.7315],[128.7747,35.7294],[128.774,35.7213],[128.7644,35.7161],[128.7628,35.7085],[128.7662,35.7068],[128.7656,35.7004],[128.7848,35.6957],[128.7882,35.6909],[128.7908,35.6808],[128.8041,35.678],[128.8049,35.6727],[128.8074,35.6671],[128.8071,35.6617],[128.801,35.6606],[128.7974,35.6555],[128.7967,35.6489],[128.7906,35.6496],[128.7847,35.6483],[128.7813,35.646],[128.7827,35.6431],[128.7799,35.6355],[128.7805,35.625],[128.7837,35.6207],[128.7915,35.6077],[128.7855,35.6052],[128.7864,35.5965],[128.7926,35.5941],[128.7972,35.5902],[128.8005,35.5854],[128.8022,35.5885],[128.811,35.5893],[128.8213,35.5936],[128.8236,35.5963],[128.8335,35.5974],[128.843,35.5891],[128.8463,35.5906],[128.8535,35.5964],[128.8546,35.6],[128.8591,35.6067],[128.8656,35.6108],[128.8676,35.616],[128.8724,35.6211],[128.8747,35.6349],[128.8826,35.6347],[128.8856,35.6298],[128.8917,35.6303],[128.9074,35.6351],[128.9118,35.6379],[128.9149,35.6454],[128.9065,35.6531],[128.9012,35.6518],[128.8894,35.6576],[128.8886,35.6628],[128.8839,35.6718],[128.8807,35.6737],[128.8795,35.6857],[128.8699,35.6949],[128.8698,35.7015],[128.864,35.7166],[128.8551,35.7175],[128.8489,35.7135],[128.8433,35.7161],[128.8372,35.722],[128.8348,35.7291],[128.8275,35.7355],[128.8271,35.7384]]]},"properties":{"sigun":"청도군","emd":"매전면","code":"4782037000"}},
{"type":"Feature","geometry":{"type":"Polygon","coordinates":[[[128.2694,35.7591],[128.2602,35.7583],[128.2583,35.7534],[128.2553,35.7521],[128.2511,35.7566],[128.2411,35.759],[128.2308,35.7641],[128.2293,35.7676],[128.2207,35.7672],[128.2053,35.7629],[128.1991,35.7595],[128.1987,35.7551],[128.1893,35.7523],[128.1943,35.7382],[128.1979,35.7367],[128.2037,35.7377],[128.2092,35.7362],[128.219,35.736],[128.2247,35.7384],[128.2277,35.7362],[128.2285,35.7313],[128.2317,35.7236],[128.2371,35.7192],[128.2461,35.7182],[128.251,35.7128],[128.2569,35.712],[128.2574,35.7032],[128.2659,35.7013],[128.2711,35.693],[128.2756,35.689],[128.2815,35.6867],[128.2912,35.6763],[128.3015,35.6789],[128.3034,35.6887],[128.3051,35.6917],[128.3034,35.6986],[128.3077,35.6999],[128.3151,35.7046],[128.3014,35.706],[128.2961,35.709],[128.293,35.7162],[128.2903,35.7185],[128.29,35.7241],[128.2914,35.733],[128.2905,35.7385],[128.287,35.7393],[128.286,35.7441],[128.2876,35.7498],[128.2863,35.7543],[128.282,35.7579],[128.2719,35.7569],[128.2694,35.7591]]]},"properties":{"sigun":"고령군","emd":"대가야읍","code":"4783025300"}},
{"type":"Feature","geometry":{"type":"Polygon","coordinates":[[[128.2532,35.7804],[128.2397,35.7822],[128.2329,35.7877],[128.2249,35.788],[128.2183,35.792],[128.2146,35.7995],[128.2168,35.8025],[128.2129,35.8074],[128.2137,35.8102],[128.2086,35.8155],[128.1999,35.8154],[128.1948,35.8184],[128.1884,35.8198],[128.1771,35.8187],[128.1688,35.8153],[128.1601,35.8085],[128.1651,35.804],[128.1657,35.801],[128.1711,35.7983],[128.1735,35.7931],[128.1791,35.7883],[128.1755,35.7865],[128.1641,35.777],[128.1614,35.7697],[128.165,35.7635],[128.1735,35.7589],[128.1765,35.7586],[128.1873,35.7542],[128.1893,35.7523],[128.1987,35.7551],[128.1991,35.7595],[128.2053,35.7629],[128.2207,35.7672],[128.2293,35.7676],[128.2308,35.7641],[128.2411,35.759],[128.2511,35.7566],[128.2553,35.7521],[128.2583,35.7534],[128.2602,35.7583],[128.2694,35.7591],[128.2589,35.7654],[128.2604,35.7729],[128.2593,35.7768],[128.2532,35.7804]]]},"properties":{"sigun":"고령군","emd":"덕곡면","code":"4783031000"}},
{"type":"Feature","geometry":{"type":"Polygon","coordinates":[[[128.3379,35.7969],[128.3362,35.7999],[128.3268,35.8075],[128.321,35.8102],[128.3192,35.8138],[128.3064,35.8123],[128.3003,35.8154],[128.2925,35.8237],[128.2803,35.8272],[128.2754,35.8257],[128.2738,35.8221],[128.2749,35.809],[128.2729,35.8057],[128.2758,35.7914],[128.2726,35.79],[128.2647,35.7948],[128.2598,35.7945],[128.2517,35.7881],[128.2532,35.7804],[128.2593,35.7768],[128.2604,35.7729],[128.2589,35.7654],[128.2694,35.7591],[128.2719,35.7569],[128.282,35.7579],[128.2863,35.7543],[128.2876,35.7498],[128.286,35.7441],[128.287,35.7393],[128.2905,35.7385],[128.2981,35.7405],[128.2996,35.7455],[128.3061,35.7531],[128.3145,35.7536],[128.3227,35.7497],[128.3322,35.7523],[128.3359,35.7597],[128.3332,35.7633],[128.3329,35.7684],[128.3357,35.7717],[128.3305,35.7778],[128.3296,35.7831],[128.3328,35.7912],[128.3379,35.7969]]]},"properties":{"sigun":"고령군","emd":"운수면","code":"4783032000"}},
{"type":"Feature","geometry":{"type":"Polygon","coordinates":[[[128.3676,35.7925],[128.3644,35.7923],[128.3505,35.7991],[128.3435,35.7961],[128.3379,35.7969],[128.3328,35.7912],[128.3296,35.7831],[128.3305,35.7778],[128.3357,35.7717],[128.3329,35.7684],[128.3332,35.7633],[128.3359,35.7597],[128.3322,35.7523],[128.3227,35.7497],[128.3145,35.7536],[128.3061,35.7531],[128.2996,35.7455],[128.2981,35.7405],[128.2905,35.7385],[128.2914,35.733],[128.3,35.7313],[128.303,35.7341],[128.3179,35.7278],[128.3246,35.7293],[128.3299,35.7289],[128.3367,35.7252],[128.3418,35.7254],[128.3435,35.7305],[128.3466,35.7321],[128.3552,35.7329],[128.3592,35.7299],[128.3681,35.7305],[128.372,35.7344],[128.3779,35.7294],[128.3876,35.7264],[128.392,35.7224],[128.3972,35.7218],[128.4018,35.7183],[128.4075,35.7207],[128.4082,35.73],[128.4123,35.7306],[128.4166,35.7366],[128.4062,35.7389],[128.3926,35.7455],[128.386,35.755],[128.3852,35.7603],[128.3864,35.7633],[128.394,35.7715],[128.4,35.7796],[128.4023,35.7844],[128.398,35.7868],[128.3913,35.7835],[128.3866,35.7843],[128.3807,35.7811],[128.3676,35.7925]]]},"properties":{"sigun":"고령군","emd":"성산면","code":"4783033000"}},
{"type":"Feature","geometry":{"type":"Polygon","coordinates":[[[128.4023,35.7844],[128.4074,35.7965],[128.4203,35.8094],[128.43,35.8096],[128.4399,35.8085],[128.4527,35.8094],[128.4676,35.8083],[128.476,35.8117],[128.4802,35.8173],[128.4807,35.8222],[128.4772,35.8275],[128.4601,35.8413],[128.4478,35.8448],[128.4228,35.8513],[128.4165,35.8514],[128.3982,35.8494],[128.3901,35.8504],[128.3897,35.843],[128.3917,35.8384],[128.3826,35.8381],[128.3765,35.8361],[128.3771,35.8322],[128.3809,35.8245],[128.3807,35.8222],[128.3708,35.8132],[128.3694,35.8104],[128.3712,35.8044],[128.3698,35.8029],[128.3689,35.7935],[128.3676,35.7925],[128.3807,35.7811],[128.3866,35.7843],[128.3913,35.7835],[128.398,35.7868],[128.4023,35.7844]]]},"properties":{"sigun":"고령군","emd":"다산면","code":"4783034000"}},
{"type":"Feature","geometry":{"type":"Polygon","coordinates":[[[128.3588,35.6769],[128.3541,35.6838],[128.3507,35.6942],[128.351,35.7029],[128.3563,35.7071],[128.3597,35.7075],[128.3752,35.7025],[128.3828,35.7009],[128.3878,35.7011],[128.3949,35.6979],[128.4099,35.6942],[128.4178,35.6931],[128.4224,35.695],[128.4332,35.703],[128.435,35.7095],[128.4339,35.7202],[128.4325,35.7254],[128.4287,35.7293],[128.4196,35.7339],[128.4166,35.7366],[128.4123,35.7306],[128.4082,35.73],[128.4075,35.7207],[128.4018,35.7183],[128.3972,35.7218],[128.392,35.7224],[128.3876,35.7264],[128.3779,35.7294],[128.372,35.7344],[128.3681,35.7305],[128.3592,35.7299],[128.3552,35.7329],[128.3466,35.7321],[128.3435,35.7305],[128.3418,35.7254],[128.3367,35.7252],[128.3299,35.7289],[128.3246,35.7293],[128.3179,35.7278],[128.303,35.7341],[128.3,35.7313],[128.2914,35.733],[128.29,35.7241],[128.2903,35.7185],[128.293,35.7162],[128.2961,35.709],[128.3014,35.706],[128.3151,35.7046],[128.3214,35.7038],[128.3263,35.7062],[128.3308,35.7062],[128.338,35.7003],[128.3431,35.6922],[128.3431,35.6892],[128.347,35.6838],[128.3499,35.6766],[128.3588,35.6769]]]},"properties":{"sigun":"고령군","emd":"개진면","code":"4783035000"}},
{"type":"Feature","geometry":{"type":"Polygon","coordinates":[[[128.3588,35.6769],[128.3499,35.6766],[128.347,35.6838],[128.3431,35.6892],[128.3431,35.6922],[128.338,35.7003],[128.3308,35.7062],[128.3263,35.7062],[128.3214,35.7038],[128.3151,35.7046],[128.3077,35.6999],[128.3034,35.6986],[128.3051,35.6917],[128.3034,35.6887],[128.3015,35.6789],[128.2912,35.6763],[128.2903,35.6731],[128.2923,35.6694],[128.2984,35.6638],[128.2973,35.6562],[128.3025,35.6544],[128.306,35.6551],[128.3151,35.6511],[128.3182,35.6509],[128.3237,35.646],[128.3293,35.6482],[128.3409,35.6442],[128.3492,35.6464],[128.3549,35.6425],[128.3631,35.6286],[128.3638,35.6214],[128.3623,35.6119],[128.3776,35.6106],[128.3861,35.6124],[128.389,35.6155],[128.3913,35.6213],[128.3964,35.628],[128.4017,35.6321],[128.4029,35.6419],[128.3963,35.6481],[128.3916,35.6496],[128.3816,35.6553],[128.3635,35.671],[128.3588,35.6769]]]},"properties":{"sigun":"고령군","emd":"우곡면","code":"4783036000"}},
{"type":"Feature","geometry":{"type":"Polygon","coordinates":[[[128.2912,35.6763],[128.2815,35.6867],[128.2756,35.689],[128.2711,35.693],[128.2659,35.7013],[128.2574,35.7032],[128.2569,35.712],[128.251,35.7128],[128.2461,35.7182],[128.2371,35.7192],[128.2317,35.7236],[128.2285,35.7313],[128.2277,35.7362],[128.2247,35.7384],[128.219,35.736],[128.2092,35.7362],[128.2037,35.7377],[128.1979,35.7367],[128.1967,35.7305],[128.2016,35.7228],[128.2008,35.7178],[128.203,35.7121],[128.2011,35.7061],[128.2033,35.7031],[128.2045,35.6974],[128.202,35.6914],[128.2042,35.6887],[128.2016,35.6841],[128.1944,35.6844],[128.1842,35.6783],[128.1793,35.673],[128.1668,35.6739],[128.1626,35.6718],[128.1599,35.6657],[128.1614,35.661],[128.1577,35.6578],[128.1637,35.6535],[128.171,35.6548],[128.1752,35.6569],[128.1841,35.6585],[128.1914,35.6552],[128.1989,35.6492],[128.2011,35.6438],[128.2103,35.6444],[128.2115,35.6415],[128.2215,35.6411],[128.2251,35.6421],[128.228,35.6397],[128.2357,35.6407],[128.2375,35.6443],[128.2359,35.6514],[128.2439,35.6555],[128.2489,35.6511],[128.2583,35.6476],[128.2611,35.6427],[128.2671,35.6453],[128.2767,35.6467],[128.2784,35.6518],[128.2886,35.6524],[128.2962,35.6505],[128.2973,35.6562],[128.2984,35.6638],[128.2923,35.6694],[128.2903,35.6731],[128.2912,35.6763]]]},"properties":{"sigun":"고령군","emd":"쌍림면","code":"4783037000"}},
{"type":"Feature","geometry":{"type":"Polygon","coordinates":[[[128.3133,35.928],[128.311,35.9312],[128.3077,35.9413],[128.3024,35.9525],[128.2977,35.9553],[128.2845,35.956],[128.275,35.953],[128.2675,35.9423],[128.2596,35.9434],[128.2571,35.9403],[128.2521,35.9444],[128.2453,35.9371],[128.2438,35.9305],[128.2517,35.9288],[128.2624,35.928],[128.253,35.9183],[128.2519,35.9155],[128.2567,35.9107],[128.2498,35.9077],[128.2461,35.8968],[128.2425,35.8923],[128.2455,35.889],[128.2429,35.8834],[128.2509,35.8869],[128.2606,35.884],[128.2692,35.887],[128.2885,35.8896],[128.2941,35.8924],[128.2979,35.8902],[128.3081,35.8934],[128.3132,35.8963],[128.3111,35.9017],[128.3134,35.9059],[128.31,35.9127],[128.31,35.9213],[128.3144,35.9259],[128.3133,35.928]]]},"properties":{"sigun":"성주군","emd":"성주읍","code":"4784025000"}},
{"type":"Feature","geometry":{"type":"Polygon","coordinates":[[[128.3977,35.9391],[128.383,35.9399],[128.3796,35.939],[128.3737,35.9423],[128.3695,35.9423],[128.3642,35.9474],[128.3647,35.9518],[128.3598,35.9562],[128.3478,35.9547],[128.3414,35.9496],[128.3355,35.947],[128.3332,35.9388],[128.3345,35.9374],[128.3341,35.9286],[128.331,35.922],[128.3257,35.918],[128.3242,35.9244],[128.3165,35.9287],[128.3133,35.928],[128.3144,35.9259],[128.31,35.9213],[128.31,35.9127],[128.3134,35.9059],[128.3111,35.9017],[128.3132,35.8963],[128.3081,35.8934],[128.2979,35.8902],[128.2941,35.8924],[128.2885,35.8896],[128.2906,35.881],[128.2961,35.8773],[128.2932,35.8724],[128.2945,35.8663],[128.2967,35.8639],[128.302,35.8637],[128.3046,35.8598],[128.3118,35.8584],[128.322,35.8606],[128.3226,35.8679],[128.3294,35.8666],[128.3353,35.8677],[128.34,35.8757],[128.3451,35.8762],[128.3518,35.8799],[128.3635,35.878],[128.3678,35.8706],[128.3724,35.8688],[128.375,35.863],[128.3788,35.8609],[128.3816,35.8559],[128.3872,35.85],[128.3901,35.8504],[128.3866,35.8585],[128.3855,35.8652],[128.3873,35.8715],[128.3937,35.883],[128.404,35.91],[128.4038,35.9192],[128.4001,35.9289],[128.3977,35.9391]]]},"properties":{"sigun":"성주군","emd":"선남면","code":"4784031000"}},
{"type":"Feature","geometry":{"type":"Polygon","coordinates":[[[128.2885,35.8896],[128.2692,35.887],[128.2606,35.884],[128.2509,35.8869],[128.2429,35.8834],[128.2375,35.8809],[128.2338,35.8819],[128.2317,35.8681],[128.2359,35.8679],[128.2422,35.8617],[128.2418,35.8548],[128.2455,35.8497],[128.2437,35.8431],[128.2449,35.8379],[128.2561,35.8325],[128.2633,35.8338],[128.2747,35.8295],[128.2754,35.8257],[128.2803,35.8272],[128.2925,35.8237],[128.3003,35.8154],[128.3064,35.8123],[128.3192,35.8138],[128.321,35.8102],[128.3268,35.8075],[128.3362,35.7999],[128.3379,35.7969],[128.3435,35.7961],[128.3505,35.7991],[128.3644,35.7923],[128.3676,35.7925],[128.3689,35.7935],[128.3698,35.8029],[128.3712,35.8044],[128.3694,35.8104],[128.3708,35.8132],[128.3807,35.8222],[128.3809,35.8245],[128.3771,35.8322],[128.3765,35.8361],[128.3826,35.8381],[128.3917,35.8384],[128.3897,35.843],[128.3901,35.8504],[128.3872,35.85],[128.3816,35.8559],[128.3788,35.8609],[128.375,35.863],[128.3724,35.8688],[128.3678,35.8706],[128.3635,35.878],[128.3518,35.8799],[128.3451,35.8762],[128.34,35.8757],[128.3353,35.8677],[128.3294,35.8666],[128.3226,35.8679],[128.322,35.8606],[128.3118,35.8584],[128.3046,35.8598],[128.302,35.8637],[128.2967,35.8639],[128.2945,35.8663],[128.2932,35.8724],[128.2961,35.8773],[128.2906,35.881],[128.2885,35.8896]]]},"properties":{"sigun":"성주군","emd":"용암면","code":"4784032000"}},
{"type":"Feature","geometry":{"type":"Polygon","coordinates":[[[128.2338,35.8819],[128.2162,35.8886],[128.2091,35.885],[128.2027,35.8842],[128.1946,35.8772],[128.1946,35.8737],[128.1918,35.8709],[128.1852,35.875],[128.1796,35.8743],[128.1746,35.8635],[128.1767,35.853],[128.1676,35.8532],[128.1617,35.8496],[128.1612,35.8447],[128.1566,35.8433],[128.1499,35.8385],[128.1429,35.83],[128.1397,35.8227],[128.133,35.8242],[128.1253,35.8228],[128.1219,35.811],[128.1217,35.8036],[128.1285,35.7943],[128.1288,35.7894],[128.1398,35.784],[128.1548,35.7865],[128.1588,35.7828],[128.1598,35.7796],[128.1641,35.777],[128.1755,35.7865],[128.1791,35.7883],[128.1735,35.7931],[128.1711,35.7983],[128.1657,35.801],[128.1651,35.804],[128.1601,35.8085],[128.1688,35.8153],[128.1771,35.8187],[128.1884,35.8198],[128.1948,35.8184],[128.1999,35.8154],[128.2086,35.8155],[128.2137,35.8102],[128.2129,35.8074],[128.2168,35.8025],[128.2146,35.7995],[128.2183,35.792],[128.2249,35.788],[128.2329,35.7877],[128.2397,35.7822],[128.2532,35.7804],[128.2517,35.7881],[128.2598,35.7945],[128.2647,35.7948],[128.2726,35.79],[128.2758,35.7914],[128.2729,35.8057],[128.2749,35.809],[128.2738,35.8221],[128.2754,35.8257],[128.2747,35.8295],[128.2633,35.8338],[128.2561,35.8325],[128.2449,35.8379],[128.2437,35.8431],[128.2455,35.8497],[128.2418,35.8548],[128.2422,35.8617],[128.2359,35.8679],[128.2317,35.8681],[128.2338,35.8819]]]},"properties":{"sigun":"성주군","emd":"수륜면","code":"4784033000"}},
{"type":"Feature","geometry":{"type":"Polygon","coordinates":[[[128.1673,35.903],[128.1627,35.9122],[128.1579,35.916],[128.1554,35.9158],[128.1438,35.9063],[128.1418,35.9024],[128.1369,35.8991],[128.1316,35.8993],[128.126,35.9027],[128.1174,35.9048],[128.1042,35.9026],[128.1017,35.8963],[128.0963,35.8943],[128.0969,35.8913],[128.0926,35.8875],[128.0919,35.8811],[128.0873,35.8726],[128.0771,35.8612],[128.076,35.8545],[128.0729,35.8501],[128.0784,35.8431],[128.0787,35.8389],[128.0848,35.8366],[128.0907,35.8308],[128.0957,35.8326],[128.1035,35.829],[128.1087,35.8239],[128.1119,35.8235],[128.1172,35.8258],[128.1223,35.8224],[128.1253,35.8228],[128.133,35.8242],[128.1397,35.8227],[128.1429,35.83],[128.1499,35.8385],[128.1566,35.8433],[128.1612,35.8447],[128.1617,35.8496],[128.1676,35.8532],[128.1767,35.853],[128.1746,35.8635],[128.1796,35.8743],[128.1729,35.8814],[128.1758,35.8869],[128.1756,35.8934],[128.1715,35.8952],[128.1673,35.903]]]},"properties":{"sigun":"성주군","emd":"가천면","code":"4784034000"}},
{"type":"Feature","geometry":{"type":"Polygon","coordinates":[[[128.2076,35.929],[128.1961,35.9305],[128.1909,35.9295],[128.1859,35.9313],[128.1866,35.9354],[128.1825,35.9448],[128.1724,35.9436],[128.1687,35.9443],[128.1657,35.949],[128.1657,35.953],[128.1552,35.9633],[128.1508,35.9664],[128.1319,35.959],[128.1232,35.9623],[128.1191,35.9596],[128.1117,35.9642],[128.109,35.9629],[128.104,35.9575],[128.0963,35.9548],[128.0908,35.95],[128.0885,35.9457],[128.091,35.9372],[128.0913,35.9309],[128.0881,35.9224],[128.084,35.9219],[128.0791,35.9266],[128.0734,35.9285],[128.0714,35.9362],[128.0664,35.9369],[128.0567,35.9417],[128.0516,35.9382],[128.0467,35.9322],[128.0472,35.9264],[128.0494,35.9186],[128.054,35.9157],[128.0554,35.9108],[128.0604,35.9074],[128.0568,35.9038],[128.0607,35.8995],[128.0639,35.8991],[128.0677,35.887],[128.0709,35.8806],[128.0811,35.8729],[128.0873,35.8726],[128.0919,35.8811],[128.0926,35.8875],[128.0969,35.8913],[128.0963,35.8943],[128.1017,35.8963],[128.1042,35.9026],[128.1174,35.9048],[128.126,35.9027],[128.1316,35.8993],[128.1369,35.8991],[128.1418,35.9024],[128.1438,35.9063],[128.1554,35.9158],[128.1579,35.916],[128.1627,35.9122],[128.1673,35.903],[128.1786,35.9034],[128.1803,35.9084],[128.1902,35.9075],[128.1934,35.9038],[128.2015,35.9035],[128.2053,35.9063],[128.2096,35.9123],[128.2128,35.9196],[128.2119,35.9231],[128.2076,35.929]]]},"properties":{"sigun":"성주군","emd":"금수강산면","code":"4784035500"}},
{"type":"Feature","geometry":{"type":"Polygon","coordinates":[[[128.2438,35.9305],[128.238,35.9277],[128.2312,35.9164],[128.2257,35.9221],[128.2268,35.9261],[128.2202,35.9345],[128.2139,35.9348],[128.2076,35.929],[128.2119,35.9231],[128.2128,35.9196],[128.2096,35.9123],[128.2053,35.9063],[128.2015,35.9035],[128.1934,35.9038],[128.1902,35.9075],[128.1803,35.9084],[128.1786,35.9034],[128.1673,35.903],[128.1715,35.8952],[128.1756,35.8934],[128.1758,35.8869],[128.1729,35.8814],[128.1796,35.8743],[128.1852,35.875],[128.1918,35.8709],[128.1946,35.8737],[128.1946,35.8772],[128.2027,35.8842],[128.2091,35.885],[128.2162,35.8886],[128.2338,35.8819],[128.2375,35.8809],[128.2429,35.8834],[128.2455,35.889],[128.2425,35.8923],[128.2461,35.8968],[128.2498,35.9077],[128.2567,35.9107],[128.2519,35.9155],[128.253,35.9183],[128.2624,35.928],[128.2517,35.9288],[128.2438,35.9305]]]},"properties":{"sigun":"성주군","emd":"대가면","code":"4784036000"}},
{"type":"Feature","geometry":{"type":"Polygon","coordinates":[[[128.1942,36.032],[128.189,36.0315],[128.1826,36.0329],[128.1785,36.0314],[128.1695,36.0356],[128.1646,36.0326],[128.1674,36.0297],[128.1692,36.0184],[128.1731,36.0141],[128.1688,36.0109],[128.1656,36.0014],[128.1698,35.9969],[128.1675,35.9893],[128.1577,35.9873],[128.1558,35.9789],[128.1517,35.9768],[128.1505,35.9727],[128.1526,35.9695],[128.1508,35.9664],[128.1552,35.9633],[128.1657,35.953],[128.1657,35.949],[128.1687,35.9443],[128.1724,35.9436],[128.1825,35.9448],[128.1866,35.9354],[128.1859,35.9313],[128.1909,35.9295],[128.1961,35.9305],[128.2076,35.929],[128.2139,35.9348],[128.2202,35.9345],[128.2268,35.9261],[128.2257,35.9221],[128.2312,35.9164],[128.238,35.9277],[128.2438,35.9305],[128.2453,35.9371],[128.2521,35.9444],[128.2495,35.9464],[128.2492,35.9516],[128.2408,35.9527],[128.2381,35.9605],[128.2335,35.9631],[128.2279,35.9729],[128.229,35.983],[128.2207,35.9886],[128.2174,35.998],[128.2138,35.9963],[128.2112,35.9995],[128.2135,36.003],[128.2135,36.0075],[128.2173,36.0162],[128.213,36.0201],[128.2074,36.0225],[128.2017,36.0212],[128.1961,36.0238],[128.1967,36.0279],[128.1942,36.032]]]},"properties":{"sigun":"성주군","emd":"벽진면","code":"4784037000"}},
{"type":"Feature","geometry":{"type":"Polygon","coordinates":[[[128.2891,36.043],[128.2841,36.0466],[128.2693,36.0487],[128.2606,36.0485],[128.2569,36.0514],[128.2511,36.0492],[128.2423,36.0482],[128.2308,36.0541],[128.224,36.0556],[128.2221,36.0522],[128.2088,36.0449],[128.2018,36.0455],[128.1971,36.0439],[128.196,36.0335],[128.1942,36.032],[128.1967,36.0279],[128.1961,36.0238],[128.2017,36.0212],[128.2074,36.0225],[128.213,36.0201],[128.2173,36.0162],[128.2135,36.0075],[128.2135,36.003],[128.2112,35.9995],[128.2138,35.9963],[128.2174,35.998],[128.2207,35.9886],[128.229,35.983],[128.2279,35.9729],[128.2335,35.9631],[128.2381,35.9605],[128.2408,35.9527],[128.2492,35.9516],[128.2495,35.9464],[128.2521,35.9444],[128.2571,35.9403],[128.2596,35.9434],[128.2675,35.9423],[128.275,35.953],[128.2845,35.956],[128.2844,35.9599],[128.2765,35.9634],[128.2734,35.9665],[128.2671,35.9673],[128.266,35.9693],[128.2657,35.9807],[128.2719,35.9838],[128.2753,35.9818],[128.2792,35.991],[128.2846,35.9933],[128.2828,35.9979],[128.2816,36.0077],[128.2851,36.0158],[128.2849,36.0201],[128.2917,36.0248],[128.2942,36.0305],[128.2965,36.0305],[128.2902,36.0392],[128.2891,36.043]]]},"properties":{"sigun":"성주군","emd":"초전면","code":"4784038000"}},
{"type":"Feature","geometry":{"type":"Polygon","coordinates":[[[128.2965,36.0305],[128.2942,36.0305],[128.2917,36.0248],[128.2849,36.0201],[128.2851,36.0158],[128.2816,36.0077],[128.2828,35.9979],[128.2846,35.9933],[128.2792,35.991],[128.2753,35.9818],[128.2719,35.9838],[128.2657,35.9807],[128.266,35.9693],[128.2671,35.9673],[128.2734,35.9665],[128.2765,35.9634],[128.2844,35.9599],[128.2845,35.956],[128.2977,35.9553],[128.3024,35.9525],[128.3077,35.9413],[128.311,35.9312],[128.3133,35.928],[128.3165,35.9287],[128.3242,35.9244],[128.3257,35.918],[128.331,35.922],[128.3341,35.9286],[128.3345,35.9374],[128.3332,35.9388],[128.3355,35.947],[128.3414,35.9496],[128.3478,35.9547],[128.344,35.9608],[128.3405,35.9637],[128.3427,35.9676],[128.3393,35.9699],[128.3391,35.9758],[128.3299,35.9777],[128.3193,35.9826],[128.3178,35.9874],[128.3145,35.9893],[128.3113,36.0063],[128.312,36.0141],[128.3177,36.0186],[128.3119,36.0227],[128.3107,36.0281],[128.3046,36.0305],[128.2965,36.0305]]]},"properties":{"sigun":"성주군","emd":"월항면","code":"4784039000"}},
{"type":"Feature","geometry":{"type":"Polygon","coordinates":[[[128.4695,36.0261],[128.4603,36.0281],[128.4539,36.0273],[128.4548,36.021],[128.4434,36.0209],[128.4334,36.0195],[128.4319,36.0218],[128.4214,36.0207],[128.4151,36.0171],[128.4069,36.0087],[128.4019,36.0076],[128.396,36.0089],[128.3934,35.9954],[128.3911,35.9853],[128.3906,35.9792],[128.3935,35.9604],[128.3977,35.9391],[128.4001,35.9289],[128.4038,35.9192],[128.404,35.91],[128.3937,35.883],[128.3983,35.8843],[128.4033,35.8891],[128.4066,35.8952],[128.4068,35.8991],[128.4105,35.9067],[128.4177,35.9162],[128.4181,35.9212],[128.4235,35.9228],[128.4249,35.9279],[128.4268,35.9313],[128.4224,35.9352],[128.4242,35.9411],[128.4329,35.9523],[128.4297,35.9556],[128.4284,35.961],[128.4311,35.9643],[128.4353,35.9654],[128.4386,35.9706],[128.4379,35.9755],[128.4433,35.9799],[128.4492,35.9791],[128.4592,35.9801],[128.4674,35.9843],[128.468,35.9878],[128.4658,35.9925],[128.4661,35.999],[128.4696,36.0006],[128.4721,36.0069],[128.472,36.0165],[128.4743,36.0195],[128.4695,36.0261]]]},"properties":{"sigun":"칠곡군","emd":"왜관읍","code":"4785025000"}},
{"type":"Feature","geometry":{"type":"Polygon","coordinates":[[[128.3306,36.0915],[128.3214,36.0918],[128.3151,36.0888],[128.306,36.086],[128.2977,36.0876],[128.2932,36.091],[128.292,36.0877],[128.2884,36.0856],[128.2849,36.0811],[128.2899,36.0763],[128.3008,36.0626],[128.2989,36.057],[128.2986,36.0516],[128.2931,36.0501],[128.2891,36.043],[128.2902,36.0392],[128.2965,36.0305],[128.3046,36.0305],[128.3107,36.0281],[128.3149,36.0302],[128.3273,36.0317],[128.3336,36.0357],[128.3365,36.0424],[128.3416,36.0453],[128.3449,36.0496],[128.3545,36.0537],[128.3585,36.0569],[128.3733,36.0472],[128.3825,36.0456],[128.3921,36.0479],[128.3979,36.0456],[128.4008,36.0464],[128.4055,36.0491],[128.3885,36.0649],[128.39,36.0695],[128.385,36.0702],[128.3786,36.0655],[128.3711,36.0661],[128.3655,36.0618],[128.3615,36.0607],[128.3586,36.0637],[128.347,36.0717],[128.3453,36.0769],[128.3409,36.0817],[128.3361,36.0822],[128.3306,36.0915]]]},"properties":{"sigun":"칠곡군","emd":"북삼읍","code":"4785025300"}},
{"type":"Feature","geometry":{"type":"Polygon","coordinates":[[[128.4235,36.0869],[128.4157,36.0826],[128.4085,36.0833],[128.4037,36.0919],[128.3982,36.0922],[128.3984,36.0904],[128.3826,36.074],[128.385,36.0702],[128.39,36.0695],[128.3885,36.0649],[128.4055,36.0491],[128.4008,36.0464],[128.4064,36.0357],[128.4063,36.0319],[128.3996,36.0218],[128.3966,36.0148],[128.396,36.0089],[128.4019,36.0076],[128.4069,36.0087],[128.4151,36.0171],[128.4214,36.0207],[128.4319,36.0218],[128.4334,36.0195],[128.4434,36.0209],[128.4548,36.021],[128.4539,36.0273],[128.4603,36.0281],[128.4695,36.0261],[128.4749,36.0316],[128.4749,36.0349],[128.4824,36.0384],[128.4863,36.0432],[128.4899,36.0442],[128.4857,36.0506],[128.4825,36.0601],[128.4838,36.0698],[128.4688,36.0727],[128.4627,36.0697],[128.4535,36.0724],[128.4435,36.0788],[128.4293,36.0803],[128.4241,36.0842],[128.4235,36.0869]]]},"properties":{"sigun":"칠곡군","emd":"석적읍","code":"4785025600"}},
{"type":"Feature","geometry":{"type":"Polygon","coordinates":[[[128.5083,36.0266],[128.5052,36.0248],[128.4981,36.0332],[128.5023,36.0369],[128.5045,36.0467],[128.4941,36.046],[128.4899,36.0442],[128.4863,36.0432],[128.4824,36.0384],[128.4749,36.0349],[128.4749,36.0316],[128.4695,36.0261],[128.4743,36.0195],[128.472,36.0165],[128.4721,36.0069],[128.4696,36.0006],[128.4661,35.999],[128.4658,35.9925],[128.468,35.9878],[128.4674,35.9843],[128.4592,35.9801],[128.4492,35.9791],[128.4433,35.9799],[128.4379,35.9755],[128.4386,35.9706],[128.4353,35.9654],[128.4311,35.9643],[128.4284,35.961],[128.4297,35.9556],[128.4329,35.9523],[128.4242,35.9411],[128.4224,35.9352],[128.4268,35.9313],[128.4249,35.9279],[128.4314,35.931],[128.437,35.9316],[128.4412,35.9348],[128.4487,35.935],[128.4528,35.9363],[128.4538,35.9431],[128.4575,35.942],[128.4625,35.9378],[128.4687,35.9384],[128.4757,35.936],[128.4766,35.9319],[128.4732,35.9229],[128.474,35.9171],[128.4669,35.9072],[128.468,35.8998],[128.4754,35.8952],[128.4782,35.8978],[128.4842,35.8948],[128.4879,35.898],[128.4926,35.8963],[128.4946,35.8913],[128.4998,35.8885],[128.5041,35.8906],[128.5052,35.903],[128.5113,35.9107],[128.5179,35.9132],[128.5233,35.9178],[128.5259,35.9223],[128.5297,35.9236],[128.5295,35.9284],[128.533,35.9315],[128.5351,35.9388],[128.5327,35.9522],[128.5346,35.9584],[128.5305,35.9625],[128.5296,35.9686],[128.527,35.9758],[128.5288,35.9805],[128.5239,35.9879],[128.5205,35.9882],[128.5156,35.999],[128.5115,36.0034],[128.5071,36.0047],[128.5046,36.0082],[128.5046,36.0176],[128.5083,36.0266]]]},"properties":{"sigun":"칠곡군","emd":"지천면","code":"4785031000"}},
{"type":"Feature","geometry":{"type":"Polygon","coordinates":[[[128.6213,36.0258],[128.6086,36.0255],[128.6015,36.0262],[128.5935,36.032],[128.5859,36.0346],[128.5828,36.0375],[128.5788,36.0359],[128.574,36.0397],[128.5704,36.045],[128.5654,36.0464],[128.55,36.0441],[128.5416,36.0478],[128.528,36.0483],[128.5275,36.0428],[128.5217,36.0319],[128.5083,36.0266],[128.5046,36.0176],[128.5046,36.0082],[128.5071,36.0047],[128.5115,36.0034],[128.5156,35.999],[128.5205,35.9882],[128.5239,35.9879],[128.5288,35.9805],[128.5369,35.978],[128.5423,35.9747],[128.5462,35.966],[128.5496,35.9623],[128.556,35.9657],[128.5562,35.9706],[128.5642,35.9729],[128.572,35.9777],[128.5832,35.9774],[128.5909,35.9791],[128.5936,35.9828],[128.603,35.9862],[128.6125,35.999],[128.6158,36.0008],[128.6172,36.0051],[128.6247,36.0077],[128.6388,36.0092],[128.6406,36.0106],[128.6372,36.0171],[128.6258,36.022],[128.6213,36.0258]]]},"properties":{"sigun":"칠곡군","emd":"동명면","code":"4785032000"}},
{"type":"Feature","geometry":{"type":"Polygon","coordinates":[[[128.5631,36.1117],[128.5598,36.1092],[128.5522,36.1102],[128.5481,36.1089],[128.5431,36.1122],[128.5396,36.1101],[128.5348,36.1124],[128.5264,36.1115],[128.5197,36.1147],[128.5152,36.1121],[128.5083,36.1107],[128.4967,36.1158],[128.4944,36.1242],[128.4911,36.1217],[128.4891,36.1153],[128.4827,36.1103],[128.4788,36.105],[128.4795,36.1015],[128.4754,36.0987],[128.4769,36.0928],[128.4746,36.0898],[128.465,36.0833],[128.4634,36.0792],[128.4688,36.0727],[128.4838,36.0698],[128.4825,36.0601],[128.4857,36.0506],[128.4899,36.0442],[128.4941,36.046],[128.5045,36.0467],[128.5023,36.0369],[128.4981,36.0332],[128.5052,36.0248],[128.5083,36.0266],[128.5217,36.0319],[128.5275,36.0428],[128.528,36.0483],[128.5416,36.0478],[128.55,36.0441],[128.5654,36.0464],[128.5704,36.045],[128.574,36.0397],[128.5788,36.0359],[128.5828,36.0375],[128.5859,36.0346],[128.5935,36.032],[128.6015,36.0262],[128.6086,36.0255],[128.6213,36.0258],[128.623,36.0371],[128.6264,36.0422],[128.6293,36.0512],[128.6278,36.0627],[128.6278,36.0682],[128.6304,36.0774],[128.6241,36.0816],[128.6227,36.0795],[128.6144,36.079],[128.6099,36.0761],[128.5979,36.0758],[128.5947,36.0731],[128.58,36.0678],[128.5765,36.0638],[128.5692,36.0607],[128.5635,36.0726],[128.5659,36.0787],[128.5687,36.0898],[128.567,36.0968],[128.5635,36.1022],[128.5648,36.1099],[128.5631,36.1117]]]},"properties":{"sigun":"칠곡군","emd":"가산면","code":"4785033000"}},
{"type":"Feature","geometry":{"type":"Polygon","coordinates":[[[128.4008,36.0464],[128.3979,36.0456],[128.3921,36.0479],[128.3825,36.0456],[128.3733,36.0472],[128.3585,36.0569],[128.3545,36.0537],[128.3449,36.0496],[128.3416,36.0453],[128.3365,36.0424],[128.3336,36.0357],[128.3273,36.0317],[128.3149,36.0302],[128.3107,36.0281],[128.3119,36.0227],[128.3177,36.0186],[128.3284,36.0188],[128.3325,36.016],[128.3447,36.0152],[128.3482,36.0104],[128.3579,36.0129],[128.3708,36.0063],[128.3753,36.0053],[128.3801,36.0008],[128.3851,36],[128.3934,35.9954],[128.396,36.0089],[128.3966,36.0148],[128.3996,36.0218],[128.4063,36.0319],[128.4064,36.0357],[128.4008,36.0464]]]},"properties":{"sigun":"칠곡군","emd":"약목면","code":"4785036000"}},
{"type":"Feature","geometry":{"type":"Polygon","coordinates":[[[128.3934,35.9954],[128.3851,36],[128.3801,36.0008],[128.3753,36.0053],[128.3708,36.0063],[128.3579,36.0129],[128.3482,36.0104],[128.3447,36.0152],[128.3325,36.016],[128.3284,36.0188],[128.3177,36.0186],[128.312,36.0141],[128.3113,36.0063],[128.3145,35.9893],[128.3178,35.9874],[128.3193,35.9826],[128.3299,35.9777],[128.3391,35.9758],[128.3393,35.9699],[128.3427,35.9676],[128.3405,35.9637],[128.344,35.9608],[128.3478,35.9547],[128.3598,35.9562],[128.3647,35.9518],[128.3642,35.9474],[128.3695,35.9423],[128.3737,35.9423],[128.3796,35.939],[128.383,35.9399],[128.3977,35.9391],[128.3935,35.9604],[128.3906,35.9792],[128.3911,35.9853],[128.3934,35.9954]]]},"properties":{"sigun":"칠곡군","emd":"기산면","code":"4785037000"}},
{"type":"Feature","geometry":{"type":"Polygon","coordinates":[[[128.4906,36.6894],[128.4921,36.693],[128.4857,36.6938],[128.4802,36.7009],[128.4732,36.7007],[128.4714,36.6945],[128.4639,36.6912],[128.4593,36.6909],[128.4531,36.686],[128.4488,36.6856],[128.4415,36.6874],[128.4385,36.6924],[128.4343,36.6924],[128.432,36.688],[128.4276,36.6716],[128.4218,36.6686],[128.4125,36.6654],[128.4139,36.6609],[128.4043,36.6569],[128.4065,36.6367],[128.4091,36.6328],[128.4148,36.63],[128.4243,36.6299],[128.4257,36.6267],[128.4302,36.6278],[128.4402,36.6265],[128.4445,36.6246],[128.4464,36.6289],[128.4551,36.6283],[128.4644,36.6297],[128.4657,36.6231],[128.4865,36.623],[128.4888,36.6328],[128.4911,36.6357],[128.4947,36.6514],[128.4832,36.6595],[128.4881,36.6699],[128.4846,36.6725],[128.4836,36.6776],[128.4866,36.682],[128.4861,36.6847],[128.4906,36.6894]]]},"properties":{"sigun":"예천군","emd":"예천읍","code":"4790025000"}},
{"type":"Feature","geometry":{"type":"Polygon","coordinates":[[[128.3967,36.7463],[128.388,36.7444],[128.383,36.7475],[128.3756,36.7469],[128.3697,36.7507],[128.3596,36.7402],[128.3554,36.7408],[128.3386,36.7408],[128.3331,36.7321],[128.3319,36.7267],[128.3336,36.7248],[128.3314,36.7205],[128.3373,36.7094],[128.3352,36.7037],[128.3311,36.6995],[128.3315,36.6967],[128.3362,36.6936],[128.3471,36.693],[128.3537,36.689],[128.3554,36.6849],[128.362,36.6789],[128.3663,36.6768],[128.3693,36.678],[128.3811,36.6725],[128.3855,36.6654],[128.3887,36.6638],[128.3956,36.6638],[128.4053,36.6656],[128.4125,36.6654],[128.4218,36.6686],[128.4276,36.6716],[128.432,36.688],[128.4343,36.6924],[128.4385,36.6924],[128.4415,36.6874],[128.4488,36.6856],[128.4531,36.686],[128.4593,36.6909],[128.4639,36.6912],[128.4714,36.6945],[128.4732,36.7007],[128.4747,36.7063],[128.4733,36.7138],[128.4744,36.7194],[128.469,36.7257],[128.4637,36.7266],[128.4624,36.7225],[128.4566,36.7175],[128.4529,36.7126],[128.4448,36.7095],[128.4409,36.7155],[128.4348,36.7118],[128.4278,36.7103],[128.4197,36.7142],[128.418,36.7165],[128.4184,36.7246],[128.408,36.7334],[128.4041,36.74],[128.3978,36.7439],[128.3967,36.7463]]]},"properties":{"sigun":"예천군","emd":"용문면","code":"4790031000"}},
{"type":"Feature","geometry":{"type":"Polygon","coordinates":[[[128.4743,36.7817],[128.4765,36.7866],[128.4741,36.7998],[128.471,36.8035],[128.4743,36.8169],[128.4771,36.8182],[128.4783,36.824],[128.4825,36.8299],[128.4813,36.8349],[128.473,36.8407],[128.4621,36.8468],[128.4593,36.8456],[128.4491,36.8489],[128.4468,36.8436],[128.4415,36.8377],[128.4343,36.834],[128.4317,36.8241],[128.4257,36.819],[128.4252,36.8151],[128.4206,36.8114],[128.4131,36.8111],[128.4003,36.8127],[128.3941,36.8154],[128.3818,36.814],[128.3735,36.8076],[128.3666,36.8006],[128.3696,36.7947],[128.3674,36.7917],[128.366,36.7783],[128.3642,36.775],[128.3677,36.7675],[128.3628,36.7608],[128.3697,36.7507],[128.3756,36.7469],[128.383,36.7475],[128.388,36.7444],[128.3967,36.7463],[128.4037,36.7464],[128.4102,36.7489],[128.4116,36.7602],[128.4186,36.764],[128.4246,36.7659],[128.4297,36.7694],[128.4347,36.7701],[128.4506,36.7656],[128.4496,36.7743],[128.4513,36.7788],[128.4595,36.7822],[128.4688,36.7826],[128.4743,36.7817]]]},"properties":{"sigun":"예천군","emd":"효자면","code":"4790042000"}},
{"type":"Feature","geometry":{"type":"Polygon","coordinates":[[[128.4743,36.7817],[128.4688,36.7826],[128.4595,36.7822],[128.4513,36.7788],[128.4496,36.7743],[128.4506,36.7656],[128.4347,36.7701],[128.4297,36.7694],[128.4246,36.7659],[128.4186,36.764],[128.4116,36.7602],[128.4102,36.7489],[128.4037,36.7464],[128.3967,36.7463],[128.3978,36.7439],[128.4041,36.74],[128.408,36.7334],[128.4184,36.7246],[128.418,36.7165],[128.4197,36.7142],[128.4278,36.7103],[128.4348,36.7118],[128.4409,36.7155],[128.4448,36.7095],[128.4529,36.7126],[128.4566,36.7175],[128.4624,36.7225],[128.4637,36.7266],[128.4677,36.7354],[128.4781,36.7479],[128.4782,36.7501],[128.4729,36.7535],[128.4747,36.7564],[128.4734,36.7611],[128.4759,36.7685],[128.4719,36.7723],[128.4748,36.7767],[128.4743,36.7817]]]},"properties":{"sigun":"예천군","emd":"은풍면","code":"4790043000"}},
{"type":"Feature","geometry":{"type":"Polygon","coordinates":[[[128.5153,36.7696],[128.5064,36.7638],[128.4991,36.7649],[128.4957,36.7696],[128.4822,36.7767],[128.4748,36.7767],[128.4719,36.7723],[128.4759,36.7685],[128.4734,36.7611],[128.4747,36.7564],[128.4729,36.7535],[128.4782,36.7501],[128.4781,36.7479],[128.4677,36.7354],[128.4637,36.7266],[128.469,36.7257],[128.4744,36.7194],[128.4733,36.7138],[128.4747,36.7063],[128.4732,36.7007],[128.4802,36.7009],[128.4857,36.6938],[128.4921,36.693],[128.4906,36.6894],[128.4986,36.6903],[128.5003,36.693],[128.5089,36.6967],[128.5124,36.6929],[128.5209,36.698],[128.5224,36.6949],[128.5204,36.6888],[128.5219,36.6854],[128.5301,36.6844],[128.5332,36.6867],[128.5343,36.6914],[128.5412,36.6974],[128.5458,36.6997],[128.5539,36.701],[128.5512,36.71],[128.5451,36.717],[128.5516,36.7223],[128.5515,36.724],[128.5639,36.7282],[128.5694,36.726],[128.577,36.7299],[128.5785,36.7321],[128.569,36.7387],[128.5707,36.743],[128.5671,36.7473],[128.566,36.7526],[128.5614,36.7601],[128.5558,36.761],[128.5517,36.7654],[128.5419,36.7676],[128.5366,36.7734],[128.5301,36.7709],[128.5231,36.7702],[128.519,36.7714],[128.5153,36.7696]]]},"properties":{"sigun":"예천군","emd":"감천면","code":"4790034000"}},
{"type":"Feature","geometry":{"type":"Polygon","coordinates":[[[128.577,36.7299],[128.5694,36.726],[128.5639,36.7282],[128.5515,36.724],[128.5516,36.7223],[128.5451,36.717],[128.5512,36.71],[128.5539,36.701],[128.5458,36.6997],[128.5412,36.6974],[128.5343,36.6914],[128.5332,36.6867],[128.5301,36.6844],[128.5219,36.6854],[128.5204,36.6888],[128.5224,36.6949],[128.5209,36.698],[128.5124,36.6929],[128.5089,36.6967],[128.5003,36.693],[128.4986,36.6903],[128.4906,36.6894],[128.4861,36.6847],[128.4866,36.682],[128.4836,36.6776],[128.4846,36.6725],[128.4881,36.6699],[128.4832,36.6595],[128.4947,36.6514],[128.4999,36.6556],[128.5028,36.656],[128.5062,36.6515],[128.5096,36.6509],[128.5134,36.6541],[128.5124,36.6602],[128.5167,36.6629],[128.5209,36.6528],[128.5374,36.6449],[128.5402,36.637],[128.5397,36.6336],[128.5471,36.6324],[128.5522,36.6372],[128.5553,36.6354],[128.5599,36.6369],[128.565,36.6406],[128.5662,36.646],[128.577,36.6499],[128.5819,36.647],[128.5867,36.6503],[128.5964,36.6525],[128.6046,36.6525],[128.6057,36.6625],[128.6032,36.6689],[128.605,36.6723],[128.6019,36.679],[128.6098,36.6858],[128.6092,36.6925],[128.6048,36.6926],[128.5998,36.7018],[128.5976,36.7028],[128.596,36.7008],[128.5897,36.7009],[128.589,36.7055],[128.5853,36.7091],[128.5804,36.7199],[128.5801,36.723],[128.5762,36.7249],[128.577,36.7299]]]},"properties":{"sigun":"예천군","emd":"보문면","code":"4790035000"}},
{"type":"Feature","geometry":{"type":"Polygon","coordinates":[[[128.5397,36.6336],[128.5402,36.637],[128.5374,36.6449],[128.5209,36.6528],[128.5167,36.6629],[128.5124,36.6602],[128.5134,36.6541],[128.5096,36.6509],[128.5062,36.6515],[128.5028,36.656],[128.4999,36.6556],[128.4947,36.6514],[128.4911,36.6357],[128.4888,36.6328],[128.4865,36.623],[128.4657,36.6231],[128.4644,36.6297],[128.4551,36.6283],[128.4464,36.6289],[128.4445,36.6246],[128.4402,36.6265],[128.4302,36.6278],[128.4257,36.6267],[128.4256,36.6232],[128.42,36.6114],[128.4186,36.6006],[128.4129,36.596],[128.4037,36.5931],[128.3959,36.5937],[128.4011,36.5911],[128.4184,36.5891],[128.4227,36.5836],[128.4287,36.5846],[128.4316,36.5774],[128.4395,36.5702],[128.441,36.5666],[128.4478,36.5663],[128.451,36.5681],[128.4542,36.5655],[128.457,36.5578],[128.4592,36.556],[128.4654,36.5604],[128.4815,36.568],[128.4925,36.5698],[128.4958,36.5824],[128.4992,36.5844],[128.4921,36.5866],[128.4909,36.5887],[128.4939,36.5997],[128.5018,36.6059],[128.5066,36.6021],[128.5132,36.6007],[128.5295,36.6019],[128.5349,36.6142],[128.5294,36.618],[128.522,36.6196],[128.5242,36.6225],[128.5244,36.6283],[128.5324,36.6298],[128.5397,36.6336]]]},"properties":{"sigun":"예천군","emd":"호명읍","code":"4790025300"}},
{"type":"Feature","geometry":{"type":"Polygon","coordinates":[[[128.4125,36.6654],[128.4053,36.6656],[128.3956,36.6638],[128.3887,36.6638],[128.3855,36.6654],[128.3811,36.6725],[128.3693,36.678],[128.3663,36.6768],[128.362,36.6789],[128.3554,36.6849],[128.3537,36.689],[128.3471,36.693],[128.3362,36.6936],[128.3308,36.6851],[128.3204,36.6783],[128.3236,36.6748],[128.3264,36.6688],[128.3324,36.6673],[128.3343,36.6616],[128.3415,36.6562],[128.3491,36.6548],[128.3503,36.6524],[128.3479,36.6472],[128.3435,36.647],[128.3333,36.6407],[128.3355,36.6348],[128.3412,36.6311],[128.348,36.631],[128.3502,36.6243],[128.3542,36.6183],[128.3564,36.6125],[128.3676,36.6159],[128.3684,36.6218],[128.3738,36.6209],[128.3833,36.6227],[128.3891,36.6259],[128.3968,36.6254],[128.4028,36.6288],[128.4049,36.6343],[128.4091,36.6328],[128.4065,36.6367],[128.4043,36.6569],[128.4139,36.6609],[128.4125,36.6654]]]},"properties":{"sigun":"예천군","emd":"유천면","code":"4790037000"}},
{"type":"Feature","geometry":{"type":"Polygon","coordinates":[[[128.3256,36.6441],[128.3203,36.6445],[128.319,36.6552],[128.3161,36.657],[128.3096,36.6563],[128.3074,36.6539],[128.3091,36.6487],[128.3096,36.6411],[128.3063,36.6361],[128.298,36.6329],[128.2935,36.6324],[128.2896,36.6295],[128.2865,36.6233],[128.2874,36.6213],[128.2836,36.6172],[128.2758,36.6154],[128.2718,36.6099],[128.2619,36.611],[128.2625,36.6074],[128.2666,36.6028],[128.2716,36.6],[128.2801,36.5909],[128.2833,36.5814],[128.2855,36.5781],[128.295,36.5787],[128.2961,36.5748],[128.296,36.5639],[128.3027,36.5658],[128.3032,36.5686],[128.3091,36.5737],[128.3093,36.5756],[128.3168,36.5805],[128.3175,36.5745],[128.328,36.5735],[128.333,36.5768],[128.3428,36.58],[128.3426,36.586],[128.3366,36.5923],[128.3366,36.5972],[128.3312,36.6008],[128.3248,36.5986],[128.3189,36.5988],[128.3163,36.6016],[128.3191,36.6045],[128.3194,36.6094],[128.3174,36.6128],[128.3199,36.619],[128.3147,36.6234],[128.3171,36.6257],[128.3215,36.6241],[128.3285,36.6277],[128.3268,36.6378],[128.3242,36.6405],[128.3256,36.6441]]]},"properties":{"sigun":"예천군","emd":"용궁면","code":"4790038000"}},
{"type":"Feature","geometry":{"type":"Polygon","coordinates":[[[128.3333,36.6407],[128.3256,36.6441],[128.3242,36.6405],[128.3268,36.6378],[128.3285,36.6277],[128.3215,36.6241],[128.3171,36.6257],[128.3147,36.6234],[128.3199,36.619],[128.3174,36.6128],[128.3194,36.6094],[128.3191,36.6045],[128.3163,36.6016],[128.3189,36.5988],[128.3248,36.5986],[128.3312,36.6008],[128.3366,36.5972],[128.3366,36.5923],[128.3426,36.586],[128.3428,36.58],[128.3501,36.5821],[128.359,36.5867],[128.3686,36.5871],[128.3808,36.5932],[128.3868,36.5946],[128.3959,36.5937],[128.4037,36.5931],[128.4129,36.596],[128.4186,36.6006],[128.42,36.6114],[128.4256,36.6232],[128.4257,36.6267],[128.4243,36.6299],[128.4148,36.63],[128.4091,36.6328],[128.4049,36.6343],[128.4028,36.6288],[128.3968,36.6254],[128.3891,36.6259],[128.3833,36.6227],[128.3738,36.6209],[128.3684,36.6218],[128.3676,36.6159],[128.3564,36.6125],[128.3542,36.6183],[128.3502,36.6243],[128.348,36.631],[128.3412,36.6311],[128.3355,36.6348],[128.3333,36.6407]]]},"properties":{"sigun":"예천군","emd":"개포면","code":"4790039000"}},
{"type":"Feature","geometry":{"type":"Polygon","coordinates":[[[128.3959,36.5937],[128.3868,36.5946],[128.3808,36.5932],[128.3686,36.5871],[128.359,36.5867],[128.3501,36.5821],[128.3428,36.58],[128.333,36.5768],[128.328,36.5735],[128.3175,36.5745],[128.3168,36.5805],[128.3093,36.5756],[128.3091,36.5737],[128.3032,36.5686],[128.3027,36.5658],[128.316,36.5612],[128.3186,36.5515],[128.3228,36.5466],[128.3273,36.5476],[128.341,36.5462],[128.3502,36.5373],[128.3618,36.5316],[128.3661,36.5274],[128.3701,36.5146],[128.3684,36.5095],[128.3708,36.5055],[128.3754,36.5039],[128.3818,36.5046],[128.3853,36.5062],[128.3986,36.5089],[128.4052,36.5129],[128.4136,36.5204],[128.4188,36.5224],[128.4292,36.522],[128.4322,36.5227],[128.44,36.5281],[128.4461,36.5302],[128.4535,36.5377],[128.4645,36.5399],[128.4604,36.5465],[128.4561,36.5492],[128.4592,36.556],[128.457,36.5578],[128.4542,36.5655],[128.451,36.5681],[128.4478,36.5663],[128.441,36.5666],[128.4395,36.5702],[128.4316,36.5774],[128.4287,36.5846],[128.4227,36.5836],[128.4184,36.5891],[128.4011,36.5911],[128.3959,36.5937]]]},"properties":{"sigun":"예천군","emd":"지보면","code":"4790040000"}},
{"type":"Feature","geometry":{"type":"Polygon","coordinates":[[[128.3618,36.5316],[128.3502,36.5373],[128.341,36.5462],[128.3273,36.5476],[128.3228,36.5466],[128.3186,36.5515],[128.316,36.5612],[128.3027,36.5658],[128.296,36.5639],[128.2949,36.5588],[128.2977,36.5531],[128.279,36.5517],[128.2702,36.5521],[128.2651,36.5503],[128.2633,36.5424],[128.2674,36.5376],[128.2686,36.533],[128.2653,36.5239],[128.2661,36.5135],[128.2644,36.5075],[128.2689,36.5001],[128.2706,36.4927],[128.2699,36.4827],[128.2603,36.4783],[128.2653,36.4761],[128.2703,36.477],[128.2781,36.4725],[128.2786,36.4665],[128.2805,36.4637],[128.2892,36.4623],[128.2947,36.4649],[128.299,36.4634],[128.3048,36.4573],[128.3099,36.4554],[128.3129,36.4564],[128.3087,36.4642],[128.3144,36.4706],[128.32,36.4714],[128.3304,36.4835],[128.3374,36.4892],[128.3365,36.5006],[128.3398,36.5031],[128.3453,36.5142],[128.3435,36.5206],[128.3408,36.5246],[128.3474,36.5272],[128.3529,36.5272],[128.3618,36.5316]]]},"properties":{"sigun":"예천군","emd":"풍양면","code":"4790041000"}},
{"type":"Feature","geometry":{"type":"Polygon","coordinates":[[[128.7743,36.9365],[128.7671,36.9359],[128.7679,36.9324],[128.7644,36.9294],[128.763,36.9245],[128.7583,36.922],[128.7527,36.9257],[128.7451,36.9179],[128.7367,36.914],[128.7361,36.909],[128.7334,36.9067],[128.7284,36.9139],[128.7235,36.914],[128.7188,36.9096],[128.7148,36.9124],[128.7151,36.916],[128.7065,36.9267],[128.7056,36.9318],[128.6976,36.9344],[128.6938,36.9307],[128.6962,36.9261],[128.6946,36.9207],[128.6849,36.9174],[128.677,36.9204],[128.6684,36.9198],[128.6592,36.9102],[128.6545,36.9115],[128.6491,36.9095],[128.648,36.9053],[128.6428,36.8961],[128.641,36.8913],[128.6374,36.8877],[128.6382,36.885],[128.6444,36.8801],[128.6501,36.8779],[128.6553,36.8726],[128.6558,36.8692],[128.6443,36.8634],[128.6419,36.8573],[128.6433,36.8556],[128.6552,36.8526],[128.6599,36.8495],[128.6641,36.8416],[128.6694,36.8434],[128.6747,36.8442],[128.6734,36.8479],[128.6779,36.8503],[128.6772,36.8556],[128.6815,36.8575],[128.6862,36.8633],[128.7014,36.8607],[128.7054,36.8671],[128.7147,36.8645],[128.7199,36.8677],[128.7286,36.8627],[128.7256,36.8604],[128.7271,36.856],[128.7324,36.8469],[128.7366,36.8442],[128.7392,36.8479],[128.7336,36.8553],[128.7375,36.8586],[128.7473,36.8622],[128.7528,36.8625],[128.758,36.8789],[128.7701,36.8786],[128.7725,36.883],[128.7763,36.8853],[128.7695,36.8906],[128.7684,36.898],[128.7713,36.902],[128.7721,36.908],[128.7783,36.9116],[128.7758,36.9191],[128.777,36.9227],[128.7756,36.9294],[128.7766,36.933],[128.7743,36.9365]]]},"properties":{"sigun":"봉화군","emd":"봉화읍","code":"4792025000"}},
{"type":"Feature","geometry":{"type":"Polygon","coordinates":[[[128.7514,37.0283],[128.7347,37.0401],[128.7186,37.044],[128.7125,37.0425],[128.7089,37.0392],[128.7056,37.0341],[128.7023,37.0322],[128.7001,37.0248],[128.7014,37.0129],[128.6929,37.0039],[128.6942,36.9984],[128.692,36.9916],[128.6902,36.9793],[128.693,36.9738],[128.6869,36.9689],[128.6863,36.9598],[128.6814,36.9534],[128.6782,36.9537],[128.6752,36.9457],[128.6666,36.9424],[128.6617,36.938],[128.6601,36.9284],[128.6664,36.9234],[128.6684,36.9198],[128.677,36.9204],[128.6849,36.9174],[128.6946,36.9207],[128.6962,36.9261],[128.6938,36.9307],[128.6976,36.9344],[128.7056,36.9318],[128.7065,36.9267],[128.7151,36.916],[128.7148,36.9124],[128.7188,36.9096],[128.7235,36.914],[128.7284,36.9139],[128.7334,36.9067],[128.7361,36.909],[128.7367,36.914],[128.7451,36.9179],[128.7527,36.9257],[128.7583,36.922],[128.763,36.9245],[128.7644,36.9294],[128.7679,36.9324],[128.7671,36.9359],[128.7743,36.9365],[128.7841,36.9452],[128.7819,36.9481],[128.7862,36.9599],[128.7839,36.965],[128.7891,36.9698],[128.7959,36.9704],[128.7998,36.9743],[128.809,36.9774],[128.8111,36.981],[128.8014,36.9899],[128.7906,36.9958],[128.7856,36.9942],[128.7811,36.9951],[128.7725,37.0029],[128.7773,37.0106],[128.7773,37.0162],[128.7797,37.0214],[128.775,37.0234],[128.7664,37.0239],[128.7565,37.0281],[128.7514,37.0283]]]},"properties":{"sigun":"봉화군","emd":"물야면","code":"4792031000"}},
{"type":"Feature","geometry":{"type":"Polygon","coordinates":[[[128.8512,36.9433],[128.8496,36.9476],[128.8444,36.9507],[128.8443,36.9583],[128.846,36.9626],[128.841,36.9656],[128.8334,36.9675],[128.8254,36.9708],[128.8204,36.9763],[128.8111,36.981],[128.809,36.9774],[128.7998,36.9743],[128.7959,36.9704],[128.7891,36.9698],[128.7839,36.965],[128.7862,36.9599],[128.7819,36.9481],[128.7841,36.9452],[128.7743,36.9365],[128.7766,36.933],[128.7756,36.9294],[128.777,36.9227],[128.7758,36.9191],[128.7783,36.9116],[128.7721,36.908],[128.7713,36.902],[128.7684,36.898],[128.7695,36.8906],[128.7763,36.8853],[128.7819,36.8826],[128.7837,36.8876],[128.79,36.8902],[128.7936,36.8835],[128.7934,36.8804],[128.7895,36.8726],[128.7814,36.8703],[128.7794,36.8664],[128.7821,36.8627],[128.7862,36.8616],[128.7916,36.866],[128.7977,36.8652],[128.7991,36.862],[128.7973,36.8546],[128.8035,36.8535],[128.8061,36.8478],[128.8131,36.8427],[128.819,36.8467],[128.8258,36.8472],[128.8241,36.8527],[128.8209,36.8576],[128.8136,36.8584],[128.8126,36.8604],[128.8162,36.867],[128.8226,36.8721],[128.8282,36.8683],[128.8326,36.8728],[128.832,36.8788],[128.8301,36.8816],[128.8318,36.886],[128.831,36.8899],[128.8354,36.8937],[128.8371,36.8979],[128.8347,36.8996],[128.8365,36.9102],[128.8411,36.9113],[128.8419,36.9142],[128.8365,36.9179],[128.841,36.9255],[128.8382,36.9287],[128.8483,36.934],[128.851,36.9386],[128.8512,36.9433]]]},"properties":{"sigun":"봉화군","emd":"봉성면","code":"4792032000"}},
{"type":"Feature","geometry":{"type":"Polygon","coordinates":[[[128.9805,36.8735],[128.9925,36.8791],[128.9903,36.8822],[128.9904,36.893],[128.9825,36.8983],[128.9792,36.9058],[128.9827,36.9119],[128.9897,36.9158],[128.9906,36.9194],[128.9875,36.9269],[128.9845,36.9299],[128.9784,36.9328],[128.9692,36.9417],[128.9561,36.9475],[128.9508,36.9383],[128.9398,36.9364],[128.9374,36.9306],[128.9247,36.9182],[128.9215,36.9125],[128.9142,36.9195],[128.9125,36.925],[128.9036,36.93],[128.9004,36.9276],[128.8955,36.9296],[128.8897,36.9381],[128.8757,36.9399],[128.8675,36.9391],[128.8602,36.9401],[128.8537,36.9437],[128.8512,36.9433],[128.851,36.9386],[128.8483,36.934],[128.8382,36.9287],[128.841,36.9255],[128.8365,36.9179],[128.8419,36.9142],[128.8411,36.9113],[128.8365,36.9102],[128.8347,36.8996],[128.8371,36.8979],[128.8354,36.8937],[128.8552,36.8888],[128.8605,36.8921],[128.865,36.8914],[128.872,36.8864],[128.8759,36.8911],[128.8745,36.8974],[128.8763,36.8998],[128.8824,36.8975],[128.8861,36.8894],[128.8903,36.8864],[128.8945,36.8856],[128.9023,36.8932],[128.9058,36.8901],[128.912,36.8881],[128.9161,36.8898],[128.9192,36.8872],[128.9191,36.8822],[128.9217,36.8808],[128.9256,36.8845],[128.93,36.896],[128.9398,36.8976],[128.9421,36.8915],[128.9469,36.8887],[128.9471,36.8858],[128.9574,36.8755],[128.9659,36.8709],[128.9667,36.8784],[128.973,36.8767],[128.9732,36.8722],[128.9779,36.8694],[128.9805,36.8735]]]},"properties":{"sigun":"봉화군","emd":"법전면","code":"4792033000"}},
{"type":"Feature","geometry":{"type":"Polygon","coordinates":[[[128.8957,37.0449],[128.8887,37.0471],[128.8852,37.051],[128.8776,37.0526],[128.8764,37.0462],[128.8727,37.0446],[128.8664,37.0483],[128.8572,37.0493],[128.8466,37.0522],[128.8362,37.0664],[128.8322,37.0678],[128.8325,37.0756],[128.827,37.0781],[128.8226,37.0776],[128.8133,37.0788],[128.8086,37.0775],[128.8029,37.0854],[128.7983,37.0869],[128.7851,37.0877],[128.7798,37.0923],[128.7732,37.0874],[128.7775,37.083],[128.7781,37.0792],[128.7736,37.0781],[128.7687,37.0724],[128.7685,37.0685],[128.765,37.064],[128.7571,37.0701],[128.752,37.0575],[128.7525,37.0545],[128.7608,37.0435],[128.7617,37.0352],[128.7545,37.032],[128.7514,37.0283],[128.7565,37.0281],[128.7664,37.0239],[128.775,37.0234],[128.7797,37.0214],[128.7773,37.0162],[128.7773,37.0106],[128.7725,37.0029],[128.7811,36.9951],[128.7856,36.9942],[128.7906,36.9958],[128.8014,36.9899],[128.8111,36.981],[128.8204,36.9763],[128.8254,36.9708],[128.8334,36.9675],[128.841,36.9656],[128.846,36.9626],[128.8443,36.9583],[128.8444,36.9507],[128.8496,36.9476],[128.8512,36.9433],[128.8537,36.9437],[128.8602,36.9401],[128.8675,36.9391],[128.8757,36.9399],[128.8897,36.9381],[128.8955,36.9296],[128.9004,36.9276],[128.9036,36.93],[128.9125,36.925],[128.9142,36.9195],[128.9215,36.9125],[128.9247,36.9182],[128.9374,36.9306],[128.9398,36.9364],[128.9508,36.9383],[128.9561,36.9475],[128.9572,36.9507],[128.9623,36.9546],[128.961,36.9597],[128.9572,36.9616],[128.9558,36.9659],[128.9493,36.9764],[128.9441,36.9777],[128.9356,36.9875],[128.9295,36.9909],[128.9222,36.9896],[128.9197,36.9914],[128.915,36.999],[128.9046,37.0029],[128.9043,37.0059],[128.8993,37.0125],[128.9006,37.019],[128.9018,37.0332],[128.8957,37.0449]]]},"properties":{"sigun":"봉화군","emd":"춘양면","code":"4792034000"}},
{"type":"Feature","geometry":{"type":"Polygon","coordinates":[[[129.0909,36.9976],[129.0863,36.9915],[129.0794,36.9914],[129.0724,36.9891],[129.055,36.9959],[129.0437,36.9972],[129.0398,37.0029],[129.0396,37.006],[129.0343,37.0097],[129.0348,37.0136],[129.0276,37.0168],[129.0238,37.0237],[129.0151,37.0271],[129.0094,37.0267],[129.0007,37.0191],[128.996,37.0222],[128.9922,37.0267],[128.9851,37.025],[128.9794,37.0254],[128.9758,37.0282],[128.9731,37.0343],[128.9676,37.0382],[128.9682,37.0424],[128.9455,37.044],[128.9405,37.047],[128.9317,37.0483],[128.9263,37.0576],[128.9182,37.0599],[128.9131,37.0659],[128.9097,37.0669],[128.8974,37.0579],[128.896,37.0552],[128.8973,37.0458],[128.8957,37.0449],[128.9018,37.0332],[128.9006,37.019],[128.8993,37.0125],[128.9043,37.0059],[128.9046,37.0029],[128.915,36.999],[128.9197,36.9914],[128.9222,36.9896],[128.9295,36.9909],[128.9356,36.9875],[128.9441,36.9777],[128.9493,36.9764],[128.9558,36.9659],[128.9572,36.9616],[128.961,36.9597],[128.9623,36.9546],[128.9572,36.9507],[128.9561,36.9475],[128.9692,36.9417],[128.9784,36.9328],[128.9845,36.9299],[128.9875,36.9269],[128.9906,36.9194],[128.9897,36.9158],[128.9827,36.9119],[128.9792,36.9058],[128.9825,36.8983],[128.9904,36.893],[128.9903,36.8822],[128.9925,36.8791],[128.9805,36.8735],[128.9842,36.8704],[128.9962,36.8704],[129.0027,36.867],[129.0156,36.8621],[129.0201,36.8595],[129.0245,36.8596],[129.0266,36.8567],[129.0355,36.8552],[129.04,36.8513],[129.0491,36.8586],[129.0548,36.8597],[129.0634,36.8582],[129.0697,36.8546],[129.0875,36.8502],[129.1045,36.8545],[129.1121,36.851],[129.1162,36.8445],[129.122,36.848],[129.1249,36.8572],[129.1283,36.8585],[129.1294,36.865],[129.1358,36.8693],[129.1383,36.8729],[129.1541,36.8751],[129.1551,36.8782],[129.1555,36.8877],[129.1488,36.8909],[129.1487,36.8965],[129.1448,36.8985],[129.1484,36.9052],[129.1473,36.912],[129.1444,36.915],[129.1431,36.9202],[129.1382,36.922],[129.1366,36.927],[129.132,36.9291],[129.1252,36.93],[129.1232,36.9337],[129.1182,36.9356],[129.1119,36.9337],[129.1051,36.9375],[129.1081,36.9431],[129.1028,36.9451],[129.0998,36.9437],[129.0962,36.9461],[129.0911,36.9449],[129.084,36.946],[129.0877,36.9493],[129.0839,36.9549],[129.0801,36.955],[129.0779,36.9587],[129.0838,36.9634],[129.0881,36.961],[129.0915,36.9626],[129.0919,36.9701],[129.0947,36.9747],[129.0947,36.9782],[129.0903,36.984],[129.0929,36.9885],[129.093,36.9948],[129.0909,36.9976]]]},"properties":{"sigun":"봉화군","emd":"소천면","code":"4792035000"}},
{"type":"Feature","geometry":{"type":"Polygon","coordinates":[[[129.1854,37.0421],[129.1854,37.0468],[129.1761,37.0576],[129.171,37.0601],[129.1652,37.0698],[129.1552,37.07],[129.1543,37.0726],[129.1493,37.0759],[129.1445,37.0764],[129.1407,37.0817],[129.1346,37.0813],[129.1274,37.0848],[129.1274,37.0889],[129.1188,37.0929],[129.1086,37.0935],[129.1043,37.0983],[129.0958,37.1005],[129.0916,37.0977],[129.087,37.0972],[129.0821,37.094],[129.0729,37.0909],[129.07,37.0874],[129.0709,37.0841],[129.0658,37.0784],[129.0678,37.0743],[129.0617,37.0656],[129.0533,37.0696],[129.0503,37.0684],[129.0405,37.0723],[129.0343,37.0758],[129.0228,37.0772],[129.02,37.0762],[129.0144,37.0791],[129.0084,37.0787],[128.9952,37.0812],[128.9931,37.0846],[128.9835,37.0845],[128.9771,37.082],[128.9696,37.0821],[128.9662,37.0794],[128.9603,37.0774],[128.9531,37.0816],[128.9533,37.0849],[128.9446,37.0951],[128.9205,37.0907],[128.9167,37.0849],[128.9168,37.0787],[128.9098,37.0705],[128.9097,37.0669],[128.9131,37.0659],[128.9182,37.0599],[128.9263,37.0576],[128.9317,37.0483],[128.9405,37.047],[128.9455,37.044],[128.9682,37.0424],[128.9676,37.0382],[128.9731,37.0343],[128.9758,37.0282],[128.9794,37.0254],[128.9851,37.025],[128.9922,37.0267],[128.996,37.0222],[129.0007,37.0191],[129.0094,37.0267],[129.0151,37.0271],[129.0238,37.0237],[129.0276,37.0168],[129.0348,37.0136],[129.0343,37.0097],[129.0396,37.006],[129.0398,37.0029],[129.0437,36.9972],[129.055,36.9959],[129.0724,36.9891],[129.0794,36.9914],[129.0863,36.9915],[129.0909,36.9976],[129.0918,37.0029],[129.095,37.0075],[129.089,37.0109],[129.0975,37.0177],[129.1024,37.0189],[129.1084,37.025],[129.1126,37.0261],[129.1191,37.0303],[129.1262,37.03],[129.1295,37.0333],[129.1334,37.0345],[129.1397,37.0329],[129.1498,37.0235],[129.1547,37.0232],[129.1597,37.0196],[129.1671,37.0218],[129.1764,37.0287],[129.1801,37.0359],[129.1839,37.0385],[129.1854,37.0421]]]},"properties":{"sigun":"봉화군","emd":"석포면","code":"4792039000"}},
{"type":"Feature","geometry":{"type":"Polygon","coordinates":[[[128.9805,36.8735],[128.9779,36.8694],[128.9732,36.8722],[128.973,36.8767],[128.9667,36.8784],[128.9659,36.8709],[128.9582,36.8698],[128.9466,36.8649],[128.9384,36.8676],[128.9326,36.8644],[128.9354,36.8525],[128.9302,36.8475],[128.9378,36.8441],[128.9401,36.8354],[128.9383,36.8327],[128.9314,36.8308],[128.9287,36.827],[128.9313,36.8213],[128.9377,36.8172],[128.9401,36.8111],[128.9362,36.803],[128.9289,36.8017],[128.9269,36.794],[128.9311,36.7897],[128.941,36.7826],[128.9424,36.7738],[128.9466,36.7735],[128.9546,36.7703],[128.9588,36.7655],[128.964,36.7522],[128.9682,36.7506],[128.9698,36.7472],[128.9825,36.7461],[128.9902,36.7471],[128.9893,36.7507],[128.9922,36.7547],[128.9875,36.7594],[128.9836,36.7655],[128.9841,36.7729],[128.9901,36.777],[129.0007,36.7805],[129.0074,36.7799],[129.0166,36.7845],[129.0215,36.7836],[129.0274,36.7853],[129.0369,36.7909],[129.0374,36.7943],[129.0479,36.8],[129.0527,36.8062],[129.0568,36.8081],[129.0621,36.813],[129.064,36.8183],[129.0687,36.8206],[129.0772,36.8205],[129.0802,36.8189],[129.0888,36.8249],[129.0964,36.8268],[129.1008,36.8297],[129.1032,36.8359],[129.1129,36.8414],[129.1162,36.8445],[129.1121,36.851],[129.1045,36.8545],[129.0875,36.8502],[129.0697,36.8546],[129.0634,36.8582],[129.0548,36.8597],[129.0491,36.8586],[129.04,36.8513],[129.0355,36.8552],[129.0266,36.8567],[129.0245,36.8596],[129.0201,36.8595],[129.0156,36.8621],[129.0027,36.867],[128.9962,36.8704],[128.9842,36.8704],[128.9805,36.8735]]]},"properties":{"sigun":"봉화군","emd":"재산면","code":"4792036000"}},
{"type":"Feature","geometry":{"type":"Polygon","coordinates":[[[128.9659,36.8709],[128.9574,36.8755],[128.9471,36.8858],[128.9469,36.8887],[128.9421,36.8915],[128.9398,36.8976],[128.93,36.896],[128.9256,36.8845],[128.9217,36.8808],[128.9191,36.8822],[128.9192,36.8872],[128.9161,36.8898],[128.912,36.8881],[128.9058,36.8901],[128.9023,36.8932],[128.8945,36.8856],[128.8903,36.8864],[128.8861,36.8894],[128.8824,36.8975],[128.8763,36.8998],[128.8745,36.8974],[128.8759,36.8911],[128.872,36.8864],[128.865,36.8914],[128.8605,36.8921],[128.8552,36.8888],[128.8354,36.8937],[128.831,36.8899],[128.8318,36.886],[128.8301,36.8816],[128.832,36.8788],[128.8326,36.8728],[128.8282,36.8683],[128.8226,36.8721],[128.8162,36.867],[128.8126,36.8604],[128.8136,36.8584],[128.8209,36.8576],[128.8241,36.8527],[128.8258,36.8472],[128.8304,36.8397],[128.8302,36.8342],[128.835,36.8239],[128.8381,36.8236],[128.8427,36.8119],[128.8412,36.8092],[128.8434,36.8035],[128.8461,36.8023],[128.8553,36.8019],[128.8639,36.7987],[128.8644,36.7944],[128.872,36.7886],[128.8748,36.7849],[128.8846,36.784],[128.886,36.7781],[128.8914,36.7735],[128.8995,36.7735],[128.9043,36.7753],[128.9126,36.7739],[128.9206,36.7673],[128.926,36.7691],[128.9313,36.7679],[128.9424,36.7738],[128.941,36.7826],[128.9311,36.7897],[128.9269,36.794],[128.9289,36.8017],[128.9362,36.803],[128.9401,36.8111],[128.9377,36.8172],[128.9313,36.8213],[128.9287,36.827],[128.9314,36.8308],[128.9383,36.8327],[128.9401,36.8354],[128.9378,36.8441],[128.9302,36.8475],[128.9354,36.8525],[128.9326,36.8644],[128.9384,36.8676],[128.9466,36.8649],[128.9582,36.8698],[128.9659,36.8709]]]},"properties":{"sigun":"봉화군","emd":"명호면","code":"4792037000"}},
{"type":"Feature","geometry":{"type":"Polygon","coordinates":[[[128.8258,36.8472],[128.819,36.8467],[128.8131,36.8427],[128.8061,36.8478],[128.8035,36.8535],[128.7973,36.8546],[128.7991,36.862],[128.7977,36.8652],[128.7916,36.866],[128.7862,36.8616],[128.7821,36.8627],[128.7794,36.8664],[128.7814,36.8703],[128.7895,36.8726],[128.7934,36.8804],[128.7936,36.8835],[128.79,36.8902],[128.7837,36.8876],[128.7819,36.8826],[128.7763,36.8853],[128.7725,36.883],[128.7701,36.8786],[128.758,36.8789],[128.7528,36.8625],[128.7473,36.8622],[128.7375,36.8586],[128.7336,36.8553],[128.7392,36.8479],[128.7366,36.8442],[128.7367,36.8393],[128.7259,36.831],[128.7186,36.8293],[128.7183,36.8247],[128.7276,36.8188],[128.7273,36.8111],[128.7245,36.808],[128.7212,36.8008],[128.7256,36.7928],[128.7321,36.7916],[128.736,36.8019],[128.7434,36.7961],[128.7465,36.8071],[128.755,36.8075],[128.7587,36.81],[128.7662,36.8028],[128.7705,36.8058],[128.777,36.8051],[128.7821,36.8096],[128.7905,36.8142],[128.7942,36.8149],[128.8014,36.823],[128.8064,36.8206],[128.8031,36.8107],[128.8034,36.8062],[128.8072,36.8006],[128.8124,36.7955],[128.8178,36.8003],[128.8206,36.8055],[128.8195,36.8097],[128.8412,36.8092],[128.8427,36.8119],[128.8381,36.8236],[128.835,36.8239],[128.8302,36.8342],[128.8304,36.8397],[128.8258,36.8472]]]},"properties":{"sigun":"봉화군","emd":"상운면","code":"4792038000"}},
{"type":"Feature","geometry":{"type":"Polygon","coordinates":[[[129.4102,37.0306],[129.4001,37.0303],[129.3949,37.0333],[129.3812,37.0361],[129.3723,37.0406],[129.3605,37.0528],[129.3574,37.0514],[129.3569,37.0448],[129.3504,37.0398],[129.3445,37.0384],[129.3412,37.0401],[129.3351,37.038],[129.3295,37.0395],[129.3283,37.0345],[129.3251,37.031],[129.32,37.0342],[129.2988,37.032],[129.2967,37.0282],[129.2974,37.0245],[129.2938,37.0211],[129.292,37.0151],[129.2879,37.0109],[129.2883,37.0081],[129.2945,37.0029],[129.2935,37.0002],[129.2804,36.9925],[129.2786,36.9871],[129.2739,36.9821],[129.2709,36.9743],[129.2715,36.9705],[129.2759,36.9704],[129.2816,36.9664],[129.284,36.9609],[129.2907,36.959],[129.2917,36.9559],[129.2964,36.9532],[129.3018,36.9522],[129.3159,36.95],[129.3222,36.9545],[129.3293,36.9634],[129.3328,36.9653],[129.3299,36.976],[129.3503,36.9836],[129.3617,36.9845],[129.3645,36.9834],[129.3695,36.9774],[129.376,36.9778],[129.3817,36.9732],[129.3975,36.9749],[129.4013,36.9781],[129.4094,36.9783],[129.4089,36.9801],[129.4147,36.9891],[129.42,36.9931],[129.4187,36.9988],[129.4191,37.0062],[129.4172,37.008],[129.4104,37.0241],[129.4102,37.0306]]]},"properties":{"sigun":"울진군","emd":"울진읍","code":"4793025000"}},
{"type":"Feature","geometry":{"type":"Polygon","coordinates":[[[129.4695,36.748],[129.4619,36.7466],[129.4584,36.7478],[129.4584,36.752],[129.4555,36.7534],[129.4482,36.7534],[129.4423,36.7579],[129.4368,36.7582],[129.4271,36.7562],[129.4219,36.7562],[129.4109,36.7586],[129.4083,36.7572],[129.3984,36.7626],[129.3951,36.7591],[129.3871,36.7589],[129.3799,36.7498],[129.3898,36.7478],[129.3922,36.7427],[129.3947,36.7422],[129.4003,36.7341],[129.4172,36.7257],[129.4195,36.7218],[129.4198,36.7159],[129.4138,36.7148],[129.416,36.7086],[129.4144,36.7066],[129.4252,36.7022],[129.4304,36.7032],[129.4391,36.6993],[129.4452,36.6984],[129.4541,36.6987],[129.4572,36.6978],[129.4677,36.6896],[129.469,36.6942],[129.4767,36.6996],[129.475,36.7059],[129.475,36.7119],[129.4726,36.7192],[129.4725,36.7238],[129.478,36.7271],[129.4761,36.735],[129.4695,36.748]]]},"properties":{"sigun":"울진군","emd":"평해읍","code":"4793025300"}},
{"type":"Feature","geometry":{"type":"Polygon","coordinates":[[[129.4032,37.0789],[129.3961,37.084],[129.3936,37.0881],[129.3857,37.0943],[129.3796,37.1002],[129.379,37.1054],[129.3764,37.1103],[129.3815,37.1202],[129.3786,37.1203],[129.3737,37.125],[129.3734,37.1352],[129.3686,37.1406],[129.3665,37.145],[129.3615,37.1448],[129.348,37.1465],[129.339,37.1448],[129.3336,37.1418],[129.3247,37.1417],[129.3207,37.1358],[129.312,37.1319],[129.3091,37.1282],[129.3048,37.1281],[129.2982,37.1245],[129.2952,37.1203],[129.2945,37.1144],[129.2883,37.115],[129.2767,37.1187],[129.272,37.117],[129.2697,37.1075],[129.2661,37.1023],[129.2597,37.1007],[129.2559,37.0979],[129.2496,37.0959],[129.2413,37.0857],[129.2332,37.08],[129.2316,37.0771],[129.2256,37.0734],[129.231,37.0693],[129.2332,37.0642],[129.2294,37.0559],[129.233,37.0499],[129.2332,37.0441],[129.2381,37.0388],[129.2347,37.0315],[129.2399,37.0264],[129.2452,37.0246],[129.2596,37.0241],[129.2617,37.0183],[129.2594,37.0151],[129.2499,37.0073],[129.2489,37.0047],[129.2549,37.0035],[129.2621,36.998],[129.2713,36.998],[129.2733,36.9942],[129.2804,36.9925],[129.2935,37.0002],[129.2945,37.0029],[129.2883,37.0081],[129.2879,37.0109],[129.292,37.0151],[129.2938,37.0211],[129.2974,37.0245],[129.2967,37.0282],[129.2988,37.032],[129.32,37.0342],[129.3251,37.031],[129.3283,37.0345],[129.3295,37.0395],[129.3351,37.038],[129.3412,37.0401],[129.3445,37.0384],[129.3504,37.0398],[129.3569,37.0448],[129.3574,37.0514],[129.3605,37.0528],[129.3623,37.0559],[129.3617,37.063],[129.3629,37.0652],[129.372,37.0651],[129.374,37.0636],[129.3818,37.063],[129.3895,37.0602],[129.3912,37.071],[129.3994,37.0736],[129.4032,37.0789]]]},"properties":{"sigun":"울진군","emd":"북면","code":"4793031000"}},
{"type":"Feature","geometry":{"type":"Polygon","coordinates":[[[129.4094,36.9783],[129.4013,36.9781],[129.3975,36.9749],[129.3817,36.9732],[129.376,36.9778],[129.3695,36.9774],[129.3645,36.9834],[129.3617,36.9845],[129.3503,36.9836],[129.3299,36.976],[129.3328,36.9653],[129.3293,36.9634],[129.3222,36.9545],[129.3159,36.95],[129.3018,36.9522],[129.3042,36.9454],[129.31,36.9433],[129.3063,36.9376],[129.3007,36.9338],[129.2996,36.9304],[129.3071,36.9255],[129.3101,36.918],[129.3169,36.9133],[129.3209,36.9124],[129.3265,36.8996],[129.3292,36.8986],[129.3398,36.9083],[129.3445,36.9106],[129.3491,36.9109],[129.354,36.9145],[129.363,36.9191],[129.3644,36.9216],[129.3672,36.9349],[129.3718,36.9372],[129.3763,36.9428],[129.3794,36.9398],[129.3837,36.9387],[129.3894,36.9424],[129.3994,36.9375],[129.4013,36.9253],[129.4011,36.9212],[129.406,36.9168],[129.4126,36.9141],[129.4164,36.9101],[129.4163,36.9169],[129.419,36.9176],[129.4203,36.9231],[129.4179,36.9307],[129.4213,36.936],[129.4211,36.9434],[129.4187,36.9481],[129.4199,36.9513],[129.4155,36.9616],[129.4143,36.9683],[129.4094,36.9783]]]},"properties":{"sigun":"울진군","emd":"근남면","code":"4793033000"}},
{"type":"Feature","geometry":{"type":"Polygon","coordinates":[[[129.4695,36.748],[129.4679,36.7572],[129.477,36.7642],[129.4789,36.7681],[129.4725,36.7758],[129.4711,36.7792],[129.4632,36.7883],[129.4632,36.7963],[129.458,36.8033],[129.4574,36.8154],[129.4536,36.8178],[129.4458,36.8272],[129.4464,36.8324],[129.4341,36.8434],[129.4276,36.8507],[129.4274,36.8524],[129.4202,36.868],[129.4206,36.8708],[129.4159,36.8692],[129.415,36.8659],[129.4093,36.864],[129.4058,36.8652],[129.3976,36.8644],[129.3916,36.865],[129.3744,36.8636],[129.3727,36.8558],[129.3659,36.8532],[129.3638,36.8463],[129.3613,36.8436],[129.3667,36.8387],[129.3591,36.8348],[129.3583,36.8325],[129.3599,36.8256],[129.3632,36.8203],[129.3631,36.8169],[129.3586,36.8154],[129.3518,36.8068],[129.3466,36.8037],[129.3389,36.786],[129.3323,36.7834],[129.3385,36.7796],[129.3386,36.7769],[129.3476,36.7722],[129.352,36.7733],[129.3585,36.7703],[129.3769,36.7772],[129.3825,36.781],[129.3866,36.7789],[129.3891,36.7678],[129.3843,36.7661],[129.3871,36.7589],[129.3951,36.7591],[129.3984,36.7626],[129.4083,36.7572],[129.4109,36.7586],[129.4219,36.7562],[129.4271,36.7562],[129.4368,36.7582],[129.4423,36.7579],[129.4482,36.7534],[129.4555,36.7534],[129.4584,36.752],[129.4584,36.7478],[129.4619,36.7466],[129.4695,36.748]]]},"properties":{"sigun":"울진군","emd":"기성면","code":"4793035000"}},
{"type":"Feature","geometry":{"type":"Polygon","coordinates":[[[129.3323,36.7834],[129.3283,36.7828],[129.3208,36.7846],[129.3135,36.7809],[129.3117,36.7756],[129.3085,36.7742],[129.3029,36.7764],[129.2984,36.7716],[129.2958,36.7657],[129.2982,36.7575],[129.2952,36.754],[129.2847,36.752],[129.273,36.7451],[129.2731,36.7378],[129.27,36.7323],[129.2714,36.7254],[129.2786,36.7225],[129.2809,36.7236],[129.2871,36.7195],[129.2938,36.7176],[129.2863,36.7084],[129.2866,36.7024],[129.2822,36.6981],[129.2814,36.6936],[129.2769,36.6916],[129.2788,36.6811],[129.2715,36.6773],[129.2689,36.6737],[129.274,36.6706],[129.2851,36.6675],[129.2948,36.6702],[129.2977,36.6685],[129.3068,36.6683],[129.3175,36.6655],[129.3268,36.6666],[129.3307,36.6612],[129.3374,36.6606],[129.3486,36.657],[129.3546,36.651],[129.3578,36.6531],[129.361,36.6587],[129.367,36.663],[129.3707,36.6627],[129.3846,36.6702],[129.3918,36.6663],[129.3969,36.6655],[129.3995,36.6764],[129.4049,36.6844],[129.4033,36.6893],[129.4102,36.6922],[129.4114,36.6964],[129.408,36.7026],[129.4144,36.7066],[129.416,36.7086],[129.4138,36.7148],[129.4198,36.7159],[129.4195,36.7218],[129.4172,36.7257],[129.4003,36.7341],[129.3947,36.7422],[129.3922,36.7427],[129.3898,36.7478],[129.3799,36.7498],[129.3871,36.7589],[129.3843,36.7661],[129.3891,36.7678],[129.3866,36.7789],[129.3825,36.781],[129.3769,36.7772],[129.3585,36.7703],[129.352,36.7733],[129.3476,36.7722],[129.3386,36.7769],[129.3385,36.7796],[129.3323,36.7834]]]},"properties":{"sigun":"울진군","emd":"온정면","code":"4793036000"}},
{"type":"Feature","geometry":{"type":"Polygon","coordinates":[[[129.4102,37.0306],[129.4158,37.0355],[129.4138,37.0419],[129.4133,37.0479],[129.4156,37.0545],[129.4186,37.0568],[129.43,37.0585],[129.4272,37.064],[129.4032,37.0789],[129.3994,37.0736],[129.3912,37.071],[129.3895,37.0602],[129.3818,37.063],[129.374,37.0636],[129.372,37.0651],[129.3629,37.0652],[129.3617,37.063],[129.3623,37.0559],[129.3605,37.0528],[129.3723,37.0406],[129.3812,37.0361],[129.3949,37.0333],[129.4001,37.0303],[129.4102,37.0306]]]},"properties":{"sigun":"울진군","emd":"죽변면","code":"4793037000"}},
{"type":"Feature","geometry":{"type":"Polygon","coordinates":[[[129.4677,36.6896],[129.4572,36.6978],[129.4541,36.6987],[129.4452,36.6984],[129.4391,36.6993],[129.4304,36.7032],[129.4252,36.7022],[129.4144,36.7066],[129.408,36.7026],[129.4114,36.6964],[129.4102,36.6922],[129.4033,36.6893],[129.4049,36.6844],[129.3995,36.6764],[129.3969,36.6655],[129.3968,36.6614],[129.4067,36.6592],[129.411,36.6547],[129.4194,36.6503],[129.4197,36.6446],[129.4238,36.6433],[129.4285,36.6483],[129.4314,36.6586],[129.4374,36.6698],[129.4455,36.6767],[129.4588,36.6815],[129.4617,36.6778],[129.4656,36.6801],[129.465,36.6861],[129.4677,36.6896]]]},"properties":{"sigun":"울진군","emd":"후포면","code":"4793038000"}},
{"type":"Feature","geometry":{"type":"Polygon","coordinates":[[[129.2381,37.0388],[129.2251,37.0445],[129.2135,37.0427],[129.205,37.0449],[129.1946,37.0406],[129.1854,37.0421],[129.1839,37.0385],[129.1801,37.0359],[129.1764,37.0287],[129.1671,37.0218],[129.1597,37.0196],[129.1547,37.0232],[129.1498,37.0235],[129.1397,37.0329],[129.1334,37.0345],[129.1295,37.0333],[129.1262,37.03],[129.1191,37.0303],[129.1126,37.0261],[129.1084,37.025],[129.1024,37.0189],[129.0975,37.0177],[129.089,37.0109],[129.095,37.0075],[129.0918,37.0029],[129.0909,36.9976],[129.093,36.9948],[129.0929,36.9885],[129.0903,36.984],[129.0947,36.9782],[129.0947,36.9747],[129.0919,36.9701],[129.0915,36.9626],[129.0881,36.961],[129.0838,36.9634],[129.0779,36.9587],[129.0801,36.955],[129.0839,36.9549],[129.0877,36.9493],[129.084,36.946],[129.0911,36.9449],[129.0962,36.9461],[129.0998,36.9437],[129.1028,36.9451],[129.1081,36.9431],[129.1051,36.9375],[129.1119,36.9337],[129.1182,36.9356],[129.1232,36.9337],[129.1252,36.93],[129.132,36.9291],[129.1366,36.927],[129.1382,36.922],[129.1431,36.9202],[129.1444,36.915],[129.1473,36.912],[129.1484,36.9052],[129.1448,36.8985],[129.1487,36.8965],[129.1488,36.8909],[129.1555,36.8877],[129.1551,36.8782],[129.1585,36.8751],[129.1657,36.8753],[129.1657,36.8794],[129.17,36.8814],[129.1769,36.8789],[129.1833,36.8785],[129.1902,36.8798],[129.1956,36.8752],[129.1959,36.87],[129.2014,36.8654],[129.2105,36.8634],[129.2174,36.864],[129.2275,36.8679],[129.2336,36.867],[129.2381,36.8629],[129.231,36.8539],[129.2398,36.8519],[129.2477,36.8528],[129.2552,36.8604],[129.2569,36.873],[129.261,36.8701],[129.2673,36.8727],[129.2719,36.8715],[129.2752,36.875],[129.2787,36.8743],[129.2855,36.8645],[129.2756,36.8591],[129.2747,36.8501],[129.2767,36.8465],[129.2707,36.8407],[129.2729,36.8336],[129.2784,36.8325],[129.2832,36.8334],[129.2875,36.8316],[129.2949,36.8249],[129.3015,36.8299],[129.302,36.8357],[129.2987,36.8393],[129.2993,36.8436],[129.2941,36.8505],[129.3005,36.854],[129.3012,36.8567],[129.3073,36.8628],[129.3113,36.8635],[129.3132,36.8725],[129.318,36.8738],[129.322,36.8769],[129.3235,36.8876],[129.3268,36.8887],[129.3271,36.8943],[129.3292,36.8986],[129.3265,36.8996],[129.3209,36.9124],[129.3169,36.9133],[129.3101,36.918],[129.3071,36.9255],[129.2996,36.9304],[129.3007,36.9338],[129.3063,36.9376],[129.31,36.9433],[129.3042,36.9454],[129.3018,36.9522],[129.2964,36.9532],[129.2917,36.9559],[129.2907,36.959],[129.284,36.9609],[129.2816,36.9664],[129.2759,36.9704],[129.2715,36.9705],[129.2709,36.9743],[129.2739,36.9821],[129.2786,36.9871],[129.2804,36.9925],[129.2733,36.9942],[129.2713,36.998],[129.2621,36.998],[129.2549,37.0035],[129.2489,37.0047],[129.2499,37.0073],[129.2594,37.0151],[129.2617,37.0183],[129.2596,37.0241],[129.2452,37.0246],[129.2399,37.0264],[129.2347,37.0315],[129.2381,37.0388]]]},"properties":{"sigun":"울진군","emd":"금강송면","code":"4793039000"}},
{"type":"Feature","geometry":{"type":"Polygon","coordinates":[[[129.4164,36.9101],[129.4126,36.9141],[129.406,36.9168],[129.4011,36.9212],[129.4013,36.9253],[129.3994,36.9375],[129.3894,36.9424],[129.3837,36.9387],[129.3794,36.9398],[129.3763,36.9428],[129.3718,36.9372],[129.3672,36.9349],[129.3644,36.9216],[129.363,36.9191],[129.354,36.9145],[129.3491,36.9109],[129.3445,36.9106],[129.3398,36.9083],[129.3292,36.8986],[129.3271,36.8943],[129.3268,36.8887],[129.3235,36.8876],[129.322,36.8769],[129.318,36.8738],[129.3132,36.8725],[129.3113,36.8635],[129.3073,36.8628],[129.3012,36.8567],[129.3005,36.854],[129.2941,36.8505],[129.2993,36.8436],[129.2987,36.8393],[129.302,36.8357],[129.3015,36.8299],[129.2949,36.8249],[129.2919,36.8211],[129.2892,36.8082],[129.2934,36.8055],[129.2937,36.8029],[129.3006,36.7936],[129.3067,36.7923],[129.3117,36.7863],[129.3135,36.7809],[129.3208,36.7846],[129.3283,36.7828],[129.3323,36.7834],[129.3389,36.786],[129.3466,36.8037],[129.3518,36.8068],[129.3586,36.8154],[129.3631,36.8169],[129.3632,36.8203],[129.3599,36.8256],[129.3583,36.8325],[129.3591,36.8348],[129.3667,36.8387],[129.3613,36.8436],[129.3638,36.8463],[129.3659,36.8532],[129.3727,36.8558],[129.3744,36.8636],[129.3916,36.865],[129.3976,36.8644],[129.4058,36.8652],[129.4093,36.864],[129.415,36.8659],[129.4159,36.8692],[129.4206,36.8708],[129.4213,36.8759],[129.4167,36.885],[129.4154,36.8901],[129.4192,36.894],[129.421,36.8984],[129.4164,36.9076],[129.4164,36.9101]]]},"properties":{"sigun":"울진군","emd":"매화면","code":"4793040000"}},
{"type":"Feature","geometry":{"type":"Polygon","coordinates":[[[130.8745,37.4534],[130.8756,37.4605],[130.8781,37.4652],[130.8839,37.4709],[130.8962,37.4756],[130.9022,37.4748],[130.9069,37.4765],[130.9115,37.4827],[130.9158,37.4821],[130.9213,37.4847],[130.9207,37.487],[130.9138,37.4871],[130.9143,37.4943],[130.9194,37.5135],[130.9176,37.5187],[130.9125,37.5207],[130.9091,37.5284],[130.9026,37.5257],[130.9038,37.5194],[130.8897,37.5187],[130.8847,37.5199],[130.8854,37.5132],[130.8796,37.5063],[130.8724,37.5047],[130.8676,37.4984],[130.8656,37.4956],[130.8648,37.4855],[130.8672,37.4831],[130.8667,37.4785],[130.8636,37.4722],[130.868,37.4691],[130.8667,37.4637],[130.8732,37.4563],[130.8745,37.4534]]]},"properties":{"sigun":"울릉군","emd":"울릉읍","code":"4794025000"}},
{"type":"Feature","geometry":{"type":"Polygon","coordinates":[[[130.802,37.5205],[130.8006,37.5249],[130.7961,37.5254],[130.7912,37.5192],[130.7958,37.5143],[130.8001,37.5076],[130.8049,37.5044],[130.8011,37.4909],[130.802,37.4853],[130.8079,37.4825],[130.8092,37.4775],[130.8134,37.4742],[130.8265,37.4726],[130.8311,37.4666],[130.8383,37.4656],[130.8416,37.463],[130.8504,37.4638],[130.8548,37.4603],[130.8629,37.4609],[130.8688,37.4589],[130.8745,37.4534],[130.8732,37.4563],[130.8667,37.4637],[130.868,37.4691],[130.8636,37.4722],[130.8667,37.4785],[130.8672,37.4831],[130.8648,37.4855],[130.8656,37.4956],[130.8676,37.4984],[130.8513,37.5004],[130.8492,37.5121],[130.8376,37.5162],[130.8189,37.517],[130.812,37.519],[130.802,37.5205]]]},"properties":{"sigun":"울릉군","emd":"서면","code":"4794031000"}},
{"type":"Feature","geometry":{"type":"Polygon","coordinates":[[[130.9091,37.5284],[130.9139,37.5356],[130.9132,37.5411],[130.9094,37.5482],[130.9044,37.5487],[130.899,37.5468],[130.8964,37.5423],[130.8917,37.5406],[130.8815,37.5436],[130.8759,37.5429],[130.8688,37.5371],[130.8608,37.5354],[130.8522,37.535],[130.8467,37.5362],[130.8319,37.5296],[130.8291,37.5276],[130.8241,37.5287],[130.8135,37.5232],[130.806,37.5223],[130.802,37.5205],[130.812,37.519],[130.8189,37.517],[130.8376,37.5162],[130.8492,37.5121],[130.8513,37.5004],[130.8676,37.4984],[130.8724,37.5047],[130.8796,37.5063],[130.8854,37.5132],[130.8847,37.5199],[130.8897,37.5187],[130.9038,37.5194],[130.9026,37.5257],[130.9091,37.5284]]]},"properties":{"sigun":"울릉군","emd":"북면","code":"4794032000"}},
{"type":"Feature","geometry":{"type":"Polygon","coordinates":[[[128.3795,36.1263],[128.3737,36.1247],[128.3706,36.1264],[128.366,36.1222],[128.3663,36.112],[128.3664,36.1109],[128.396,36.111],[128.3954,36.1164],[128.3913,36.1208],[128.3795,36.1263]]]},"properties":{"sigun":"구미시","emd":"비산동","code":"4719061000"}},
{"type":"Feature","geometry":{"type":"Polygon","coordinates":[[[128.3626,36.128],[128.3515,36.1257],[128.3376,36.1322],[128.3313,36.1352],[128.3228,36.1316],[128.337,36.1258],[128.3428,36.1234],[128.3586,36.1196],[128.3566,36.1223],[128.3579,36.1257],[128.3628,36.1275],[128.3626,36.128]]]},"properties":{"sigun":"구미시","emd":"원평동","code":"4719053500"}}
]}