{"type":"FeatureCollection", "features": [
{"type":"Feature","geometry":{"type":"Polygon","coordinates":[[[128.7452,35.8518],[128.735,35.8514],[128.725,35.8578],[128.7268,35.8448],[128.7326,35.8465],[128.7338,35.8428],[128.7338,35.8412],[128.7385,35.8395],[128.7379,35.8385],[128.7392,35.8382],[128.7415,35.8377],[128.7413,35.8301],[128.7414,35.8296],[128.7418,35.8298],[128.7421,35.8299],[128.7452,35.8319],[128.7493,35.8312],[128.7535,35.8295],[128.7539,35.8315],[128.7537,35.8315],[128.755,35.837],[128.7529,35.8419],[128.7519,35.8439],[128.7471,35.8462],[128.7463,35.8493],[128.7452,35.8518]]]},"properties":{"name":"임당초통학구역","office":"경상북도경산교육지원청"}},
{"type":"Feature","geometry":{"type":"Polygon","coordinates":[[[128.7392,35.8382],[128.7357,35.8345],[128.7317,35.8352],[128.7325,35.8329],[128.733,35.8315],[128.733,35.8313],[128.7315,35.8281],[128.7304,35.8254],[128.7247,35.8237],[128.728,35.8174],[128.733,35.8189],[128.7333,35.8179],[128.7373,35.8238],[128.7425,35.824],[128.7431,35.8186],[128.7426,35.824],[128.7418,35.8298],[128.7414,35.8296],[128.7413,35.8301],[128.7415,35.8377],[128.7392,35.8382]]]},"properties":{"name":"경산중앙초통학구역","office":"경상북도경산교육지원청"}},
{"type":"Feature","geometry":{"type":"Polygon","coordinates":[[[129.3097,35.7674],[129.308,35.7671],[129.3092,35.7682],[129.3047,35.7665],[129.299,35.7623],[129.2898,35.7612],[129.2815,35.7578],[129.2841,35.7498],[129.2758,35.7429],[129.2707,35.743],[129.268,35.7379],[129.2627,35.7381],[129.2638,35.7304],[129.2654,35.7256],[129.2657,35.7247],[129.2657,35.7257],[129.2792,35.7268],[129.2917,35.7321],[129.2918,35.7339],[129.2976,35.734],[129.2963,35.7351],[129.298,35.7356],[129.3041,35.7365],[129.306,35.7441],[129.3069,35.747],[129.3108,35.7528],[129.3114,35.752],[129.3119,35.7529],[129.3128,35.7545],[129.3128,35.763],[129.3097,35.7674]]]},"properties":{"name":"영지초통학구역","office":"경상북도경주교육지원청"}},
{"type":"Feature","geometry":{"type":"Polygon","coordinates":[[[129.2173,35.8408],[129.2153,35.8431],[129.2136,35.8405],[129.2097,35.8374],[129.2132,35.8283],[129.2178,35.8292],[129.2183,35.8292],[129.2206,35.829],[129.2228,35.831],[129.226,35.8301],[129.2282,35.8308],[129.2287,35.8311],[129.229,35.8323],[129.2291,35.8414],[129.2226,35.8416],[129.2183,35.8387],[129.2176,35.8409],[129.2177,35.84],[129.2173,35.8408]]]},"properties":{"name":"신라초월성초공동통학구역","office":"경상북도경주교육지원청"}},
{"type":"Feature","geometry":{"type":"Polygon","coordinates":[[[129.3183,36.0833],[129.3091,36.0848],[129.3052,36.0824],[129.2974,36.0845],[129.29,36.0842],[129.2824,36.0851],[129.2788,36.085],[129.2761,36.0829],[129.2751,36.0824],[129.2761,36.0808],[129.2768,36.0795],[129.2794,36.075],[129.2824,36.0734],[129.2814,36.0742],[129.2826,36.0737],[129.2864,36.0757],[129.299,36.0724],[129.3119,36.0744],[129.3247,36.07],[129.3258,36.0699],[129.3259,36.0699],[129.3259,36.0696],[129.3259,36.0692],[129.3335,36.075],[129.3346,36.077],[129.3351,36.078],[129.3351,36.0781],[129.3364,36.0781],[129.3371,36.0791],[129.3368,36.0804],[129.3386,36.0827],[129.3367,36.0826],[129.338,36.084],[129.3317,36.0825],[129.3266,36.0824],[129.3183,36.0833]]]},"properties":{"name":"학천초통학구역","office":"경상북도포항교육지원청"}},
{"type":"Feature","geometry":{"type":"Polygon","coordinates":[[[128.9768,36.8692],[128.9726,36.8773],[128.9691,36.879],[128.9683,36.879],[128.9676,36.8786],[128.9669,36.8727],[128.9665,36.8722],[128.9665,36.8718],[128.966,36.8714],[128.964,36.8699],[128.9636,36.8695],[128.9633,36.8695],[128.9562,36.8694],[128.948,36.8652],[128.9474,36.8649],[128.9482,36.8646],[128.952,36.8544],[128.9504,36.8485],[128.9534,36.8463],[128.9555,36.8404],[128.9634,36.8366],[128.9661,36.8305],[128.975,36.8215],[128.9922,36.8282],[128.9968,36.8322],[128.9978,36.8388],[129.005,36.8359],[129.0014,36.8409],[129.0034,36.8473],[128.9977,36.8632],[129.0021,36.8687],[128.9966,36.8696],[128.9911,36.8728],[128.9909,36.8712],[128.9835,36.8729],[128.9824,36.8736],[128.9786,36.8702],[128.9768,36.8692]]]},"properties":{"name":"재산초일월초일월초청기분교수비초공동통학구역","office":"경상북도봉화교육지원청"}},
{"type":"Feature","geometry":{"type":"Polygon","coordinates":[[[128.4005,35.991],[128.4004,35.9965],[128.4005,35.991],[128.4012,35.9869],[128.4039,35.9819],[128.4053,35.9833],[128.4132,35.9826],[128.416,35.9835],[128.4241,35.9874],[128.4238,35.9894],[128.4181,35.9892],[128.418,35.9911],[128.4191,35.9916],[128.417,35.9923],[128.4097,35.994],[128.4005,35.991]]]},"properties":{"name":"왜관동부초낙산초매원초신동초관호초공동(일방)통학구역","office":"경상북도칠곡교육지원청"}},
{"type":"Feature","geometry":{"type":"Polygon","coordinates":[[[128.3884,36.0685],[128.3873,36.0693],[128.3865,36.0702],[128.3825,36.0694],[128.3731,36.0647],[128.3717,36.0653],[128.3667,36.0637],[128.3612,36.0606],[128.3601,36.0568],[128.367,36.0526],[128.3758,36.0467],[128.3785,36.0474],[128.3867,36.0473],[128.3917,36.0478],[128.4,36.0457],[128.4031,36.047],[128.404,36.0477],[128.4052,36.0532],[128.3945,36.0595],[128.3909,36.0667],[128.3893,36.0675],[128.3897,36.0675],[128.3884,36.0685]]]},"properties":{"name":"북삼초숭산초공동통학구역","office":"경상북도칠곡교육지원청"}},
{"type":"Feature","geometry":{"type":"Polygon","coordinates":[[[128.7268,35.8448],[128.7317,35.8352],[128.7357,35.8345],[128.7392,35.8382],[128.7379,35.8385],[128.7385,35.8395],[128.7338,35.8412],[128.7338,35.8428],[128.7326,35.8465],[128.7268,35.8448]]]},"properties":{"name":"임당초정평초공동통학구역","office":"경상북도경산교육지원청"}},
{"type":"Feature","geometry":{"type":"Polygon","coordinates":[[[129.3995,36.0863],[129.399,36.0863],[129.3968,36.0863],[129.3967,36.0913],[129.3931,36.0914],[129.392,36.0865],[129.3969,36.0818],[129.3969,36.083],[129.3995,36.0863]]]},"properties":{"name":"양서초통학구역","office":"경상북도포항교육지원청"}},
{"type":"Feature","geometry":{"type":"Polygon","coordinates":[[[128.0648,36.6095],[128.0519,36.6096],[128.0454,36.6041],[128.0431,36.5976],[128.0506,36.5852],[128.0522,36.5847],[128.0547,36.584],[128.0573,36.5834],[128.0573,36.5833],[128.0579,36.5831],[128.0577,36.5843],[128.0614,36.5886],[128.0683,36.5927],[128.0721,36.5988],[128.0715,36.6053],[128.07,36.605],[128.0648,36.6095]]]},"properties":{"name":"가은초은척초무릉분교공동통학구역","office":"경상북도상주교육지원청"}},
{"type":"Feature","geometry":{"type":"Polygon","coordinates":[[[128.1811,36.6251],[128.1778,36.6269],[128.1776,36.6268],[128.1775,36.6269],[128.1734,36.6256],[128.1708,36.6234],[128.163,36.6277],[128.1618,36.6314],[128.1461,36.6391],[128.1262,36.6319],[128.1154,36.6342],[128.1121,36.6317],[128.1069,36.626],[128.1157,36.621],[128.1254,36.6192],[128.127,36.6157],[128.1453,36.6077],[128.1536,36.6091],[128.1592,36.6075],[128.1675,36.6106],[128.1741,36.6077],[128.1801,36.6131],[128.1774,36.6204],[128.1816,36.623],[128.1821,36.6238],[128.1811,36.6251]]]},"properties":{"name":"점촌북초통학구역","office":"경상북도문경교육지원청"}},
{"type":"Feature","geometry":{"type":"Polygon","coordinates":[[[128.0808,36.1321],[128.077,36.1339],[128.0768,36.1339],[128.0767,36.1338],[128.0753,36.1324],[128.0747,36.1322],[128.0687,36.1305],[128.0683,36.1304],[128.0673,36.1293],[128.0651,36.1276],[128.0645,36.126],[128.0585,36.1203],[128.0549,36.113],[128.059,36.1051],[128.0645,36.1012],[128.0646,36.0959],[128.0753,36.0964],[128.087,36.102],[128.0945,36.1058],[128.0946,36.1059],[128.0945,36.1061],[128.0941,36.1065],[128.0936,36.1075],[128.0923,36.1079],[128.0901,36.1096],[128.0895,36.1102],[128.0951,36.1162],[128.0951,36.1163],[128.0899,36.1188],[128.0886,36.1201],[128.0884,36.1205],[128.089,36.1246],[128.0902,36.1256],[128.0897,36.1255],[128.0852,36.1241],[128.0899,36.1267],[128.0902,36.1269],[128.0903,36.1272],[128.092,36.1282],[128.0912,36.1282],[128.092,36.1284],[128.0905,36.1283],[128.0898,36.1281],[128.0896,36.1283],[128.086,36.1314],[128.0808,36.1321]]]},"properties":{"name":"김천다수초통학구역","office":"경상북도김천교육지원청"}},
{"type":"Feature","geometry":{"type":"Polygon","coordinates":[[[128.1922,36.1977],[128.1829,36.1971],[128.1733,36.1877],[128.1772,36.1846],[128.1776,36.182],[128.1779,36.181],[128.1797,36.1763],[128.1729,36.1644],[128.1668,36.1614],[128.1716,36.1539],[128.1731,36.1497],[128.1755,36.1481],[128.1757,36.1479],[128.1794,36.1521],[128.1866,36.1577],[128.1928,36.1625],[128.2061,36.1651],[128.2071,36.1656],[128.2096,36.1667],[128.2123,36.168],[128.2133,36.1692],[128.2138,36.1697],[128.2143,36.1704],[128.2208,36.1824],[128.2275,36.1874],[128.2328,36.1905],[128.2273,36.1877],[128.2188,36.1971],[128.2134,36.193],[128.2001,36.1924],[128.1949,36.1964],[128.1922,36.1977]]]},"properties":{"name":"개령초통학구역","office":"경상북도김천교육지원청"}},
{"type":"Feature","geometry":{"type":"Polygon","coordinates":[[[128.3799,35.799],[128.3746,35.7993],[128.3687,35.7982],[128.3687,35.7984],[128.3687,35.7982],[128.3678,35.7947],[128.3675,35.7945],[128.3674,35.7941],[128.3662,35.7939],[128.3645,35.7936],[128.3643,35.7936],[128.3574,35.7966],[128.3503,35.7991],[128.3425,35.7966],[128.3381,35.7971],[128.3377,35.7976],[128.3299,35.7907],[128.329,35.7797],[128.3349,35.7723],[128.3418,35.773],[128.3467,35.7708],[128.3514,35.773],[128.3575,35.7696],[128.3586,35.7664],[128.3608,35.7642],[128.3648,35.7603],[128.3702,35.7571],[128.3708,35.7549],[128.3817,35.7542],[128.3851,35.7565],[128.3835,35.7601],[128.3909,35.7717],[128.3976,35.7786],[128.4066,35.7968],[128.3995,35.7908],[128.3866,35.7946],[128.3799,35.799]]]},"properties":{"name":"박곡초통학구역","office":"경상북도고령교육지원청"}},
{"type":"Feature","geometry":{"type":"Polygon","coordinates":[[[129.3844,36.03],[129.3803,36.0344],[129.3741,36.0496],[129.3712,36.0337],[129.377,36.0334],[129.3837,36.0292],[129.3842,36.0295],[129.3839,36.0291],[129.3846,36.0298],[129.3844,36.03]]]},"properties":{"name":"포항송도초통학구역","office":"경상북도포항교육지원청"}},
{"type":"Feature","geometry":{"type":"Polygon","coordinates":[[[128.1182,36.1291],[128.1157,36.1295],[128.1112,36.1321],[128.1111,36.1321],[128.1099,36.1308],[128.1098,36.1307],[128.1098,36.1283],[128.1138,36.125],[128.1131,36.123],[128.1146,36.122],[128.1126,36.1218],[128.1106,36.1194],[128.1084,36.116],[128.1107,36.1148],[128.1184,36.1178],[128.1194,36.1207],[128.1226,36.1222],[128.124,36.1229],[128.1227,36.1239],[128.1203,36.1297],[128.1182,36.1291]]]},"properties":{"name":"김천중앙초통학구역","office":"경상북도김천교육지원청"}},
{"type":"Feature","geometry":{"type":"Polygon","coordinates":[[[129.3924,35.9753],[129.3923,35.9753],[129.3976,35.9756],[129.3999,35.9757],[129.4096,35.9762],[129.4057,35.9832],[129.4056,35.9833],[129.4046,35.9838],[129.4044,35.984],[129.4039,35.9851],[129.4046,35.9858],[129.4047,35.9869],[129.4081,35.9876],[129.4011,35.9905],[129.3941,35.9936],[129.3966,35.9832],[129.395,35.9777],[129.3924,35.9753]]]},"properties":{"name":"인덕초통학구역","office":"경상북도포항교육지원청"}},
{"type":"Feature","geometry":{"type":"Polygon","coordinates":[[[129.3642,36.9844],[129.3505,36.9838],[129.3277,36.9751],[129.326,36.9675],[129.3301,36.964],[129.3246,36.9578],[129.3196,36.9529],[129.3155,36.95],[129.3076,36.9497],[129.3059,36.9476],[129.3054,36.949],[129.3041,36.9456],[129.3067,36.9449],[129.3111,36.9437],[129.3069,36.9378],[129.3013,36.9348],[129.2995,36.9305],[129.3077,36.9254],[129.3088,36.9203],[129.3143,36.9166],[129.3166,36.9111],[129.3227,36.9069],[129.3261,36.8991],[129.3289,36.8987],[129.3286,36.8989],[129.329,36.8989],[129.344,36.9105],[129.3496,36.9108],[129.3531,36.9144],[129.363,36.9195],[129.3663,36.9261],[129.3658,36.9328],[129.372,36.9372],[129.3836,36.9385],[129.3894,36.9422],[129.4013,36.9357],[129.3996,36.9325],[129.4013,36.9212],[129.4062,36.9166],[129.4164,36.912],[129.4156,36.9169],[129.4187,36.9236],[129.417,36.931],[129.4209,36.9385],[129.418,36.9477],[129.4192,36.9508],[129.4136,36.9685],[129.408,36.9779],[129.402,36.9789],[129.393,36.9741],[129.3882,36.9746],[129.3824,36.9736],[129.3816,36.9728],[129.3808,36.974],[129.3773,36.9781],[129.369,36.9774],[129.3642,36.9844]]]},"properties":{"name":"노음초통학구역","office":"경상북도울진교육지원청"}},
{"type":"Feature","geometry":{"type":"Polygon","coordinates":[[[129.3888,36.6645],[129.3835,36.6688],[129.3615,36.6604],[129.3543,36.651],[129.3543,36.6401],[129.3574,36.6347],[129.3515,36.6294],[129.3501,36.6262],[129.3515,36.6215],[129.3538,36.62],[129.3612,36.6157],[129.3648,36.6114],[129.3779,36.6102],[129.3821,36.6025],[129.392,36.5962],[129.3961,36.5875],[129.4014,36.5858],[129.4114,36.5859],[129.4094,36.5953],[129.4156,36.6033],[129.4124,36.6149],[129.412,36.6225],[129.4167,36.6303],[129.4166,36.6353],[129.42,36.6445],[129.4162,36.6523],[129.4109,36.653],[129.4068,36.6592],[129.3959,36.6629],[129.3968,36.6645],[129.3953,36.6651],[129.3924,36.6663],[129.3888,36.6645]]]},"properties":{"name":"병곡초통학구역","office":"경상북도영덕교육지원청"}},
{"type":"Feature","geometry":{"type":"Polygon","coordinates":[[[128.1174,36.5479],[128.113,36.5495],[128.1037,36.5468],[128.097,36.5432],[128.0953,36.5367],[128.0911,36.5349],[128.0915,36.5348],[128.0928,36.5344],[128.0917,36.5334],[128.0988,36.5288],[128.1046,36.5215],[128.1013,36.5171],[128.0934,36.5129],[128.094,36.5096],[128.0942,36.5072],[128.0942,36.5096],[128.1029,36.5074],[128.108,36.5036],[128.1105,36.4866],[128.1115,36.4825],[128.1245,36.4816],[128.1271,36.4788],[128.1415,36.4882],[128.1448,36.4848],[128.1466,36.4875],[128.1483,36.4888],[128.1498,36.4896],[128.1523,36.4904],[128.1546,36.4888],[128.1575,36.49],[128.1556,36.495],[128.1559,36.4995],[128.1672,36.5115],[128.1744,36.5123],[128.1783,36.5115],[128.1843,36.5179],[128.1828,36.5217],[128.1733,36.527],[128.1639,36.5232],[128.1565,36.5315],[128.1484,36.536],[128.1404,36.5368],[128.1331,36.5432],[128.1226,36.5418],[128.1174,36.5479]]]},"properties":{"name":"공검초통학구역","office":"경상북도상주교육지원청"}},
{"type":"Feature","geometry":{"type":"Polygon","coordinates":[[[128.8164,36.0923],[128.8106,36.089],[128.7985,36.0853],[128.789,36.0859],[128.7874,36.0896],[128.7765,36.0957],[128.7694,36.0969],[128.7645,36.1007],[128.7537,36.0908],[128.7516,36.103],[128.745,36.1093],[128.7437,36.102],[128.7358,36.0991],[128.7336,36.0943],[128.7265,36.0932],[128.7294,36.081],[128.7237,36.0735],[128.714,36.0755],[128.7115,36.0678],[128.7029,36.0555],[128.7041,36.0444],[128.6964,36.0351],[128.6998,36.0287],[128.6942,36.0182],[128.7014,36.0109],[128.7209,36.007],[128.7315,35.9976],[128.7403,35.9998],[128.7486,36.0064],[128.764,36.0078],[128.7755,36.0132],[128.7797,36.0101],[128.7872,36.0128],[128.793,36.0113],[128.7979,36.0144],[128.7975,36.0207],[128.8075,36.0206],[128.8081,36.0209],[128.8086,36.0209],[128.8087,36.0206],[128.8098,36.0215],[128.8132,36.0229],[128.8159,36.0285],[128.8147,36.0385],[128.8213,36.0443],[128.8162,36.0476],[128.8169,36.0549],[128.8216,36.0599],[128.824,36.0673],[128.8201,36.078],[128.8213,36.0861],[128.8212,36.0864],[128.8194,36.0901],[128.8164,36.0923]]]},"properties":{"name":"신녕초통학구역","office":"경상북도영천교육지원청"}},
{"type":"Feature","geometry":{"type":"Polygon","coordinates":[[[129.3512,37.0814],[129.3471,37.081],[129.3431,37.0752],[129.3407,37.0735],[129.337,37.0778],[129.3271,37.0745],[129.3237,37.0673],[129.3133,37.0639],[129.3103,37.0641],[129.3101,37.0641],[129.3087,37.0651],[129.3079,37.0637],[129.3143,37.0584],[129.3293,37.0483],[129.3326,37.0398],[129.3367,37.0385],[129.3401,37.0346],[129.3476,37.0332],[129.3587,37.0277],[129.3634,37.0265],[129.3711,37.0311],[129.3774,37.0248],[129.3862,37.0325],[129.3901,37.0332],[129.4,37.0301],[129.409,37.0334],[129.4157,37.0329],[129.4124,37.0445],[129.4149,37.0536],[129.4244,37.0581],[129.427,37.0637],[129.4034,37.0778],[129.3993,37.0735],[129.3932,37.0722],[129.3904,37.0637],[129.3815,37.0685],[129.3753,37.0691],[129.3717,37.0647],[129.3665,37.0644],[129.361,37.0658],[129.3526,37.07],[129.3512,37.0814]]]},"properties":{"name":"죽변초통학구역","office":"경상북도울진교육지원청"}},
{"type":"Feature","geometry":{"type":"Polygon","coordinates":[[[129.3993,37.0735],[129.4015,37.0788],[129.3835,37.0971],[129.3755,37.1021],[129.3743,37.1119],[129.3794,37.1188],[129.3747,37.1206],[129.3705,37.1265],[129.3714,37.1352],[129.3639,37.146],[129.34,37.1453],[129.3325,37.1405],[129.3248,37.1423],[129.3181,37.133],[129.3118,37.1322],[129.3089,37.1279],[129.3039,37.1282],[129.2952,37.1203],[129.2946,37.1144],[129.282,37.1161],[129.2767,37.1186],[129.2716,37.1167],[129.2689,37.1063],[129.266,37.1023],[129.2591,37.101],[129.249,37.0962],[129.2405,37.085],[129.2309,37.0766],[129.2254,37.0737],[129.2331,37.0639],[129.2295,37.0547],[129.2351,37.0543],[129.2495,37.0634],[129.2545,37.0666],[129.2624,37.0721],[129.2738,37.0722],[129.279,37.0688],[129.2855,37.0725],[129.2894,37.0697],[129.2975,37.0742],[129.3051,37.0701],[129.3095,37.0665],[129.3086,37.0651],[129.3087,37.0651],[129.3101,37.0641],[129.3103,37.0641],[129.3133,37.0639],[129.3237,37.0673],[129.3271,37.0745],[129.337,37.0778],[129.3407,37.0735],[129.3431,37.0752],[129.3471,37.081],[129.3512,37.0814],[129.3526,37.07],[129.361,37.0658],[129.3665,37.0644],[129.3717,37.0647],[129.3753,37.0691],[129.3815,37.0685],[129.3904,37.0637],[129.3932,37.0722],[129.3993,37.0735]]]},"properties":{"name":"부구초통학구역","office":"경상북도울진교육지원청"}},
{"type":"Feature","geometry":{"type":"Polygon","coordinates":[[[129.3289,36.8987],[129.3294,36.8983],[129.3275,36.8904],[129.3234,36.8875],[129.322,36.8767],[129.3137,36.8729],[129.3111,36.8632],[129.3005,36.8578],[129.2975,36.8525],[129.2941,36.8486],[129.2993,36.8437],[129.2983,36.8393],[129.3008,36.8373],[129.3009,36.8371],[129.3012,36.8363],[129.3015,36.8356],[129.3011,36.8319],[129.3009,36.83],[129.3009,36.8297],[129.2967,36.8264],[129.2953,36.8261],[129.2942,36.8265],[129.2908,36.8212],[129.2876,36.8086],[129.2924,36.8057],[129.3001,36.7939],[129.3061,36.7928],[129.3121,36.7861],[129.3141,36.7808],[129.3208,36.7844],[129.3285,36.7826],[129.3355,36.7846],[129.3391,36.7864],[129.3409,36.7896],[129.3442,36.7927],[129.3472,36.8049],[129.3519,36.8067],[129.3634,36.8206],[129.3583,36.8325],[129.3662,36.8387],[129.3639,36.8422],[129.3644,36.8516],[129.3739,36.8562],[129.3743,36.8636],[129.3797,36.8651],[129.383,36.8635],[129.3933,36.8658],[129.4104,36.864],[129.4202,36.8711],[129.4206,36.8765],[129.4155,36.8872],[129.4148,36.8904],[129.4203,36.8978],[129.4155,36.9083],[129.4164,36.912],[129.4062,36.9166],[129.4013,36.9212],[129.3996,36.9325],[129.4013,36.9357],[129.3894,36.9422],[129.3836,36.9385],[129.372,36.9372],[129.3658,36.9328],[129.3663,36.9261],[129.363,36.9195],[129.3531,36.9144],[129.3496,36.9108],[129.344,36.9105],[129.329,36.8989],[129.3286,36.8989],[129.3289,36.8987]]]},"properties":{"name":"매화초통학구역","office":"경상북도울진교육지원청"}},
{"type":"Feature","geometry":{"type":"Polygon","coordinates":[[[129.3535,36.0379],[129.349,36.0398],[129.341,36.0459],[129.3372,36.0493],[129.3372,36.0502],[129.3368,36.0496],[129.3359,36.0482],[129.3348,36.0466],[129.3322,36.0442],[129.3353,36.0462],[129.34,36.043],[129.3437,36.0354],[129.3498,36.0337],[129.3518,36.0333],[129.3526,36.0318],[129.3564,36.031],[129.3592,36.0363],[129.3589,36.037],[129.3535,36.0379]]]},"properties":{"name":"용흥초통학구역","office":"경상북도포항교육지원청"}},
{"type":"Feature","geometry":{"type":"Polygon","coordinates":[[[129.3887,36.0665],[129.3886,36.0677],[129.3868,36.0687],[129.3851,36.0696],[129.384,36.0682],[129.3838,36.0688],[129.3774,36.0683],[129.3774,36.0682],[129.3773,36.065],[129.3765,36.0636],[129.3762,36.0634],[129.3753,36.0622],[129.3709,36.0626],[129.3758,36.0599],[129.3787,36.0578],[129.3853,36.0645],[129.3854,36.0646],[129.3954,36.0633],[129.3887,36.0665]]]},"properties":{"name":"포항동부초통학구역","office":"경상북도포항교육지원청"}},
{"type":"Feature","geometry":{"type":"Polygon","coordinates":[[[128.3758,35.9417],[128.3687,35.942],[128.3649,35.9365],[128.374,35.9308],[128.3753,35.9215],[128.3676,35.9152],[128.3659,35.9087],[128.3676,35.9013],[128.3611,35.8974],[128.3582,35.8843],[128.3585,35.8785],[128.3611,35.8784],[128.3662,35.8745],[128.3718,35.8697],[128.3746,35.8634],[128.3804,35.86],[128.3765,35.8561],[128.3793,35.852],[128.3835,35.8534],[128.3842,35.8657],[128.399,35.8956],[128.3969,35.9071],[128.3991,35.9266],[128.3958,35.9416],[128.3873,35.9389],[128.3797,35.9386],[128.3758,35.9417]]]},"properties":{"name":"도원초통학구역","office":"경상북도성주교육지원청"}},
{"type":"Feature","geometry":{"type":"Polygon","coordinates":[[[129.3683,36.2675],[129.3757,36.2682],[129.3806,36.2753],[129.3751,36.2833],[129.3795,36.2989],[129.3766,36.3063],[129.3791,36.3088],[129.3788,36.3184],[129.3804,36.3263],[129.3783,36.3272],[129.3616,36.3219],[129.3536,36.3247],[129.3487,36.3316],[129.3302,36.337],[129.3187,36.3371],[129.315,36.3459],[129.3079,36.3471],[129.3007,36.3389],[129.2925,36.3352],[129.2849,36.3333],[129.2905,36.328],[129.2977,36.3239],[129.2978,36.3091],[129.292,36.3062],[129.2919,36.302],[129.285,36.2965],[129.2865,36.2864],[129.2911,36.2795],[129.2934,36.2765],[129.3002,36.2737],[129.3041,36.2679],[129.3157,36.2718],[129.3229,36.2693],[129.3392,36.2666],[129.3429,36.27],[129.3463,36.2702],[129.3526,36.2723],[129.3588,36.2717],[129.3683,36.2675]]]},"properties":{"name":"남정초통학구역","office":"경상북도영덕교육지원청"}},
{"type":"Feature","geometry":{"type":"Polygon","coordinates":[[[129.2314,36.5775],[129.2269,36.5785],[129.2233,36.574],[129.2126,36.5709],[129.2033,36.5866],[129.1974,36.5987],[129.1908,36.5995],[129.1955,36.6101],[129.193,36.6136],[129.1842,36.6154],[129.1812,36.6194],[129.1733,36.6191],[129.1628,36.6152],[129.1614,36.6196],[129.1544,36.6246],[129.1422,36.6254],[129.1385,36.6219],[129.1389,36.6214],[129.1384,36.6217],[129.1395,36.6207],[129.1398,36.6174],[129.134,36.6114],[129.1309,36.6041],[129.1214,36.5968],[129.1112,36.582],[129.111,36.5727],[129.1006,36.5677],[129.0994,36.5599],[129.0931,36.5556],[129.0929,36.5555],[129.0956,36.5528],[129.0993,36.55],[129.109,36.5481],[129.107,36.5455],[129.1059,36.544],[129.1076,36.5444],[129.111,36.5405],[129.1181,36.5391],[129.1284,36.5339],[129.1311,36.5265],[129.1268,36.5219],[129.1318,36.5175],[129.1275,36.5128],[129.131,36.508],[129.1326,36.5009],[129.1392,36.4999],[129.1466,36.5013],[129.1521,36.5009],[129.1587,36.5021],[129.1741,36.5078],[129.1819,36.5075],[129.1885,36.4997],[129.1911,36.5032],[129.1972,36.5012],[129.2051,36.5026],[129.2137,36.5004],[129.2181,36.4954],[129.2233,36.4998],[129.2264,36.5101],[129.2323,36.5118],[129.2438,36.5085],[129.248,36.5103],[129.2431,36.5198],[129.2394,36.521],[129.2391,36.5278],[129.2368,36.5304],[129.2364,36.5313],[129.2359,36.5332],[129.2373,36.5378],[129.2421,36.5447],[129.2411,36.5582],[129.2425,36.5598],[129.2427,36.5601],[129.2471,36.56],[129.2431,36.5667],[129.2367,36.5675],[129.2328,36.5761],[129.2319,36.5776],[129.232,36.5769],[129.2314,36.5775]]]},"properties":{"name":"석보초통학구역","office":"경상북도영양교육지원청"}},
{"type":"Feature","geometry":{"type":"Polygon","coordinates":[[[129.4086,36.1246],[129.3986,36.1325],[129.3947,36.1407],[129.3989,36.1524],[129.3972,36.1568],[129.3994,36.1642],[129.3978,36.1683],[129.3846,36.1648],[129.3875,36.1565],[129.3811,36.1511],[129.3821,36.1476],[129.3747,36.1442],[129.3716,36.1468],[129.3619,36.1476],[129.3569,36.1511],[129.3502,36.1508],[129.3431,36.1551],[129.3353,36.1574],[129.3286,36.1558],[129.3155,36.1552],[129.3082,36.1589],[129.304,36.1572],[129.2917,36.1615],[129.2911,36.1627],[129.2897,36.1625],[129.2881,36.1584],[129.2854,36.1554],[129.288,36.1461],[129.2975,36.143],[129.3023,36.141],[129.3042,36.1407],[129.3129,36.1301],[129.3129,36.1243],[129.3219,36.1211],[129.3208,36.1176],[129.3296,36.118],[129.3339,36.1184],[129.3361,36.1185],[129.3366,36.1187],[129.3462,36.1221],[129.3482,36.1189],[129.3589,36.1186],[129.3624,36.1203],[129.3678,36.1152],[129.3718,36.1141],[129.3714,36.1166],[129.3813,36.1194],[129.3879,36.1243],[129.3956,36.1185],[129.4035,36.1177],[129.4086,36.1246]]]},"properties":{"name":"곡강초통학구역","office":"경상북도포항교육지원청"}},
{"type":"Feature","geometry":{"type":"Polygon","coordinates":[[[128.0573,36.5833],[128.058,36.5819],[128.0647,36.5634],[128.0664,36.5616],[128.0668,36.5612],[128.0669,36.5611],[128.0676,36.561],[128.0688,36.5583],[128.0748,36.5587],[128.0756,36.5587],[128.0748,36.559],[128.0757,36.5644],[128.0755,36.566],[128.0812,36.5693],[128.0895,36.5694],[128.0942,36.5674],[128.0943,36.5686],[128.0953,36.5727],[128.1048,36.5801],[128.1072,36.5855],[128.103,36.5897],[128.0983,36.5939],[128.103,36.5993],[128.099,36.6041],[128.1016,36.6087],[128.0921,36.6084],[128.0837,36.6094],[128.0788,36.6074],[128.0715,36.6053],[128.0721,36.5988],[128.0683,36.5927],[128.0614,36.5886],[128.0577,36.5843],[128.0579,36.5831],[128.0573,36.5833]]]},"properties":{"name":"은척초무릉분교장통학구역","office":"경상북도상주교육지원청"}},
{"type":"Feature","geometry":{"type":"Polygon","coordinates":[[[129.107,36.5455],[129.0999,36.5428],[129.0816,36.5443],[129.077,36.5423],[129.0678,36.5425],[129.0592,36.5549],[129.0513,36.5574],[129.0501,36.5657],[129.0424,36.5803],[129.032,36.588],[129.0248,36.5896],[129.0191,36.5889],[129.0151,36.5886],[129.0142,36.589],[129.0128,36.5887],[129.0057,36.5921],[128.9998,36.594],[128.9996,36.5945],[128.9997,36.594],[129.0007,36.5892],[129.0007,36.5888],[129.0007,36.5886],[129.0004,36.5883],[128.9996,36.5872],[128.9966,36.5833],[128.9907,36.5768],[128.9844,36.5734],[128.984,36.5611],[128.9881,36.5574],[128.9919,36.5487],[128.9857,36.5481],[128.9748,36.5441],[128.9731,36.5302],[128.982,36.5249],[128.9847,36.5155],[128.9929,36.518],[128.9951,36.5106],[128.997,36.5074],[128.9955,36.5052],[128.9939,36.5034],[128.9957,36.5051],[129.0001,36.5063],[129.0042,36.5015],[129.0154,36.5033],[129.014,36.5098],[129.0235,36.5097],[129.0348,36.5049],[129.0493,36.5068],[129.0515,36.5149],[129.0594,36.5109],[129.0668,36.5143],[129.0657,36.508],[129.0697,36.503],[129.0667,36.494],[129.0682,36.4862],[129.0622,36.4811],[129.0622,36.477],[129.0552,36.4765],[129.0484,36.4688],[129.0555,36.4609],[129.0591,36.4553],[129.0601,36.4564],[129.0607,36.4571],[129.0638,36.4603],[129.0678,36.4651],[129.0689,36.4665],[129.0787,36.4666],[129.0881,36.46],[129.0924,36.4639],[129.1049,36.4627],[129.11,36.4579],[129.1344,36.4551],[129.1395,36.4516],[129.1563,36.4501],[129.161,36.4538],[129.1621,36.4579],[129.152,36.4682],[129.1477,36.4776],[129.1539,36.4927],[129.1521,36.5002],[129.1501,36.5006],[129.1521,36.5009],[129.1466,36.5013],[129.1392,36.4999],[129.1326,36.5009],[129.131,36.508],[129.1275,36.5128],[129.1318,36.5175],[129.1268,36.5219],[129.1311,36.5265],[129.1284,36.5339],[129.1181,36.5391],[129.111,36.5405],[129.1076,36.5444],[129.1059,36.544],[129.107,36.5455]]]},"properties":{"name":"진보초통학구역","office":"경상북도청송교육지원청"}},
{"type":"Feature","geometry":{"type":"Polygon","coordinates":[[[129.3577,36.016],[129.356,36.0159],[129.3569,36.0168],[129.3544,36.0157],[129.353,36.0165],[129.3481,36.0102],[129.3543,36.009],[129.3565,36.0086],[129.3599,36.0094],[129.3577,36.016]]]},"properties":{"name":"신흥초통학구역","office":"경상북도포항교육지원청"}},
{"type":"Feature","geometry":{"type":"Polygon","coordinates":[[[129.5249,35.8889],[129.5191,35.8901],[129.5132,35.8838],[129.5092,35.8786],[129.5034,35.8714],[129.4976,35.8683],[129.4959,35.8615],[129.4858,35.8567],[129.4804,35.8544],[129.48,35.8535],[129.4797,35.8527],[129.4803,35.8531],[129.4875,35.8455],[129.4988,35.8403],[129.5078,35.8383],[129.5177,35.8419],[129.5198,35.8514],[129.5252,35.8534],[129.5261,35.8627],[129.5332,35.8679],[129.5317,35.8714],[129.5248,35.8708],[129.5191,35.8728],[129.5204,35.8818],[129.5273,35.8813],[129.5249,35.8889]]]},"properties":{"name":"양포초통학구역","office":"경상북도포항교육지원청"}},
{"type":"Feature","geometry":{"type":"Polygon","coordinates":[[[128.706,36.6041],[128.7047,36.6044],[128.6981,36.6044],[128.6932,36.6],[128.6886,36.5963],[128.6872,36.5983],[128.6841,36.5984],[128.6718,36.5985],[128.6631,36.5992],[128.6622,36.5993],[128.6614,36.6003],[128.6591,36.5998],[128.6589,36.5992],[128.6598,36.5965],[128.6573,36.5916],[128.651,36.5896],[128.6567,36.5849],[128.666,36.5824],[128.6731,36.577],[128.6712,36.5692],[128.6719,36.5621],[128.673,36.5643],[128.6806,36.5654],[128.6859,36.5619],[128.6863,36.5682],[128.6861,36.5716],[128.686,36.5731],[128.6937,36.5732],[128.6988,36.5681],[128.7013,36.5681],[128.7017,36.5681],[128.7033,36.5694],[128.705,36.5705],[128.7059,36.5715],[128.7048,36.5707],[128.7087,36.5752],[128.7111,36.5794],[128.7103,36.5831],[128.7099,36.5868],[128.7137,36.5938],[128.706,36.6041]]]},"properties":{"name":"안동송현초서선초북후초서후초공동(일방)통학구역","office":"경상북도안동교육지원청"}},
{"type":"Feature","geometry":{"type":"Polygon","coordinates":[[[128.5247,36.5786],[128.5178,36.585],[128.5165,36.5841],[128.5028,36.5832],[128.5009,36.5828],[128.4992,36.5846],[128.4989,36.5849],[128.4991,36.5845],[128.4868,36.5806],[128.4861,36.5783],[128.4925,36.5725],[128.4927,36.5696],[128.4854,36.5686],[128.4633,36.5593],[128.4564,36.5596],[128.4551,36.5638],[128.453,36.5673],[128.4411,36.5663],[128.4402,36.5658],[128.4404,36.567],[128.4351,36.5628],[128.4423,36.5563],[128.4468,36.5561],[128.4464,36.5488],[128.4542,36.5494],[128.4528,36.5416],[128.4533,36.5365],[128.4534,36.5352],[128.4534,36.5365],[128.4569,36.5382],[128.4779,36.5419],[128.4907,36.5455],[128.5041,36.5508],[128.5089,36.5501],[128.5162,36.5494],[128.5181,36.5487],[128.523,36.5465],[128.5232,36.5461],[128.5234,36.5454],[128.5225,36.5436],[128.513,36.5385],[128.5139,36.5367],[128.5141,36.5366],[128.5153,36.5358],[128.5162,36.5352],[128.5165,36.5351],[128.524,36.5329],[128.5265,36.5326],[128.5268,36.5327],[128.5267,36.5329],[128.5367,36.5354],[128.5373,36.5355],[128.5378,36.5355],[128.5489,36.5369],[128.5546,36.5393],[128.5575,36.5408],[128.5586,36.5425],[128.5583,36.5462],[128.5583,36.5464],[128.5518,36.5551],[128.5447,36.5555],[128.5407,36.5696],[128.5334,36.5796],[128.5297,36.5793],[128.5297,36.5795],[128.5272,36.5795],[128.5247,36.5786]]]},"properties":{"name":"풍천풍서초신성초풍북초공동(일방)통학구역","office":"경상북도안동교육지원청"}},
{"type":"Feature","geometry":{"type":"Polygon","coordinates":[[[128.3241,36.0907],[128.3169,36.0899],[128.311,36.0897],[128.3052,36.0879],[128.3039,36.0875],[128.3049,36.0864],[128.3079,36.0831],[128.3165,36.0807],[128.3198,36.077],[128.3207,36.076],[128.3203,36.0754],[128.3176,36.0712],[128.3163,36.0616],[128.3163,36.0576],[128.3217,36.0574],[128.3246,36.0567],[128.3251,36.0566],[128.3282,36.0615],[128.3392,36.068],[128.343,36.0695],[128.3469,36.072],[128.3442,36.0765],[128.3451,36.077],[128.345,36.0772],[128.3429,36.0801],[128.3403,36.0817],[128.3358,36.0825],[128.3328,36.0879],[128.3312,36.0904],[128.3312,36.0903],[128.3306,36.0914],[128.3241,36.0907]]]},"properties":{"name":"인평초숭산초공동(일방)통학구역","office":"경상북도칠곡교육지원청"}},
{"type":"Feature","geometry":{"type":"Polygon","coordinates":[[[128.418,35.9911],[128.4191,35.9915],[128.4239,35.9927],[128.4307,36.0175],[128.4309,36.0202],[128.431,36.0213],[128.4301,36.0206],[128.4207,36.0208],[128.4127,36.0142],[128.4052,36.0213],[128.3999,36.0232],[128.3994,36.0221],[128.3992,36.0215],[128.399,36.0168],[128.3956,36.0066],[128.395,36.0041],[128.3942,36],[128.3942,35.9999],[128.3971,35.9996],[128.4004,35.9965],[128.4005,35.991],[128.4097,35.994],[128.417,35.9923],[128.4191,35.9916],[128.418,35.9911]]]},"properties":{"name":"왜관중앙초낙산초관호초공동(일방)통학구역","office":"경상북도칠곡교육지원청"}},
{"type":"Feature","geometry":{"type":"Polygon","coordinates":[[[128.3897,36.0675],[128.3961,36.068],[128.3991,36.0729],[128.3992,36.0731],[128.3993,36.0731],[128.4009,36.0726],[128.4076,36.0709],[128.4144,36.0716],[128.4136,36.0722],[128.4144,36.0724],[128.4121,36.0735],[128.3974,36.0805],[128.3899,36.0792],[128.39,36.0801],[128.3823,36.0745],[128.3845,36.0729],[128.3866,36.0703],[128.3874,36.0694],[128.3884,36.0685],[128.3897,36.0675]]]},"properties":{"name":"대교초낙산초공동(일방)통학구역","office":"경상북도칠곡교육지원청"}},
{"type":"Feature","geometry":{"type":"Polygon","coordinates":[[[128.3612,36.0606],[128.3584,36.0659],[128.3574,36.0666],[128.3522,36.0671],[128.3518,36.0671],[128.3453,36.0641],[128.3469,36.072],[128.343,36.0695],[128.3392,36.068],[128.3282,36.0615],[128.3251,36.0566],[128.3254,36.0565],[128.326,36.0563],[128.3367,36.0506],[128.3237,36.0423],[128.3185,36.0296],[128.3275,36.0314],[128.3318,36.0376],[128.3445,36.0495],[128.354,36.0529],[128.3588,36.0569],[128.3601,36.0568],[128.3612,36.0606]]]},"properties":{"name":"북삼초숭산초공동(일방)통학구역","office":"경상북도칠곡교육지원청"}},
{"type":"Feature","geometry":{"type":"Polygon","coordinates":[[[128.1925,36.5832],[128.1919,36.5866],[128.191,36.5879],[128.1912,36.5873],[128.1907,36.5878],[128.1881,36.5857],[128.1807,36.5842],[128.1794,36.5832],[128.1831,36.5812],[128.1925,36.5832]]]},"properties":{"name":"모전초점촌초공동통학구역","office":"경상북도문경교육지원청"}},
{"type":"Feature","geometry":{"type":"Polygon","coordinates":[[[128.1157,36.621],[128.1124,36.6189],[128.1123,36.6109],[128.1053,36.6066],[128.1016,36.6087],[128.099,36.6041],[128.103,36.5993],[128.0983,36.5939],[128.103,36.5897],[128.1072,36.5855],[128.1048,36.5801],[128.0953,36.5727],[128.0943,36.5686],[128.0942,36.5674],[128.0895,36.5694],[128.0812,36.5693],[128.0755,36.566],[128.0757,36.5644],[128.0748,36.559],[128.0756,36.5587],[128.0748,36.5587],[128.0766,36.5583],[128.0756,36.5562],[128.0829,36.546],[128.0826,36.5386],[128.0896,36.5354],[128.0911,36.5349],[128.0953,36.5367],[128.097,36.5432],[128.1037,36.5468],[128.113,36.5495],[128.1106,36.5503],[128.1128,36.5514],[128.1198,36.5546],[128.1243,36.5523],[128.1348,36.5572],[128.1409,36.5516],[128.1536,36.5514],[128.1535,36.5551],[128.1539,36.5577],[128.1627,36.5593],[128.1649,36.5612],[128.165,36.5613],[128.1645,36.5621],[128.1576,36.5722],[128.1482,36.5767],[128.1566,36.5798],[128.166,36.5882],[128.1677,36.5923],[128.165,36.5969],[128.1646,36.5971],[128.165,36.5971],[128.1642,36.5974],[128.1616,36.5985],[128.1543,36.6005],[128.1471,36.6032],[128.1453,36.6077],[128.127,36.6157],[128.1254,36.6192],[128.1157,36.621]]]},"properties":{"name":"이안초통학구역","office":"경상북도상주교육지원청"}},
{"type":"Feature","geometry":{"type":"Polygon","coordinates":[[[129.3653,36.0667],[129.364,36.0764],[129.3572,36.078],[129.3507,36.0716],[129.3504,36.0706],[129.3505,36.0691],[129.3523,36.0694],[129.3576,36.0659],[129.3604,36.061],[129.3652,36.0631],[129.3703,36.0603],[129.3709,36.0626],[129.3753,36.0622],[129.3762,36.0634],[129.3765,36.0636],[129.3767,36.0644],[129.3761,36.0637],[129.3738,36.0681],[129.3724,36.069],[129.3715,36.0647],[129.3653,36.0667]]]},"properties":{"name":"두호초통학구역","office":"경상북도포항교육지원청"}},
{"type":"Feature","geometry":{"type":"Polygon","coordinates":[[[128.0019,36.1489],[127.9962,36.1543],[127.9875,36.1474],[127.9889,36.1328],[127.9878,36.1288],[127.9764,36.1227],[127.9702,36.1219],[127.9652,36.1128],[127.9687,36.1031],[127.9646,36.0956],[127.9585,36.0901],[127.9617,36.083],[127.9613,36.0674],[127.9738,36.0605],[127.9771,36.0563],[127.9779,36.0557],[127.9785,36.0555],[127.9796,36.055],[127.9805,36.0546],[127.9806,36.0546],[127.9853,36.0548],[127.9892,36.0583],[127.99,36.0587],[127.9921,36.0577],[127.9955,36.0565],[128.0014,36.0537],[128.0074,36.0534],[128.0121,36.0537],[128.0127,36.0529],[128.0132,36.0538],[128.0142,36.0554],[128.023,36.0619],[128.0236,36.0686],[128.0287,36.0776],[128.0341,36.0838],[128.0386,36.0875],[128.039,36.0875],[128.0392,36.0875],[128.0392,36.0877],[128.0393,36.0877],[128.0393,36.0878],[128.0391,36.0882],[128.0369,36.0968],[128.039,36.1047],[128.0344,36.112],[128.0339,36.1212],[128.0303,36.1273],[128.0312,36.1308],[128.0413,36.1329],[128.0508,36.1322],[128.051,36.1322],[128.0511,36.137],[128.0452,36.1383],[128.0286,36.1388],[128.0275,36.1354],[128.0192,36.1375],[128.0192,36.1419],[128.0132,36.1438],[128.0037,36.1466],[128.0019,36.1489]]]},"properties":{"name":"직지초통학구역","office":"경상북도김천교육지원청"}},
{"type":"Feature","geometry":{"type":"Polygon","coordinates":[[[129.1909,35.982],[129.1936,35.9907],[129.2016,35.9925],[129.1955,35.9976],[129.2004,35.9969],[129.2012,35.9971],[129.2013,35.9971],[129.197,36.0008],[129.1928,36.0014],[129.1935,36.0044],[129.1857,36.005],[129.1745,36.0139],[129.1741,36.0145],[129.1743,36.0138],[129.1749,36.0118],[129.1823,36.0015],[129.189,35.9963],[129.187,35.9921],[129.1809,35.9856],[129.1837,35.9815],[129.1852,35.9818],[129.1884,35.9796],[129.1889,35.9793],[129.1886,35.9798],[129.1909,35.982]]]},"properties":{"name":"산대초안강제일초공동통학구역","office":"경상북도경주교육지원청"}},
{"type":"Feature","geometry":{"type":"Polygon","coordinates":[[[128.9997,36.594],[128.9993,36.5951],[129,36.598],[128.9959,36.6089],[128.9966,36.6187],[128.9909,36.6239],[128.9914,36.6356],[128.9949,36.6419],[128.9894,36.6478],[128.9966,36.6549],[128.9953,36.6617],[128.9897,36.6663],[128.9933,36.6692],[128.9894,36.6743],[128.9928,36.6773],[128.9939,36.6816],[128.9935,36.6846],[128.9917,36.6889],[128.991,36.689],[128.9917,36.6895],[128.986,36.6896],[128.984,36.6879],[128.979,36.6891],[128.9753,36.6825],[128.9617,36.6744],[128.9578,36.6706],[128.9599,36.662],[128.9568,36.6567],[128.9603,36.6519],[128.9567,36.6478],[128.9559,36.6397],[128.9452,36.6367],[128.9379,36.6322],[128.9357,36.6238],[128.9282,36.6218],[128.9193,36.6232],[128.9011,36.6168],[128.8923,36.6092],[128.8747,36.6078],[128.8709,36.6078],[128.8679,36.6068],[128.8654,36.6059],[128.865,36.6027],[128.8619,36.6001],[128.8721,36.5989],[128.8788,36.5943],[128.8797,36.5909],[128.8754,36.5896],[128.8797,36.5906],[128.8879,36.5914],[128.894,36.5905],[128.8982,36.5832],[128.9086,36.5755],[128.9084,36.5699],[128.9026,36.5677],[128.9013,36.5594],[128.8896,36.55],[128.8896,36.538],[128.888,36.538],[128.8887,36.5379],[128.888,36.5378],[128.8917,36.5268],[128.8887,36.5179],[128.8813,36.5115],[128.8901,36.5082],[128.8959,36.5097],[128.9043,36.5182],[128.9153,36.5164],[128.9183,36.5145],[128.9239,36.5162],[128.9291,36.5112],[128.9341,36.5147],[128.9432,36.5039],[128.9475,36.5027],[128.9483,36.5028],[128.9563,36.5054],[128.9595,36.5117],[128.9663,36.5131],[128.9666,36.5073],[128.9717,36.4977],[128.9791,36.4917],[128.9732,36.4896],[128.9753,36.4839],[128.9758,36.4841],[128.9754,36.4836],[128.9829,36.4863],[128.9937,36.4986],[128.9939,36.5034],[128.9955,36.5052],[128.997,36.5074],[128.9951,36.5106],[128.9929,36.518],[128.9847,36.5155],[128.982,36.5249],[128.9731,36.5302],[128.9748,36.5441],[128.9857,36.5481],[128.9919,36.5487],[128.9881,36.5574],[128.984,36.5611],[128.9844,36.5734],[128.9907,36.5768],[128.9966,36.5833],[128.9996,36.5872],[129.0004,36.5883],[129.0007,36.5886],[129.0007,36.5888],[129.0007,36.5892],[128.9997,36.594]]]},"properties":{"name":"임동초통학구역","office":"경상북도안동교육지원청"}},
{"type":"Feature","geometry":{"type":"Polygon","coordinates":[[[129.4057,35.9832],[129.4081,35.9829],[129.4044,35.9849],[129.404,35.9851],[129.4045,35.9854],[129.4046,35.9858],[129.4039,35.9851],[129.4044,35.984],[129.4046,35.9838],[129.4056,35.9833],[129.4057,35.9832]]]},"properties":{"name":"구정초인덕초청림초공동통학구역","office":"경상북도포항교육지원청"}},
{"type":"Feature","geometry":{"type":"Polygon","coordinates":[[[128.7536,36.4847],[128.7505,36.486],[128.7501,36.4872],[128.7483,36.4892],[128.7476,36.4901],[128.7473,36.4889],[128.7343,36.4781],[128.728,36.4764],[128.7188,36.4824],[128.7137,36.4787],[128.7109,36.4762],[128.7101,36.473],[128.7041,36.469],[128.7057,36.4631],[128.7053,36.4527],[128.7056,36.4483],[128.7064,36.4491],[128.7068,36.448],[128.7112,36.4454],[128.7142,36.4431],[128.7208,36.4477],[128.7236,36.4485],[128.7238,36.4486],[128.7289,36.4484],[128.7288,36.4481],[128.7289,36.4481],[128.729,36.4483],[128.7385,36.4484],[128.7455,36.4535],[128.7565,36.4529],[128.7585,36.4649],[128.7619,36.4689],[128.7661,36.466],[128.7741,36.4619],[128.7817,36.4597],[128.7826,36.4624],[128.782,36.4646],[128.7808,36.467],[128.7776,36.4674],[128.7704,36.4763],[128.77,36.4784],[128.7685,36.4798],[128.7674,36.4807],[128.7617,36.4828],[128.7536,36.4847]]]},"properties":{"name":"일직초단촌초공동통학구역","office":"경상북도안동교육지원청"}},
{"type":"Feature","geometry":{"type":"Polygon","coordinates":[[[128.8087,36.0206],[128.8107,36.0155],[128.8132,36.0108],[128.8129,36.007],[128.8199,36.0037],[128.834,36.0032],[128.8354,36.0074],[128.8382,36.0119],[128.8396,36.0127],[128.8418,36.0162],[128.8341,36.0195],[128.835,36.0246],[128.8369,36.0309],[128.8427,36.0389],[128.8409,36.044],[128.8429,36.0616],[128.8412,36.0684],[128.845,36.0735],[128.8463,36.079],[128.8413,36.0988],[128.8304,36.1028],[128.8223,36.1005],[128.8164,36.0923],[128.8194,36.0901],[128.8212,36.0864],[128.8213,36.0861],[128.8201,36.078],[128.824,36.0673],[128.8216,36.0599],[128.8169,36.0549],[128.8162,36.0476],[128.8213,36.0443],[128.8147,36.0385],[128.8159,36.0285],[128.8132,36.0229],[128.8098,36.0215],[128.8087,36.0206]]]},"properties":{"name":"영화초통학구역","office":"경상북도영천교육지원청"}},
{"type":"Feature","geometry":{"type":"Polygon","coordinates":[[[129.384,35.7547],[129.3747,35.7537],[129.369,35.7484],[129.3684,35.7462],[129.3676,35.7437],[129.3633,35.7381],[129.364,35.7305],[129.3649,35.7314],[129.3651,35.7304],[129.3721,35.7288],[129.3739,35.7227],[129.3702,35.7213],[129.3692,35.7203],[129.368,35.718],[129.3674,35.7159],[129.3661,35.7045],[129.3669,35.7024],[129.3673,35.7012],[129.3678,35.7023],[129.3735,35.7095],[129.3797,35.7127],[129.3921,35.7132],[129.3937,35.719],[129.4024,35.7216],[129.4059,35.7274],[129.4102,35.7418],[129.4096,35.7434],[129.407,35.7456],[129.3905,35.7484],[129.384,35.7547]]]},"properties":{"name":"양남초입실초공동통학구역","office":"경상북도경주교육지원청"}},
{"type":"Feature","geometry":{"type":"Polygon","coordinates":[[[129.3504,36.0706],[129.3504,36.071],[129.3502,36.0706],[129.3453,36.0695],[129.3461,36.0644],[129.3465,36.0636],[129.3469,36.0627],[129.3509,36.0594],[129.3601,36.052],[129.3589,36.0506],[129.3602,36.0518],[129.3701,36.0591],[129.3703,36.0603],[129.3652,36.0631],[129.3604,36.061],[129.3576,36.0659],[129.3523,36.0694],[129.3505,36.0691],[129.3504,36.0706]]]},"properties":{"name":"포항중앙초통학구역","office":"경상북도포항교육지원청"}},
{"type":"Feature","geometry":{"type":"Polygon","coordinates":[[[129.3592,36.0363],[129.3598,36.0348],[129.3621,36.0352],[129.3649,36.0362],[129.3666,36.0404],[129.364,36.0479],[129.3642,36.0479],[129.364,36.048],[129.3632,36.0484],[129.3629,36.0486],[129.362,36.0506],[129.3589,36.0506],[129.3601,36.052],[129.3509,36.0594],[129.3469,36.0627],[129.3465,36.0636],[129.3433,36.0615],[129.341,36.055],[129.3417,36.0546],[129.3568,36.046],[129.3535,36.0379],[129.3589,36.037],[129.3592,36.0363]]]},"properties":{"name":"포항초통학구역","office":"경상북도포항교육지원청"}},
{"type":"Feature","geometry":{"type":"Polygon","coordinates":[[[129.3535,36.0379],[129.3568,36.046],[129.3417,36.0546],[129.341,36.055],[129.3403,36.0554],[129.3372,36.051],[129.3368,36.0496],[129.3372,36.0502],[129.3372,36.0493],[129.341,36.0459],[129.349,36.0398],[129.3535,36.0379]]]},"properties":{"name":"포항대흥초기북초공동(일방)통학구역","office":"경상북도포항교육지원청"}},
{"type":"Feature","geometry":{"type":"Polygon","coordinates":[[[128.37,36.8009],[128.3607,36.8031],[128.3532,36.8124],[128.3345,36.817],[128.3208,36.8156],[128.3193,36.8074],[128.3212,36.8041],[128.313,36.7993],[128.2982,36.8049],[128.2907,36.8034],[128.282,36.8051],[128.2772,36.8084],[128.2767,36.8172],[128.2656,36.8208],[128.2728,36.8315],[128.2688,36.8371],[128.2634,36.8372],[128.2526,36.8319],[128.2496,36.8228],[128.2438,36.8213],[128.2352,36.8238],[128.2227,36.8217],[128.2173,36.8194],[128.2165,36.8149],[128.2242,36.8068],[128.2314,36.8038],[128.2333,36.7955],[128.2322,36.7907],[128.2387,36.7874],[128.2553,36.7852],[128.2701,36.779],[128.2668,36.7696],[128.271,36.7599],[128.283,36.7553],[128.2785,36.7487],[128.277,36.7426],[128.2849,36.7381],[128.2881,36.7309],[128.2874,36.7244],[128.2831,36.7171],[128.2852,36.7154],[128.2918,36.7099],[128.2899,36.7029],[128.2994,36.7023],[128.3129,36.6956],[128.3209,36.6984],[128.3306,36.6983],[128.3307,36.6975],[128.3313,36.6977],[128.3311,36.6993],[128.3349,36.7036],[128.3358,36.7131],[128.3321,36.7182],[128.3347,36.7233],[128.3328,36.7357],[128.3391,36.7409],[128.3617,36.7407],[128.3673,36.748],[128.3683,36.7512],[128.3681,36.755],[128.3649,36.7566],[128.3633,36.7613],[128.3678,36.7676],[128.3652,36.7715],[128.3667,36.7837],[128.372,36.7963],[128.37,36.8009]]]},"properties":{"name":"동로초통학구역","office":"경상북도문경교육지원청"}},
{"type":"Feature","geometry":{"type":"Polygon","coordinates":[[[128.2277,36.4365],[128.2193,36.4351],[128.219,36.4351],[128.2145,36.4356],[128.2137,36.4357],[128.2136,36.4358],[128.2134,36.4358],[128.211,36.4379],[128.2096,36.439],[128.209,36.4395],[128.2068,36.4396],[128.2024,36.4394],[128.2021,36.4393],[128.2016,36.4387],[128.1982,36.4351],[128.199,36.4283],[128.1931,36.4257],[128.1888,36.4209],[128.1815,36.4174],[128.1768,36.4108],[128.1737,36.4051],[128.165,36.4058],[128.172,36.4031],[128.1742,36.4046],[128.1809,36.411],[128.1863,36.4105],[128.2038,36.3978],[128.2091,36.4023],[128.2139,36.401],[128.2205,36.4072],[128.229,36.4098],[128.2299,36.4167],[128.2356,36.4157],[128.2368,36.4136],[128.2357,36.4157],[128.2354,36.4161],[128.2332,36.418],[128.2315,36.4211],[128.2315,36.4247],[128.2327,36.4259],[128.2349,36.4291],[128.2366,36.4325],[128.237,36.4337],[128.2389,36.4389],[128.2304,36.4383],[128.2277,36.4365]]]},"properties":{"name":"상주동부초통학구역","office":"경상북도상주교육지원청"}},
{"type":"Feature","geometry":{"type":"Polygon","coordinates":[[[128.7619,35.8099],[128.7621,35.8103],[128.7641,35.8137],[128.7649,35.8162],[128.7729,35.8133],[128.7657,35.8172],[128.7656,35.8173],[128.7563,35.8198],[128.7529,35.814],[128.7557,35.8128],[128.759,35.8135],[128.7606,35.8104],[128.7619,35.8099]]]},"properties":{"name":"사동초용성초공동(일방)통학구역","office":"경상북도경산교육지원청"}},
{"type":"Feature","geometry":{"type":"Polygon","coordinates":[[[128.7418,35.8298],[128.7426,35.824],[128.7431,35.8186],[128.7479,35.8131],[128.7482,35.813],[128.7479,35.8129],[128.7486,35.8128],[128.7513,35.8146],[128.7529,35.814],[128.7563,35.8198],[128.7656,35.8173],[128.7657,35.8172],[128.7729,35.8133],[128.7663,35.8184],[128.7611,35.8223],[128.7603,35.83],[128.7539,35.8315],[128.7535,35.8295],[128.7493,35.8312],[128.7452,35.8319],[128.7421,35.8299],[128.7418,35.8298]]]},"properties":{"name":"경산동부초용성초공동(일방)통학구역","office":"경상북도경산교육지원청"}},
{"type":"Feature","geometry":{"type":"Polygon","coordinates":[[[128.4049,36.5938],[128.3881,36.5941],[128.3874,36.594],[128.3799,36.5925],[128.3705,36.5884],[128.3693,36.5881],[128.356,36.5853],[128.3407,36.5789],[128.334,36.5764],[128.3271,36.5741],[128.3198,36.5734],[128.3192,36.5736],[128.3178,36.5745],[128.3176,36.5757],[128.3177,36.5762],[128.3194,36.5779],[128.3158,36.5799],[128.3094,36.5759],[128.3068,36.5665],[128.3054,36.5664],[128.3065,36.5657],[128.3091,36.5641],[128.3115,36.5632],[128.3151,36.5616],[128.3165,36.5604],[128.317,36.5594],[128.318,36.5554],[128.3187,36.5514],[128.3209,36.5485],[128.3212,36.5484],[128.322,36.5481],[128.3237,36.5476],[128.337,36.5468],[128.3459,36.5424],[128.35,36.5377],[128.3576,36.534],[128.3577,36.5334],[128.3588,36.533],[128.364,36.5308],[128.365,36.5305],[128.3662,36.5297],[128.3663,36.5297],[128.3666,36.5295],[128.3679,36.527],[128.3682,36.519],[128.3709,36.5162],[128.3698,36.5098],[128.3705,36.5078],[128.3728,36.5045],[128.3755,36.503],[128.382,36.5047],[128.4,36.5101],[128.4088,36.517],[128.4153,36.5212],[128.4194,36.523],[128.4273,36.521],[128.4278,36.5201],[128.4311,36.5203],[128.4328,36.5204],[128.4316,36.5216],[128.4363,36.5225],[128.4402,36.5286],[128.4534,36.5352],[128.4533,36.5365],[128.4528,36.5416],[128.4542,36.5494],[128.4464,36.5488],[128.4468,36.5561],[128.4423,36.5563],[128.4351,36.5628],[128.4404,36.567],[128.4407,36.5687],[128.4309,36.5773],[128.4284,36.5845],[128.4218,36.5836],[128.4185,36.5889],[128.4052,36.5918],[128.4049,36.5938]]]},"properties":{"name":"지보초통학구역","office":"경상북도예천교육지원청"}},
{"type":"Feature","geometry":{"type":"Polygon","coordinates":[[[129.1743,36.0138],[129.1734,36.0155],[129.1743,36.0195],[129.1735,36.0243],[129.1735,36.0246],[129.1736,36.0246],[129.1738,36.0248],[129.1738,36.0249],[129.1736,36.0249],[129.1736,36.0253],[129.1737,36.0253],[129.1679,36.0239],[129.1665,36.0212],[129.1673,36.0136],[129.1712,36.0087],[129.1668,36.003],[129.1772,35.9886],[129.1809,35.9856],[129.187,35.9921],[129.189,35.9963],[129.1823,36.0015],[129.1749,36.0118],[129.1743,36.0138]]]},"properties":{"name":"산대초옥산초공동통학구역","office":"경상북도경주교육지원청"}},
{"type":"Feature","geometry":{"type":"Polygon","coordinates":[[[128.5104,36.693],[128.5059,36.6943],[128.4986,36.6898],[128.4915,36.6879],[128.4895,36.6892],[128.4876,36.687],[128.4859,36.6832],[128.4836,36.6771],[128.488,36.6699],[128.4869,36.6643],[128.4804,36.6586],[128.4711,36.6566],[128.4718,36.6669],[128.4691,36.6659],[128.463,36.6637],[128.4629,36.6595],[128.4622,36.6583],[128.461,36.6567],[128.4601,36.6558],[128.4593,36.6555],[128.4559,36.6546],[128.4504,36.6525],[128.4496,36.6518],[128.4491,36.6516],[128.449,36.6512],[128.4484,36.6494],[128.4502,36.6446],[128.4398,36.6361],[128.4345,36.6267],[128.4258,36.6265],[128.4199,36.6108],[128.4198,36.6099],[128.4193,36.6088],[128.4193,36.6067],[128.4189,36.6023],[128.4189,36.6018],[128.4192,36.6023],[128.4269,36.6057],[128.4375,36.6065],[128.4483,36.6048],[128.4621,36.5987],[128.4633,36.5985],[128.4666,36.5981],[128.4668,36.5981],[128.4676,36.5982],[128.4735,36.5988],[128.474,36.5988],[128.4766,36.6003],[128.4857,36.6056],[128.5022,36.6059],[128.5087,36.613],[128.508,36.6192],[128.5122,36.6202],[128.5148,36.6201],[128.5217,36.6198],[128.5234,36.6202],[128.5247,36.6206],[128.5232,36.6213],[128.5243,36.6225],[128.5249,36.6285],[128.5334,36.63],[128.541,36.6377],[128.539,36.6432],[128.5485,36.6496],[128.5528,36.6508],[128.5537,36.6511],[128.5527,36.6515],[128.5508,36.6588],[128.5446,36.6645],[128.5327,36.664],[128.5244,36.6688],[128.5185,36.6678],[128.5196,36.6749],[128.5244,36.6804],[128.5252,36.682],[128.5247,36.6815],[128.5249,36.6822],[128.515,36.6813],[128.5104,36.693]]]},"properties":{"name":"예천남부초통학구역","office":"경상북도예천교육지원청"}},
{"type":"Feature","geometry":{"type":"Polygon","coordinates":[[[129.3684,35.7462],[129.3648,35.7484],[129.3643,35.7505],[129.3598,35.7543],[129.3585,35.7542],[129.3542,35.7561],[129.3539,35.7559],[129.354,35.7562],[129.3536,35.7555],[129.3522,35.7542],[129.3382,35.7514],[129.333,35.7527],[129.3132,35.7495],[129.3119,35.7529],[129.3114,35.752],[129.3108,35.7528],[129.3069,35.747],[129.306,35.7441],[129.3041,35.7365],[129.298,35.7356],[129.2963,35.7351],[129.2976,35.734],[129.3002,35.7316],[129.3046,35.7226],[129.3156,35.7165],[129.3309,35.7234],[129.3323,35.7258],[129.338,35.7279],[129.3547,35.7256],[129.3628,35.7292],[129.364,35.7305],[129.3633,35.7381],[129.3676,35.7437],[129.3684,35.7462]]]},"properties":{"name":"연안초통학구역","office":"경상북도경주교육지원청"}},
{"type":"Feature","geometry":{"type":"Polygon","coordinates":[[[127.9374,36.5067],[127.9284,36.5138],[127.922,36.5107],[127.9153,36.5121],[127.9127,36.5084],[127.9062,36.5073],[127.9091,36.4986],[127.9082,36.4893],[127.9006,36.4849],[127.8943,36.4717],[127.8784,36.4671],[127.882,36.4618],[127.8797,36.4541],[127.8748,36.4488],[127.8731,36.4423],[127.8754,36.4271],[127.8827,36.4244],[127.8883,36.4306],[127.8926,36.431],[127.8974,36.4226],[127.8946,36.4154],[127.9005,36.41],[127.9005,36.4027],[127.9095,36.3958],[127.9351,36.3941],[127.9379,36.4042],[127.9506,36.4099],[127.9568,36.4178],[127.9625,36.4177],[127.9639,36.4221],[127.9611,36.4288],[127.9772,36.4243],[127.9824,36.4213],[127.9925,36.4235],[127.9925,36.4258],[127.9957,36.4308],[127.9937,36.4351],[127.9969,36.4447],[128.0063,36.4477],[128.0102,36.4642],[128.0143,36.4647],[128.02,36.4713],[128.0244,36.4717],[128.0248,36.4717],[128.0239,36.4738],[128.0204,36.4792],[128.009,36.4832],[128.0009,36.4815],[127.9956,36.4833],[127.9885,36.4808],[127.9776,36.49],[127.9775,36.5038],[127.974,36.5087],[127.9655,36.5087],[127.9583,36.5119],[127.9509,36.5105],[127.944,36.5073],[127.9374,36.5067]]]},"properties":{"name":"화령초통학구역","office":"경상북도상주교육지원청"}},
{"type":"Feature","geometry":{"type":"Polygon","coordinates":[[[128.7135,36.3479],[128.7069,36.3495],[128.7017,36.3494],[128.6914,36.3483],[128.6913,36.3483],[128.6911,36.3483],[128.6918,36.347],[128.6901,36.3446],[128.6902,36.3427],[128.688,36.3415],[128.6803,36.3345],[128.6736,36.3308],[128.6673,36.3278],[128.6654,36.3239],[128.6627,36.3211],[128.6553,36.3197],[128.6547,36.3157],[128.6559,36.3149],[128.6578,36.3157],[128.668,36.3127],[128.6692,36.3072],[128.6703,36.3069],[128.6698,36.3065],[128.6713,36.3066],[128.6784,36.3072],[128.6826,36.3025],[128.6968,36.3008],[128.7059,36.3057],[128.716,36.3049],[128.7191,36.3098],[128.7257,36.3065],[128.7263,36.2998],[128.729,36.2898],[128.7366,36.2871],[128.7488,36.2827],[128.7486,36.2804],[128.7465,36.2779],[128.7497,36.2771],[128.7607,36.272],[128.7709,36.2756],[128.7987,36.2733],[128.8106,36.2706],[128.8094,36.278],[128.8015,36.284],[128.7871,36.2836],[128.7805,36.2879],[128.7793,36.2939],[128.7715,36.2973],[128.7651,36.3027],[128.7591,36.3044],[128.7558,36.3139],[128.7592,36.3174],[128.7555,36.3229],[128.7546,36.3324],[128.7417,36.3387],[128.7281,36.3417],[128.7135,36.3479]]]},"properties":{"name":"의성남부초통학구역","office":"경상북도의성교육지원청"}},
{"type":"Feature","geometry":{"type":"Polygon","coordinates":[[[128.3211,36.1507],[128.3203,36.1524],[128.319,36.152],[128.3198,36.1506],[128.3159,36.1473],[128.3109,36.1449],[128.3106,36.1386],[128.3064,36.1359],[128.3008,36.1386],[128.3062,36.1356],[128.3099,36.1339],[128.3157,36.1329],[128.3167,36.1337],[128.3172,36.1335],[128.3169,36.1341],[128.3165,36.1348],[128.316,36.1351],[128.316,36.1389],[128.3216,36.1425],[128.3175,36.1457],[128.3211,36.1507]]]},"properties":{"name":"도봉초통학구역","office":"경상북도구미교육지원청"}},
{"type":"Feature","geometry":{"type":"Polygon","coordinates":[[[128.7619,35.8099],[128.7618,35.8098],[128.7622,35.8026],[128.7537,35.7978],[128.7536,35.7974],[128.7531,35.7961],[128.7487,35.7916],[128.7489,35.7905],[128.7467,35.7893],[128.7482,35.7887],[128.7513,35.7853],[128.7584,35.7851],[128.762,35.7805],[128.7709,35.7817],[128.7768,35.7753],[128.7806,35.7779],[128.7848,35.7798],[128.7897,35.7885],[128.7974,35.7932],[128.7939,35.8035],[128.7981,35.8122],[128.8046,35.8136],[128.8012,35.8179],[128.8039,35.8244],[128.8008,35.8276],[128.8001,35.8304],[128.7952,35.8334],[128.7951,35.8336],[128.7947,35.8339],[128.7947,35.8347],[128.7947,35.8348],[128.7936,35.8345],[128.7927,35.8333],[128.7925,35.8331],[128.7933,35.8288],[128.79,35.8288],[128.7828,35.8221],[128.7751,35.8181],[128.7729,35.8133],[128.7649,35.8162],[128.7641,35.8137],[128.7621,35.8103],[128.7619,35.8099]]]},"properties":{"name":"남성초통학구역","office":"경상북도경산교육지원청"}},
{"type":"Feature","geometry":{"type":"Polygon","coordinates":[[[128.7271,36.4434],[128.7289,36.4481],[128.7288,36.4481],[128.7289,36.4484],[128.7238,36.4486],[128.7236,36.4485],[128.7208,36.4477],[128.7142,36.4431],[128.7112,36.4454],[128.7068,36.448],[128.7064,36.4491],[128.7056,36.4483],[128.7039,36.4466],[128.6949,36.4465],[128.6914,36.444],[128.683,36.4447],[128.6799,36.4417],[128.6735,36.4365],[128.6681,36.4386],[128.6672,36.4385],[128.6609,36.4364],[128.6536,36.4297],[128.6429,36.4282],[128.6375,36.4297],[128.6287,36.42],[128.6196,36.4193],[128.6104,36.4181],[128.6088,36.4159],[128.6101,36.4145],[128.609,36.4134],[128.6114,36.413],[128.6219,36.4092],[128.628,36.408],[128.6264,36.4052],[128.6303,36.401],[128.6382,36.4],[128.6399,36.3958],[128.6502,36.3817],[128.6573,36.3791],[128.6577,36.3751],[128.661,36.3717],[128.6611,36.3716],[128.6621,36.3736],[128.6669,36.3783],[128.6662,36.383],[128.6691,36.3897],[128.6765,36.3914],[128.6822,36.3883],[128.6892,36.4022],[128.6949,36.4039],[128.7038,36.3977],[128.7068,36.3926],[128.7089,36.3881],[128.7115,36.3873],[128.7171,36.3842],[128.7177,36.3843],[128.7265,36.3859],[128.7319,36.3821],[128.7369,36.3848],[128.737,36.385],[128.7375,36.3854],[128.7376,36.3857],[128.7375,36.3879],[128.7371,36.3894],[128.7324,36.3952],[128.7304,36.4036],[128.7404,36.4061],[128.7369,36.4168],[128.7426,36.4199],[128.7411,36.424],[128.7312,36.4327],[128.7198,36.4336],[128.7239,36.4366],[128.7271,36.4434]]]},"properties":{"name":"단촌초통학구역","office":"경상북도의성교육지원청"}},
{"type":"Feature","geometry":{"type":"Polygon","coordinates":[[[128.2311,35.7293],[128.2278,35.7346],[128.2268,35.7355],[128.2268,35.7356],[128.2266,35.7357],[128.2245,35.7374],[128.2239,35.7378],[128.2237,35.7376],[128.222,35.7363],[128.2202,35.7358],[128.2181,35.7352],[128.2157,35.7351],[128.2103,35.735],[128.2032,35.7366],[128.1981,35.7359],[128.1966,35.7304],[128.2012,35.7232],[128.2026,35.7123],[128.1996,35.7047],[128.1941,35.7039],[128.1885,35.6983],[128.1827,35.6963],[128.1769,35.6987],[128.1687,35.6938],[128.1668,35.6877],[128.1561,35.6934],[128.1512,35.6893],[128.1558,35.6856],[128.1509,35.6743],[128.158,35.6723],[128.1617,35.6598],[128.1615,35.6538],[128.1659,35.653],[128.1768,35.657],[128.186,35.6575],[128.1989,35.6492],[128.2012,35.6437],[128.2104,35.6439],[128.2122,35.6409],[128.2202,35.64],[128.2265,35.6415],[128.236,35.6407],[128.2378,35.644],[128.2364,35.6511],[128.2444,35.6554],[128.2499,35.6512],[128.2586,35.6478],[128.2623,35.6427],[128.272,35.6468],[128.2768,35.647],[128.2795,35.6523],[128.2883,35.6525],[128.2963,35.6507],[128.2976,35.6567],[128.3001,35.6633],[128.2912,35.6731],[128.2921,35.6769],[128.2913,35.6772],[128.2921,35.6771],[128.2901,35.6776],[128.2815,35.6871],[128.2765,35.6884],[128.2663,35.7009],[128.2577,35.703],[128.259,35.7099],[128.2497,35.7124],[128.2461,35.7181],[128.238,35.7184],[128.2323,35.7233],[128.2311,35.7293]]]},"properties":{"name":"쌍림초통학구역","office":"경상북도고령교육지원청"}},
{"type":"Feature","geometry":{"type":"Polygon","coordinates":[[[128.1568,35.9629],[128.1523,35.9665],[128.148,35.965],[128.1315,35.96],[128.1235,35.9622],[128.1182,35.9593],[128.1127,35.9641],[128.1126,35.9641],[128.1113,35.9645],[128.1108,35.9646],[128.1088,35.9634],[128.1062,35.9591],[128.1006,35.9568],[128.0957,35.9551],[128.0886,35.9466],[128.0913,35.9311],[128.0885,35.9214],[128.0864,35.9218],[128.0848,35.9209],[128.0789,35.9276],[128.074,35.9279],[128.0717,35.936],[128.066,35.937],[128.0561,35.9418],[128.0514,35.9385],[128.0486,35.9364],[128.0468,35.9282],[128.0478,35.9254],[128.0507,35.9241],[128.0486,35.9201],[128.0487,35.92],[128.0547,35.9157],[128.0553,35.9118],[128.0607,35.9074],[128.0563,35.9043],[128.0665,35.8959],[128.0655,35.8889],[128.0688,35.8857],[128.0702,35.8804],[128.0708,35.8801],[128.0748,35.8778],[128.08,35.8732],[128.0868,35.8724],[128.0776,35.8618],[128.0732,35.8498],[128.0776,35.8435],[128.0774,35.8397],[128.0844,35.837],[128.0908,35.8306],[128.0965,35.8322],[128.1109,35.8239],[128.1231,35.8224],[128.1384,35.826],[128.142,35.8286],[128.1497,35.8391],[128.1608,35.8445],[128.162,35.8501],[128.1685,35.8538],[128.1771,35.8535],[128.1812,35.8511],[128.1899,35.8559],[128.1866,35.861],[128.1931,35.8672],[128.1936,35.8707],[128.194,35.8717],[128.1862,35.8735],[128.18,35.8749],[128.1742,35.8797],[128.173,35.8808],[128.1738,35.8811],[128.176,35.8862],[128.1755,35.8933],[128.1697,35.8965],[128.1632,35.9129],[128.1578,35.916],[128.1563,35.92],[128.1617,35.9272],[128.1611,35.9403],[128.1587,35.9455],[128.1658,35.9498],[128.1658,35.9494],[128.1658,35.9498],[128.1655,35.9519],[128.1618,35.9565],[128.1568,35.9629]]]},"properties":{"name":"가천초통학구역","office":"경상북도성주교육지원청"}},
{"type":"Feature","geometry":{"type":"Polygon","coordinates":[[[128.1231,35.8224],[128.1219,35.8035],[128.1287,35.7943],[128.1305,35.789],[128.1375,35.7843],[128.148,35.784],[128.1544,35.7864],[128.159,35.7837],[128.1604,35.7783],[128.1685,35.7796],[128.1788,35.7873],[128.1757,35.7949],[128.1653,35.8008],[128.1623,35.8055],[128.165,35.8126],[128.1743,35.8169],[128.1843,35.8183],[128.1944,35.8182],[128.1992,35.8153],[128.2096,35.8159],[128.2136,35.8094],[128.2131,35.8002],[128.2171,35.7921],[128.2251,35.7876],[128.2331,35.787],[128.2383,35.7823],[128.2484,35.7816],[128.2514,35.7801],[128.2515,35.7809],[128.2504,35.7836],[128.2498,35.7895],[128.2652,35.7948],[128.2705,35.7913],[128.2739,35.7972],[128.2721,35.8047],[128.2745,35.81],[128.2725,35.8153],[128.2739,35.825],[128.2759,35.826],[128.2749,35.8259],[128.2758,35.8268],[128.2751,35.8291],[128.2722,35.8312],[128.2644,35.8343],[128.2532,35.8328],[128.2452,35.8377],[128.2441,35.8436],[128.2461,35.8496],[128.2424,35.8553],[128.2425,35.8617],[128.2379,35.867],[128.2318,35.8684],[128.2346,35.8769],[128.2339,35.8817],[128.2338,35.8818],[128.231,35.8843],[128.2197,35.887],[128.2153,35.8885],[128.2099,35.8852],[128.1992,35.882],[128.1981,35.8786],[128.1953,35.8739],[128.1941,35.8717],[128.1936,35.8707],[128.1931,35.8672],[128.1866,35.861],[128.1899,35.8559],[128.1812,35.8511],[128.1771,35.8535],[128.1685,35.8538],[128.162,35.8501],[128.1608,35.8445],[128.1497,35.8391],[128.142,35.8286],[128.1384,35.826],[128.1231,35.8224]]]},"properties":{"name":"수륜초통학구역","office":"경상북도성주교육지원청"}},
{"type":"Feature","geometry":{"type":"Polygon","coordinates":[[[128.4288,36.1431],[128.4241,36.1433],[128.4236,36.1404],[128.4173,36.1368],[128.4139,36.1347],[128.4233,36.1339],[128.4234,36.1339],[128.4288,36.1361],[128.4288,36.1431]]]},"properties":{"name":"옥계초양포초산동초옥계동부초구미원당초공동통학구역","office":"경상북도구미교육지원청"}},
{"type":"Feature","geometry":{"type":"Polygon","coordinates":[[[129.3339,36.1184],[129.3296,36.1179],[129.3289,36.1105],[129.3272,36.1101],[129.3287,36.1091],[129.3314,36.1074],[129.3351,36.1075],[129.3378,36.108],[129.3425,36.1074],[129.3455,36.1086],[129.352,36.1111],[129.358,36.1081],[129.3581,36.1069],[129.3548,36.1078],[129.3566,36.1021],[129.3539,36.0944],[129.3554,36.09],[129.36,36.0886],[129.3627,36.0923],[129.3662,36.0931],[129.3702,36.0959],[129.3717,36.0975],[129.3719,36.0977],[129.3764,36.0993],[129.3789,36.0993],[129.3875,36.0958],[129.393,36.0967],[129.3942,36.0979],[129.3917,36.1066],[129.3963,36.1094],[129.4035,36.1177],[129.3956,36.1185],[129.3879,36.1243],[129.3813,36.1194],[129.3714,36.1166],[129.3718,36.1141],[129.3678,36.1152],[129.3624,36.1203],[129.3589,36.1186],[129.3482,36.1189],[129.3462,36.1221],[129.3366,36.1187],[129.3361,36.1185],[129.3339,36.1184]]]},"properties":{"name":"흥해초통학구역","office":"경상북도포항교육지원청"}},
{"type":"Feature","geometry":{"type":"Polygon","coordinates":[[[128.3232,36.1337],[128.3244,36.1327],[128.3241,36.1325],[128.3268,36.1334],[128.3296,36.1342],[128.3294,36.1342],[128.3274,36.1346],[128.324,36.1352],[128.3232,36.1337]]]},"properties":{"name":"도량초원남초공동통학구역","office":"경상북도구미교육지원청"}},
{"type":"Feature","geometry":{"type":"Polygon","coordinates":[[[128.888,36.538],[128.8808,36.5393],[128.8685,36.5466],[128.8679,36.553],[128.8615,36.5569],[128.8622,36.5616],[128.866,36.5653],[128.8622,36.5725],[128.8594,36.5736],[128.8588,36.5754],[128.8573,36.5754],[128.8573,36.5745],[128.8568,36.5738],[128.8559,36.5726],[128.8556,36.5722],[128.8526,36.5719],[128.8513,36.5722],[128.85,36.5724],[128.8485,36.5727],[128.8479,36.5732],[128.843,36.5771],[128.8386,36.579],[128.834,36.5795],[128.8295,36.5791],[128.8283,36.5789],[128.828,36.5781],[128.8274,36.5758],[128.8281,36.575],[128.8313,36.5714],[128.8316,36.571],[128.8315,36.5708],[128.8313,36.5701],[128.8312,36.5697],[128.8311,36.5697],[128.8342,36.5643],[128.8348,36.5636],[128.8396,36.5577],[128.8342,36.5548],[128.832,36.5477],[128.825,36.5441],[128.8211,36.5405],[128.8192,36.5397],[128.8198,36.5397],[128.822,36.5397],[128.8222,36.5386],[128.8275,36.5372],[128.8331,36.5331],[128.8387,36.5323],[128.8443,36.5358],[128.8505,36.5353],[128.8553,36.526],[128.85,36.5202],[128.8569,36.5133],[128.8612,36.5129],[128.8667,36.506],[128.8736,36.5048],[128.883,36.4991],[128.8871,36.4985],[128.8924,36.498],[128.8954,36.4959],[128.9053,36.4956],[128.9072,36.5042],[128.9136,36.5137],[128.917,36.5141],[128.9183,36.5145],[128.9153,36.5164],[128.9043,36.5182],[128.8959,36.5097],[128.8901,36.5082],[128.8813,36.5115],[128.8887,36.5179],[128.8917,36.5268],[128.888,36.5378],[128.8887,36.5379],[128.888,36.538]]]},"properties":{"name":"길주초송천초임하초공동통학구역","office":"경상북도안동교육지원청"}},
{"type":"Feature","geometry":{"type":"Polygon","coordinates":[[[129.3303,36.0281],[129.3308,36.0305],[129.3297,36.0331],[129.3224,36.0344],[129.3163,36.039],[129.3164,36.0394],[129.3163,36.0395],[129.3118,36.0348],[129.312,36.029],[129.3255,36.0246],[129.3303,36.0281]]]},"properties":{"name":"포항제철지곡초통학구역","office":"경상북도포항교육지원청"}},
{"type":"Feature","geometry":{"type":"Polygon","coordinates":[[[128.4173,36.1368],[128.4159,36.1445],[128.409,36.1464],[128.4114,36.1476],[128.4172,36.1497],[128.4142,36.157],[128.4116,36.1572],[128.4062,36.1517],[128.4028,36.1528],[128.3807,36.1484],[128.3829,36.154],[128.3804,36.1486],[128.3744,36.1381],[128.3676,36.138],[128.368,36.1297],[128.3774,36.1299],[128.3795,36.1263],[128.3796,36.1263],[128.3866,36.1237],[128.3872,36.1243],[128.3917,36.1211],[128.3975,36.1255],[128.4047,36.1231],[128.4088,36.1182],[128.4106,36.1175],[128.4114,36.1176],[128.417,36.1196],[128.4253,36.1248],[128.4265,36.1319],[128.4235,36.1336],[128.4239,36.1338],[128.4234,36.1339],[128.4233,36.1339],[128.4139,36.1347],[128.4173,36.1368]]]},"properties":{"name":"옥계초통학구역","office":"경상북도구미교육지원청"}},
{"type":"Feature","geometry":{"type":"Polygon","coordinates":[[[129.1884,35.9796],[129.1892,35.9787],[129.1906,35.9564],[129.1971,35.9576],[129.2103,35.9521],[129.2347,35.9543],[129.2348,35.9541],[129.2348,35.9543],[129.235,35.9594],[129.2374,35.9645],[129.2383,35.9732],[129.2383,35.9733],[129.2384,35.9734],[129.2428,35.9785],[129.2407,35.9796],[129.2432,35.983],[129.2419,35.9828],[129.243,35.9835],[129.2395,35.9825],[129.2405,35.9898],[129.2466,35.9919],[129.2459,35.9939],[129.2285,35.9935],[129.2249,35.9866],[129.2169,35.9872],[129.2047,35.9834],[129.1909,35.982],[129.1886,35.9798],[129.1889,35.9793],[129.1884,35.9796]]]},"properties":{"name":"안강초통학구역","office":"경상북도경주교육지원청"}},
{"type":"Feature","geometry":{"type":"Polygon","coordinates":[[[129.4096,35.7434],[129.4093,35.7442],[129.41,35.7437],[129.4205,35.7375],[129.4242,35.7348],[129.4208,35.733],[129.4255,35.7248],[129.428,35.7226],[129.4274,35.724],[129.4293,35.7232],[129.4291,35.7221],[129.4423,35.7211],[129.4463,35.7277],[129.456,35.7326],[129.4564,35.7306],[129.4596,35.7234],[129.4656,35.7196],[129.4809,35.7221],[129.486,35.7296],[129.4829,35.7432],[129.4796,35.7438],[129.4814,35.746],[129.4787,35.7512],[129.4675,35.7598],[129.466,35.7724],[129.4536,35.7838],[129.4558,35.7907],[129.4596,35.7914],[129.4633,35.7994],[129.4614,35.8043],[129.4638,35.8082],[129.4623,35.8182],[129.4531,35.8256],[129.4548,35.8351],[129.4537,35.8424],[129.4552,35.8468],[129.4499,35.8492],[129.4453,35.8638],[129.4407,35.8688],[129.4377,35.8769],[129.4348,35.88],[129.4274,35.8835],[129.4221,35.8853],[129.4227,35.884],[129.4213,35.8841],[129.4214,35.8779],[129.4148,35.8763],[129.4104,35.8705],[129.4105,35.8614],[129.407,35.8578],[129.3981,35.8584],[129.3931,35.8613],[129.3753,35.8632],[129.3706,35.8452],[129.3735,35.8348],[129.378,35.8338],[129.3729,35.827],[129.3671,35.8147],[129.3584,35.8109],[129.357,35.8051],[129.3482,35.8034],[129.3458,35.802],[129.3475,35.7968],[129.3534,35.7963],[129.3516,35.7937],[129.3499,35.7915],[129.3507,35.7838],[129.3541,35.78],[129.3542,35.7763],[129.3523,35.7737],[129.354,35.7731],[129.3531,35.7718],[129.3522,35.7707],[129.3523,35.7706],[129.3531,35.7694],[129.3536,35.7688],[129.3527,35.7671],[129.3527,35.767],[129.3545,35.7651],[129.3548,35.7641],[129.3553,35.762],[129.3546,35.7584],[129.354,35.7562],[129.3539,35.7559],[129.3542,35.7561],[129.3585,35.7542],[129.3598,35.7543],[129.3643,35.7505],[129.3648,35.7484],[129.3684,35.7462],[129.369,35.7484],[129.3747,35.7537],[129.384,35.7547],[129.3905,35.7484],[129.407,35.7456],[129.4096,35.7434]]]},"properties":{"name":"양북초통학구역","office":"경상북도경주교육지원청"}},
{"type":"Feature","geometry":{"type":"Polygon","coordinates":[[[128.7382,35.6594],[128.7361,35.6649],[128.732,35.6668],[128.7305,35.6667],[128.7281,35.6689],[128.7258,35.6697],[128.7265,35.6691],[128.7255,35.6693],[128.7202,35.6631],[128.7232,35.6594],[128.7219,35.648],[128.7157,35.6435],[128.7175,35.6346],[128.7168,35.6261],[128.7207,35.6206],[128.7209,35.6154],[128.7209,35.6152],[128.721,35.6154],[128.7307,35.6179],[128.735,35.627],[128.7511,35.6343],[128.7435,35.6436],[128.7435,35.6439],[128.7433,35.6525],[128.7382,35.6594]]]},"properties":{"name":"청도초화양초남성현초공동(일방)통학구역","office":"경상북도청도교육지원청"}},
{"type":"Feature","geometry":{"type":"Polygon","coordinates":[[[128.0646,36.0959],[128.0591,36.0874],[128.0589,36.0869],[128.0586,36.0864],[128.0591,36.0861],[128.0604,36.074],[128.067,36.0678],[128.0731,36.069],[128.0765,36.0656],[128.0917,36.069],[128.0924,36.0697],[128.0925,36.0688],[128.0939,36.0714],[128.0937,36.0741],[128.1034,36.0792],[128.1127,36.0838],[128.1182,36.0777],[128.1196,36.0779],[128.1213,36.0861],[128.1244,36.0951],[128.1248,36.1008],[128.1241,36.1122],[128.1279,36.1169],[128.1268,36.1173],[128.1275,36.1201],[128.1226,36.1222],[128.1194,36.1207],[128.1184,36.1178],[128.1107,36.1148],[128.1084,36.116],[128.1083,36.1145],[128.1084,36.1142],[128.1084,36.1133],[128.1092,36.1104],[128.1095,36.1085],[128.1085,36.1075],[128.1073,36.1068],[128.102,36.1054],[128.0977,36.1072],[128.0949,36.1059],[128.0946,36.1059],[128.0945,36.1058],[128.087,36.102],[128.0753,36.0964],[128.0646,36.0959]]]},"properties":{"name":"김천초통학구역","office":"경상북도김천교육지원청"}},
{"type":"Feature","geometry":{"type":"Polygon","coordinates":[[[128.3251,36.0566],[128.3246,36.0567],[128.3217,36.0574],[128.3163,36.0576],[128.3163,36.0616],[128.3176,36.0712],[128.3203,36.0754],[128.3207,36.076],[128.3198,36.077],[128.3165,36.0807],[128.3079,36.0831],[128.3049,36.0864],[128.3039,36.0875],[128.3028,36.0887],[128.3014,36.0885],[128.2965,36.0889],[128.287,36.0845],[128.2881,36.0747],[128.2963,36.0668],[128.3006,36.0631],[128.3006,36.0629],[128.3007,36.0628],[128.2999,36.0583],[128.2994,36.0512],[128.2936,36.0501],[128.2896,36.0428],[128.2896,36.0406],[128.296,36.031],[128.2982,36.031],[128.3104,36.0289],[128.3112,36.0291],[128.3108,36.0281],[128.3162,36.0303],[128.3185,36.0296],[128.3237,36.0423],[128.3367,36.0506],[128.326,36.0563],[128.3254,36.0565],[128.3251,36.0566]]]},"properties":{"name":"숭산초통학구역","office":"경상북도칠곡교육지원청"}},
{"type":"Feature","geometry":{"type":"Polygon","coordinates":[[[128.5252,36.682],[128.5274,36.6847],[128.532,36.6853],[128.5365,36.6939],[128.5439,36.6987],[128.5473,36.7004],[128.5484,36.7006],[128.5564,36.6984],[128.5754,36.6955],[128.581,36.6937],[128.5816,36.6938],[128.5826,36.694],[128.5841,36.6942],[128.5866,36.6957],[128.5871,36.7011],[128.5894,36.7012],[128.5908,36.701],[128.5894,36.7013],[128.5898,36.7047],[128.5834,36.7094],[128.5847,36.7217],[128.5835,36.7242],[128.5774,36.7289],[128.5788,36.732],[128.5791,36.7325],[128.5784,36.7322],[128.5692,36.7391],[128.5712,36.743],[128.5659,36.7481],[128.5661,36.7524],[128.561,36.7605],[128.5564,36.7609],[128.5517,36.7656],[128.5449,36.7666],[128.5394,36.7692],[128.5367,36.7735],[128.5297,36.7708],[128.518,36.7715],[128.5158,36.7706],[128.5168,36.7704],[128.5156,36.7693],[128.5063,36.7638],[128.5021,36.7662],[128.491,36.7628],[128.4788,36.7611],[128.476,36.7611],[128.4733,36.7611],[128.4727,36.7536],[128.478,36.7504],[128.4723,36.7392],[128.4677,36.7352],[128.4667,36.7312],[128.4666,36.7311],[128.4641,36.7277],[128.4635,36.727],[128.4633,36.7266],[128.4631,36.7261],[128.4633,36.7266],[128.4689,36.7259],[128.4711,36.7213],[128.4725,36.7151],[128.4726,36.7136],[128.47,36.7122],[128.4702,36.7122],[128.4728,36.7097],[128.4733,36.701],[128.4802,36.701],[128.4882,36.6947],[128.4911,36.6907],[128.4917,36.6901],[128.4895,36.6892],[128.4915,36.6879],[128.4986,36.6898],[128.5059,36.6943],[128.5104,36.693],[128.515,36.6813],[128.5249,36.6822],[128.5247,36.6815],[128.5252,36.682]]]},"properties":{"name":"감천초통학구역","office":"경상북도예천교육지원청"}},
{"type":"Feature","geometry":{"type":"Polygon","coordinates":[[[129.3322,36.0442],[129.3314,36.0425],[129.3312,36.0425],[129.3314,36.0424],[129.3322,36.042],[129.3338,36.0414],[129.3362,36.0394],[129.3392,36.0324],[129.341,36.0302],[129.3442,36.0279],[129.343,36.0262],[129.3433,36.0256],[129.3435,36.0253],[129.3432,36.0249],[129.3437,36.025],[129.3441,36.026],[129.3449,36.0248],[129.347,36.0232],[129.346,36.0193],[129.3466,36.0189],[129.3497,36.0233],[129.3502,36.0234],[129.3507,36.0253],[129.3532,36.0293],[129.3525,36.0318],[129.3518,36.0333],[129.3498,36.0337],[129.3437,36.0354],[129.34,36.043],[129.3353,36.0462],[129.3322,36.0442]]]},"properties":{"name":"양학초통학구역","office":"경상북도포항교육지원청"}},
{"type":"Feature","geometry":{"type":"Polygon","coordinates":[[[129.3724,36.069],[129.3653,36.0667],[129.3715,36.0647],[129.3724,36.069]]]},"properties":{"name":"창포초통학구역","office":"경상북도포항교육지원청"}},
{"type":"Feature","geometry":{"type":"Polygon","coordinates":[[[128.2982,36.031],[128.296,36.0309],[128.2926,36.0306],[128.2867,36.0219],[128.2857,36.0138],[128.2815,36.0079],[128.2826,35.9977],[128.2856,35.9932],[128.2791,35.991],[128.2767,35.9873],[128.2804,35.9822],[128.2765,35.9799],[128.2764,35.9729],[128.2706,35.9665],[128.2769,35.9639],[128.2815,35.9641],[128.2936,35.9715],[128.3032,35.9742],[128.3066,35.9763],[128.3146,35.9752],[128.3232,35.9804],[128.3189,35.9827],[128.3153,35.9889],[128.3137,35.9923],[128.3132,35.9933],[128.3134,35.995],[128.3141,36.0028],[128.3106,36.007],[128.3149,36.0153],[128.3163,36.0178],[128.317,36.0191],[128.3156,36.0194],[128.3103,36.0268],[128.3108,36.0281],[128.3112,36.0291],[128.3104,36.0289],[128.2982,36.031]]]},"properties":{"name":"월항초지방분교장통학구역","office":"경상북도성주교육지원청"}},
{"type":"Feature","geometry":{"type":"Polygon","coordinates":[[[128.3387,36.1187],[128.3395,36.1179],[128.3385,36.1202],[128.3366,36.1203],[128.335,36.1193],[128.3347,36.1197],[128.3349,36.1192],[128.3355,36.1179],[128.3388,36.1172],[128.3387,36.1187]]]},"properties":{"name":"금오초형일초공동통학구역","office":"경상북도구미교육지원청"}},
{"type":"Feature","geometry":{"type":"Polygon","coordinates":[[[129.3813,36.088],[129.3773,36.0807],[129.3839,36.074],[129.3889,36.0754],[129.3866,36.075],[129.3855,36.0849],[129.387,36.0881],[129.3838,36.0891],[129.3813,36.088]]]},"properties":{"name":"포항장원초통학구역","office":"경상북도포항교육지원청"}},
{"type":"Feature","geometry":{"type":"Polygon","coordinates":[[[128.5583,36.5463],[128.5583,36.5464],[128.5583,36.5462],[128.5586,36.5425],[128.5575,36.5408],[128.5546,36.5393],[128.5489,36.5369],[128.5378,36.5355],[128.5373,36.5355],[128.5367,36.5354],[128.5267,36.5329],[128.5268,36.5327],[128.528,36.5284],[128.5213,36.5215],[128.5173,36.5217],[128.5116,36.5177],[128.5101,36.5173],[128.5057,36.5167],[128.4993,36.512],[128.4993,36.5109],[128.4988,36.5118],[128.4994,36.5094],[128.5007,36.5074],[128.5054,36.4991],[128.5129,36.4979],[128.5264,36.4988],[128.5391,36.4955],[128.5436,36.4903],[128.5513,36.4891],[128.5531,36.4828],[128.5524,36.4759],[128.559,36.4722],[128.5601,36.4662],[128.5607,36.4632],[128.5656,36.4593],[128.5664,36.4524],[128.57,36.4509],[128.5771,36.44],[128.5878,36.4398],[128.5982,36.4316],[128.5952,36.4221],[128.598,36.4089],[128.6016,36.4077],[128.6058,36.4076],[128.6069,36.4113],[128.609,36.4134],[128.6101,36.4145],[128.6088,36.4159],[128.6104,36.4181],[128.6196,36.4193],[128.6287,36.42],[128.6375,36.4297],[128.6429,36.4282],[128.6536,36.4297],[128.6609,36.4364],[128.6672,36.4385],[128.6681,36.4386],[128.6735,36.4365],[128.6799,36.4417],[128.683,36.4447],[128.6914,36.444],[128.6949,36.4465],[128.7039,36.4466],[128.7056,36.4483],[128.7053,36.4527],[128.7057,36.4631],[128.7041,36.469],[128.7101,36.473],[128.7109,36.4762],[128.7112,36.4774],[128.71,36.4768],[128.7024,36.4833],[128.6972,36.4843],[128.6963,36.485],[128.6955,36.4867],[128.6952,36.4919],[128.695,36.4967],[128.695,36.4969],[128.6949,36.4967],[128.6876,36.4983],[128.6825,36.4959],[128.679,36.4982],[128.6727,36.5009],[128.6659,36.4984],[128.6547,36.4994],[128.6453,36.5077],[128.6391,36.5169],[128.6359,36.5158],[128.6265,36.505],[128.6103,36.4959],[128.599,36.4929],[128.596,36.4954],[128.5842,36.5034],[128.5823,36.5091],[128.5696,36.5237],[128.5678,36.5302],[128.5667,36.5387],[128.5632,36.5455],[128.5603,36.5478],[128.5583,36.5464],[128.5583,36.5463]]]},"properties":{"name":"일직초통학구역","office":"경상북도안동교육지원청"}},
{"type":"Feature","geometry":{"type":"Polygon","coordinates":[[[128.4066,35.7968],[128.4208,35.8094],[128.4409,35.8093],[128.441,35.806],[128.4704,35.8059],[128.4815,35.816],[128.483,35.823],[128.4812,35.8301],[128.4725,35.8336],[128.469,35.8396],[128.4604,35.8416],[128.4447,35.8479],[128.4192,35.8506],[128.416,35.8518],[128.3876,35.8524],[128.3869,35.8495],[128.3928,35.8382],[128.3815,35.839],[128.3731,35.8348],[128.3762,35.8321],[128.3789,35.8231],[128.3744,35.8172],[128.3688,35.8168],[128.3702,35.8074],[128.3688,35.804],[128.3687,35.7985],[128.3687,35.7982],[128.3687,35.7984],[128.3687,35.7982],[128.3746,35.7993],[128.3799,35.799],[128.3866,35.7946],[128.3995,35.7908],[128.4066,35.7968]]]},"properties":{"name":"다산초박곡초공동(일방)통학구역","office":"경상북도고령교육지원청"}},
{"type":"Feature","geometry":{"type":"Polygon","coordinates":[[[128.4004,35.9965],[128.3971,35.9996],[128.3942,35.9999],[128.3905,35.9819],[128.3905,35.9806],[128.3921,35.9733],[128.3926,35.9641],[128.3926,35.9639],[128.3959,35.9647],[128.4,35.9678],[128.4052,35.9686],[128.4109,35.9747],[128.4133,35.9766],[128.4114,35.977],[128.4118,35.9792],[128.4133,35.9814],[128.4152,35.9824],[128.4132,35.9826],[128.4053,35.9833],[128.4039,35.9819],[128.4012,35.9869],[128.4005,35.991],[128.4004,35.9965]]]},"properties":{"name":"왜관초낙산초관호초신동초공동(일방)통학구역","office":"경상북도칠곡교육지원청"}},
{"type":"Feature","geometry":{"type":"Polygon","coordinates":[[[128.3522,36.0671],[128.3535,36.068],[128.3545,36.0688],[128.3537,36.0693],[128.3529,36.0693],[128.3495,36.0718],[128.3469,36.072],[128.3453,36.0641],[128.3518,36.0671],[128.3522,36.0671]]]},"properties":{"name":"오태초통학구역","office":"경상북도구미교육지원청"}},
{"type":"Feature","geometry":{"type":"Polygon","coordinates":[[[128.4758,36.1546],[128.4726,36.1579],[128.4736,36.1587],[128.4724,36.1583],[128.4675,36.1567],[128.4658,36.1579],[128.4579,36.1553],[128.457,36.155],[128.4564,36.1553],[128.4563,36.1553],[128.4539,36.1539],[128.4492,36.1545],[128.4481,36.1535],[128.448,36.1479],[128.4391,36.1479],[128.4387,36.1449],[128.4374,36.1443],[128.4388,36.1443],[128.4443,36.1443],[128.4383,36.1431],[128.4373,36.1378],[128.45,36.1366],[128.4579,36.1315],[128.4696,36.1289],[128.4732,36.1291],[128.478,36.1284],[128.4781,36.1301],[128.4803,36.1424],[128.4758,36.1546]]]},"properties":{"name":"산동초해마루초공동통학구역","office":"경상북도구미교육지원청"}},
{"type":"Feature","geometry":{"type":"Polygon","coordinates":[[[128.1919,36.2996],[128.1886,36.3007],[128.1849,36.2974],[128.1773,36.2977],[128.1735,36.2984],[128.172,36.2989],[128.1696,36.2999],[128.1649,36.2971],[128.1588,36.2968],[128.1532,36.2936],[128.1539,36.293],[128.1491,36.289],[128.1399,36.2864],[128.1377,36.2799],[128.1348,36.2764],[128.1328,36.2678],[128.1373,36.2629],[128.1388,36.2587],[128.1392,36.2606],[128.1411,36.2583],[128.1439,36.257],[128.1564,36.2565],[128.1595,36.2578],[128.1676,36.2536],[128.1723,36.2456],[128.1884,36.244],[128.1968,36.2447],[128.2017,36.24],[128.2147,36.236],[128.2183,36.23],[128.2242,36.2303],[128.2259,36.2315],[128.2291,36.2347],[128.2342,36.2463],[128.2378,36.2483],[128.2388,36.2509],[128.2358,36.2577],[128.2411,36.2618],[128.2416,36.2652],[128.2383,36.2731],[128.2353,36.2772],[128.2267,36.2782],[128.2228,36.2762],[128.214,36.2762],[128.2101,36.2832],[128.2016,36.2855],[128.2021,36.2898],[128.1965,36.2948],[128.1987,36.2979],[128.1919,36.2996]]]},"properties":{"name":"무을초통학구역","office":"경상북도구미교육지원청"}},
{"type":"Feature","geometry":{"type":"Polygon","coordinates":[[[128.6328,36.5535],[128.632,36.5565],[128.6319,36.5566],[128.6319,36.5567],[128.6221,36.5658],[128.6212,36.565],[128.6178,36.5653],[128.6147,36.5656],[128.6138,36.5655],[128.6124,36.5656],[128.6077,36.5648],[128.6037,36.5641],[128.6031,36.564],[128.6012,36.5628],[128.5999,36.562],[128.5994,36.5617],[128.5958,36.5531],[128.5867,36.5511],[128.575,36.5588],[128.5731,36.5597],[128.5692,36.5615],[128.5668,36.5626],[128.5632,36.5631],[128.5596,36.5636],[128.5588,36.5637],[128.5563,36.5629],[128.555,36.5625],[128.5544,36.5623],[128.5535,36.5615],[128.5519,36.56],[128.5515,36.5596],[128.5515,36.559],[128.5518,36.5551],[128.5583,36.5464],[128.5583,36.5463],[128.5583,36.5464],[128.5603,36.5478],[128.5632,36.5455],[128.5667,36.5387],[128.5678,36.5302],[128.5696,36.5237],[128.5823,36.5091],[128.5842,36.5034],[128.596,36.4954],[128.599,36.4929],[128.6103,36.4959],[128.6265,36.505],[128.6359,36.5158],[128.6391,36.5169],[128.6453,36.5077],[128.6547,36.4994],[128.6659,36.4984],[128.6727,36.5009],[128.679,36.4982],[128.6825,36.4959],[128.6876,36.4983],[128.6949,36.4967],[128.695,36.4969],[128.695,36.4967],[128.6952,36.4971],[128.6959,36.498],[128.6984,36.4985],[128.6996,36.4985],[128.7002,36.4988],[128.7008,36.4991],[128.7015,36.4995],[128.7019,36.5006],[128.7008,36.5072],[128.6947,36.5134],[128.6976,36.518],[128.6924,36.524],[128.6885,36.5352],[128.6824,36.539],[128.6721,36.543],[128.6625,36.5485],[128.6582,36.5465],[128.6559,36.5457],[128.6528,36.5453],[128.6466,36.5455],[128.6377,36.5467],[128.6353,36.5473],[128.6338,36.5484],[128.6328,36.5535]]]},"properties":{"name":"남후초통학구역","office":"경상북도안동교육지원청"}},
{"type":"Feature","geometry":{"type":"Polygon","coordinates":[[[128.7948,36.7912],[128.7925,36.7947],[128.7781,36.7884],[128.7733,36.7912],[128.7704,36.7839],[128.7652,36.7804],[128.7549,36.7808],[128.7495,36.7872],[128.7464,36.7858],[128.7377,36.7833],[128.7368,36.784],[128.7377,36.7833],[128.7412,36.7798],[128.7432,36.7756],[128.7409,36.7725],[128.7364,36.7665],[128.743,36.7559],[128.743,36.7499],[128.7369,36.744],[128.7333,36.7314],[128.7353,36.7244],[128.7417,36.7201],[128.7597,36.7144],[128.7485,36.6988],[128.747,36.6946],[128.7461,36.6937],[128.7453,36.692],[128.7452,36.6914],[128.7469,36.6889],[128.7474,36.6888],[128.7488,36.6885],[128.7488,36.687],[128.7529,36.6833],[128.7755,36.6798],[128.7765,36.6862],[128.7826,36.6868],[128.7855,36.6861],[128.7868,36.6865],[128.7879,36.6899],[128.787,36.6917],[128.7854,36.6949],[128.7856,36.697],[128.7814,36.7002],[128.7838,36.7087],[128.8005,36.7154],[128.7937,36.727],[128.7985,36.7377],[128.7974,36.7411],[128.8034,36.7497],[128.8004,36.7575],[128.7964,36.761],[128.7905,36.7731],[128.7948,36.7804],[128.7964,36.7814],[128.7971,36.7818],[128.7963,36.7818],[128.7948,36.7912]]]},"properties":{"name":"녹전초통학구역","office":"경상북도안동교육지원청"}},
{"type":"Feature","geometry":{"type":"Polygon","coordinates":[[[128.6614,36.6003],[128.6613,36.6004],[128.6639,36.6043],[128.6528,36.6114],[128.6505,36.6163],[128.6489,36.6169],[128.6465,36.6064],[128.6424,36.6011],[128.6358,36.6049],[128.6361,36.6101],[128.6343,36.6107],[128.6331,36.6096],[128.6255,36.6077],[128.6112,36.6009],[128.6059,36.5972],[128.6072,36.5968],[128.6064,36.5959],[128.6035,36.5943],[128.6047,36.5868],[128.6086,36.5857],[128.6117,36.5836],[128.6159,36.5856],[128.617,36.5848],[128.6284,36.5836],[128.624,36.5755],[128.6199,36.5729],[128.617,36.5687],[128.6178,36.5653],[128.6212,36.565],[128.6221,36.5658],[128.6249,36.5684],[128.6372,36.5681],[128.6412,36.571],[128.647,36.5719],[128.6521,36.5767],[128.6529,36.5783],[128.6562,36.5775],[128.6594,36.5635],[128.6663,36.5608],[128.6687,36.5568],[128.6688,36.5567],[128.6713,36.5609],[128.6719,36.5621],[128.6712,36.5692],[128.6731,36.577],[128.666,36.5824],[128.6567,36.5849],[128.651,36.5896],[128.6573,36.5916],[128.6598,36.5965],[128.6589,36.5992],[128.6591,36.5998],[128.6614,36.6003]]]},"properties":{"name":"서선초통학구역","office":"경상북도안동교육지원청"}},
{"type":"Feature","geometry":{"type":"Polygon","coordinates":[[[129.3895,35.9728],[129.3923,35.9753],[129.3924,35.9753],[129.395,35.9777],[129.3966,35.9832],[129.3941,35.9936],[129.3802,36.0041],[129.382,36.0069],[129.3953,36.0072],[129.4,36.0139],[129.395,36.0185],[129.401,36.0223],[129.4119,36.0356],[129.4013,36.0386],[129.3901,36.0304],[129.3846,36.0298],[129.3839,36.0291],[129.3788,36.0202],[129.375,36.013],[129.3669,36.0059],[129.3668,36.0059],[129.3666,36.0059],[129.3608,36.0061],[129.3574,36.0058],[129.3567,36.0056],[129.3557,36.0024],[129.3562,36.0024],[129.3669,36.0058],[129.3666,36.0043],[129.3608,35.9945],[129.3598,35.9929],[129.3582,35.9898],[129.3611,35.9816],[129.3611,35.9813],[129.361,35.9789],[129.3609,35.9759],[129.3668,35.9738],[129.3766,35.9744],[129.374,35.9688],[129.3862,35.9637],[129.3898,35.9705],[129.39,35.9712],[129.3901,35.9705],[129.3903,35.9721],[129.3895,35.9728]]]},"properties":{"name":"대송초통학구역","office":"경상북도포항교육지원청"}},
{"type":"Feature","geometry":{"type":"Polygon","coordinates":[[[128.3807,36.1789],[128.3805,36.1791],[128.3749,36.1856],[128.3638,36.1977],[128.3634,36.1987],[128.3622,36.2021],[128.3606,36.202],[128.348,36.2016],[128.341,36.1993],[128.3384,36.1909],[128.3287,36.1875],[128.3293,36.1797],[128.3283,36.1778],[128.3281,36.1774],[128.3279,36.1773],[128.3288,36.1759],[128.3281,36.1732],[128.3375,36.1695],[128.3393,36.1668],[128.3397,36.1668],[128.3408,36.1667],[128.3426,36.1665],[128.3438,36.1668],[128.3465,36.1676],[128.347,36.1677],[128.3472,36.1679],[128.3474,36.168],[128.3503,36.1711],[128.3612,36.1755],[128.3641,36.1783],[128.3709,36.1776],[128.3728,36.1812],[128.376,36.1781],[128.3807,36.1789]]]},"properties":{"name":"남계초통학구역","office":"경상북도구미교육지원청"}},
{"type":"Feature","geometry":{"type":"Polygon","coordinates":[[[129.3953,36.6651],[129.3977,36.666],[129.3991,36.676],[129.4048,36.6844],[129.4038,36.6903],[129.4108,36.6926],[129.4119,36.6981],[129.4093,36.7058],[129.4147,36.7066],[129.4146,36.7085],[129.4134,36.713],[129.4181,36.716],[129.4196,36.7222],[129.4182,36.7288],[129.4088,36.7297],[129.3996,36.7353],[129.3899,36.7475],[129.3798,36.7492],[129.3857,36.7585],[129.3874,36.7588],[129.3874,36.7589],[129.3871,36.7615],[129.3853,36.7629],[129.3843,36.7667],[129.3903,36.769],[129.3865,36.7756],[129.3832,36.7802],[129.3719,36.7758],[129.3623,36.7698],[129.3562,36.7723],[129.3493,36.7727],[129.3384,36.7767],[129.3357,36.7842],[129.337,36.7851],[129.3355,36.7846],[129.3285,36.7826],[129.3208,36.7844],[129.3141,36.7808],[129.3116,36.7777],[129.3063,36.7766],[129.2987,36.7709],[129.2962,36.7653],[129.2976,36.7565],[129.2928,36.7523],[129.2853,36.7521],[129.2717,36.7447],[129.2729,36.7407],[129.2705,36.7277],[129.2753,36.7231],[129.2809,36.7233],[129.2878,36.7189],[129.2944,36.7178],[129.2923,36.7173],[129.2895,36.713],[129.2828,36.6953],[129.2776,36.6915],[129.2763,36.6917],[129.2763,36.6915],[129.2771,36.6889],[129.2765,36.6876],[129.2786,36.6815],[129.2714,36.677],[129.2754,36.6705],[129.2854,36.668],[129.2942,36.6714],[129.2982,36.669],[129.3105,36.6683],[129.3176,36.6656],[129.3273,36.6667],[129.3301,36.6615],[129.349,36.6568],[129.3543,36.651],[129.3615,36.6604],[129.3835,36.6688],[129.3888,36.6645],[129.3924,36.6663],[129.3953,36.6651]]]},"properties":{"name":"온정초통학구역","office":"경상북도울진교육지원청"}},
{"type":"Feature","geometry":{"type":"Polygon","coordinates":[[[128.7537,35.7978],[128.754,35.8032],[128.746,35.807],[128.7454,35.8081],[128.7448,35.8091],[128.7432,35.8089],[128.7442,35.8101],[128.7391,35.8084],[128.7408,35.8079],[128.7361,35.8051],[128.7368,35.809],[128.737,35.8128],[128.7366,35.809],[128.7363,35.8071],[128.736,35.8051],[128.7352,35.7992],[128.735,35.7983],[128.7354,35.7978],[128.7354,35.7975],[128.7411,35.7916],[128.7445,35.7881],[128.7482,35.7887],[128.7467,35.7893],[128.7489,35.7905],[128.7487,35.7916],[128.7531,35.7961],[128.7536,35.7974],[128.7537,35.7978]]]},"properties":{"name":"삼성현초통학구역","office":"경상북도경산교육지원청"}},
{"type":"Feature","geometry":{"type":"Polygon","coordinates":[[[129.1488,35.8597],[129.144,35.8624],[129.1387,35.8638],[129.1373,35.8661],[129.1363,35.8683],[129.1371,35.866],[129.1326,35.8541],[129.1305,35.8494],[129.1326,35.8369],[129.125,35.8361],[129.1227,35.8409],[129.1145,35.8391],[129.1065,35.8404],[129.1058,35.8393],[129.1053,35.8383],[129.1024,35.8296],[129.0899,35.8223],[129.0919,35.811],[129.0955,35.8064],[129.0957,35.7995],[129.0889,35.7952],[129.0897,35.7944],[129.0904,35.7935],[129.0925,35.7886],[129.1028,35.7855],[129.1059,35.7865],[129.1089,35.7953],[129.1141,35.7992],[129.116,35.8044],[129.1231,35.8078],[129.1318,35.8091],[129.131,35.8141],[129.1395,35.8188],[129.1435,35.8189],[129.1456,35.8148],[129.1486,35.8147],[129.1536,35.813],[129.1561,35.8127],[129.1572,35.8125],[129.1573,35.8125],[129.1577,35.8125],[129.1591,35.8149],[129.1591,35.8194],[129.1607,35.8195],[129.1586,35.8209],[129.1565,35.821],[129.147,35.8235],[129.1526,35.8379],[129.1516,35.8458],[129.1484,35.8503],[129.1493,35.8574],[129.1488,35.8597]]]},"properties":{"name":"모량초통학구역","office":"경상북도경주교육지원청"}},
{"type":"Feature","geometry":{"type":"Polygon","coordinates":[[[128.5007,36.0448],[128.4961,36.046],[128.4955,36.0462],[128.4942,36.0458],[128.4928,36.0455],[128.4867,36.0434],[128.4823,36.0382],[128.4745,36.0349],[128.471,36.0266],[128.47,36.0265],[128.4705,36.0264],[128.4699,36.0262],[128.4738,36.019],[128.4722,36.0164],[128.4694,36.0005],[128.4662,35.9991],[128.4654,35.9907],[128.4668,35.9844],[128.459,35.9801],[128.4432,35.98],[128.439,35.9771],[128.4381,35.9731],[128.4315,35.977],[128.4258,35.9763],[128.421,35.9784],[128.419,35.9753],[128.4189,35.9752],[128.4192,35.9752],[128.4218,35.9753],[128.4262,35.9733],[128.4308,35.9633],[128.4277,35.9603],[128.4298,35.955],[128.4326,35.9514],[128.4288,35.9487],[128.4224,35.9352],[128.4269,35.9316],[128.4387,35.9315],[128.4416,35.9352],[128.4503,35.935],[128.4542,35.9431],[128.463,35.9385],[128.4693,35.9387],[128.4765,35.9341],[128.4762,35.9282],[128.4798,35.9283],[128.4886,35.9248],[128.489,35.9267],[128.4924,35.9249],[128.4971,35.9254],[128.4985,35.9305],[128.5048,35.9287],[128.5107,35.9311],[128.5038,35.9365],[128.5033,35.9453],[128.507,35.9486],[128.5163,35.95],[128.5213,35.9543],[128.5226,35.9648],[128.5222,35.9734],[128.524,35.9752],[128.5288,35.9803],[128.5281,35.9851],[128.5195,35.9909],[128.5175,36.0006],[128.5144,36.0011],[128.5049,36.0083],[128.5036,36.0144],[128.5064,36.0239],[128.5065,36.0244],[128.5056,36.0251],[128.5046,36.0258],[128.4977,36.0328],[128.502,36.0366],[128.5023,36.041],[128.5007,36.0448]]]},"properties":{"name":"신동초통학구역","office":"경상북도칠곡교육지원청"}},
{"type":"Feature","geometry":{"type":"Polygon","coordinates":[[[129.3609,36.0256],[129.358,36.0255],[129.3541,36.0267],[129.3517,36.0247],[129.351,36.0251],[129.351,36.0228],[129.3579,36.0192],[129.3589,36.0187],[129.3585,36.0189],[129.3619,36.0251],[129.3609,36.0256]]]},"properties":{"name":"죽도초통학구역","office":"경상북도포항교육지원청"}},
{"type":"Feature","geometry":{"type":"Polygon","coordinates":[[[129.3515,36.6215],[129.3538,36.6199],[129.3511,36.6106],[129.3475,36.6067],[129.3519,36.5923],[129.3495,36.5838],[129.3528,36.5776],[129.354,36.5772],[129.3579,36.5738],[129.3647,36.5729],[129.3718,36.5606],[129.3807,36.5515],[129.3841,36.5457],[129.3829,36.5456],[129.383,36.5455],[129.386,36.5441],[129.3943,36.5435],[129.3975,36.5446],[129.3977,36.5448],[129.4002,36.5474],[129.4003,36.5475],[129.4021,36.5494],[129.4044,36.5536],[129.4108,36.5558],[129.4156,36.5537],[129.4163,36.5537],[129.4166,36.5536],[129.4171,36.5538],[129.4186,36.5538],[129.419,36.5543],[129.4197,36.5545],[129.42,36.5556],[129.4207,36.5579],[129.4199,36.5578],[129.4198,36.5578],[129.4189,36.5586],[129.4134,36.5618],[129.4041,36.5587],[129.4005,36.5677],[129.4169,36.574],[129.4114,36.5859],[129.4014,36.5858],[129.3961,36.5875],[129.392,36.5962],[129.3821,36.6025],[129.3779,36.6102],[129.3648,36.6114],[129.3612,36.6157],[129.3538,36.62],[129.3515,36.6215]]]},"properties":{"name":"원황초통학구역","office":"경상북도영덕교육지원청"}},
{"type":"Feature","geometry":{"type":"Polygon","coordinates":[[[128.3447,36.1023],[128.3444,36.1024],[128.346,36.1058],[128.3453,36.1049],[128.3452,36.1049],[128.3445,36.1031],[128.3433,36.0998],[128.3412,36.0961],[128.3334,36.0938],[128.3321,36.0928],[128.3319,36.0922],[128.3312,36.0904],[128.3328,36.0879],[128.3358,36.0825],[128.3403,36.0817],[128.3429,36.0801],[128.345,36.0772],[128.3473,36.0794],[128.3539,36.0801],[128.3542,36.0893],[128.3557,36.095],[128.3573,36.0949],[128.3557,36.095],[128.3547,36.0951],[128.3547,36.0952],[128.3571,36.0997],[128.3448,36.1027],[128.3447,36.1023]]]},"properties":{"name":"정수초통학구역","office":"경상북도구미교육지원청"}},
{"type":"Feature","geometry":{"type":"Polygon","coordinates":[[[128.3453,36.1049],[128.3455,36.1054],[128.3449,36.105],[128.3361,36.1065],[128.3333,36.109],[128.3336,36.1078],[128.3324,36.1084],[128.322,36.1079],[128.3257,36.0995],[128.33,36.0967],[128.3301,36.0944],[128.3319,36.0922],[128.3321,36.0928],[128.3334,36.0938],[128.3412,36.0961],[128.3433,36.0998],[128.3445,36.1031],[128.3452,36.1049],[128.3453,36.1049]]]},"properties":{"name":"형남초통학구역","office":"경상북도구미교육지원청"}},
{"type":"Feature","geometry":{"type":"Polygon","coordinates":[[[129.226,36.1427],[129.2214,36.143],[129.2176,36.1424],[129.2078,36.1372],[129.1991,36.1268],[129.184,36.1197],[129.1849,36.1102],[129.1819,36.1042],[129.1737,36.1053],[129.167,36.1024],[129.1599,36.1038],[129.1531,36.1009],[129.1497,36.1074],[129.1421,36.113],[129.1451,36.1201],[129.1387,36.1268],[129.1395,36.1388],[129.1392,36.1392],[129.1388,36.1396],[129.1281,36.1368],[129.1227,36.1332],[129.1219,36.1326],[129.1201,36.1278],[129.1187,36.1246],[129.1117,36.1194],[129.1043,36.1167],[129.1042,36.1167],[129.1052,36.114],[129.0995,36.1063],[129.0936,36.1042],[129.094,36.0962],[129.1051,36.0855],[129.1121,36.082],[129.1117,36.0798],[129.1128,36.0802],[129.1174,36.0799],[129.119,36.0788],[129.1279,36.0806],[129.1289,36.0792],[129.1349,36.0741],[129.1336,36.0683],[129.1361,36.0622],[129.1408,36.0586],[129.1457,36.0569],[129.1472,36.0582],[129.1486,36.0581],[129.149,36.0566],[129.1512,36.0549],[129.1513,36.0548],[129.1647,36.0552],[129.17,36.0533],[129.1704,36.0489],[129.1763,36.0478],[129.1757,36.0422],[129.1782,36.0408],[129.1784,36.0274],[129.1891,36.0323],[129.1975,36.0406],[129.2039,36.0433],[129.218,36.0428],[129.2237,36.0438],[129.2274,36.0479],[129.2362,36.0517],[129.2379,36.0523],[129.239,36.053],[129.2417,36.0587],[129.2424,36.0688],[129.2435,36.0705],[129.2466,36.0738],[129.2469,36.0741],[129.2472,36.0788],[129.2417,36.0796],[129.2374,36.0783],[129.2333,36.0846],[129.233,36.0878],[129.2317,36.0906],[129.23,36.094],[129.234,36.1011],[129.2308,36.1034],[129.2284,36.1112],[129.232,36.114],[129.2312,36.119],[129.231,36.1268],[129.2282,36.1345],[129.2261,36.1427],[129.226,36.1427]]]},"properties":{"name":"기계초통학구역","office":"경상북도포항교육지원청"}},
{"type":"Feature","geometry":{"type":"Polygon","coordinates":[[[128.9824,36.8736],[128.9812,36.8743],[128.9848,36.8758],[128.9925,36.8791],[128.9925,36.8793],[128.9924,36.8796],[128.9924,36.8801],[128.9916,36.8804],[128.9861,36.8825],[128.9908,36.8868],[128.9908,36.8927],[128.9841,36.8964],[128.9788,36.9059],[128.9831,36.9123],[128.9895,36.9155],[128.9898,36.9183],[128.9899,36.9184],[128.9898,36.9184],[128.9912,36.9193],[128.9847,36.9305],[128.9788,36.9332],[128.9699,36.9417],[128.9558,36.9478],[128.9616,36.9534],[128.9606,36.9607],[128.9573,36.9617],[128.9493,36.9766],[128.9421,36.9769],[128.9325,36.9816],[128.9297,36.9862],[128.9207,36.9904],[128.9127,37.0011],[128.9041,37.0034],[128.8986,37.0144],[128.9005,37.0197],[128.9022,37.0334],[128.9005,37.0376],[128.8965,37.0428],[128.8962,37.0433],[128.8965,37.0437],[128.8964,37.0445],[128.8888,37.0499],[128.8785,37.0533],[128.8768,37.0461],[128.8725,37.0439],[128.8637,37.0487],[128.8471,37.0511],[128.8424,37.0404],[128.839,37.0378],[128.8396,37.029],[128.8481,37.0177],[128.8481,37.0129],[128.8582,37.0015],[128.8472,36.9899],[128.8409,36.9869],[128.8335,36.9789],[128.8321,36.974],[128.826,36.9709],[128.8259,36.9708],[128.8286,36.9688],[128.8448,36.9632],[128.8439,36.9507],[128.8495,36.9482],[128.8521,36.9437],[128.8524,36.943],[128.8523,36.9433],[128.8525,36.943],[128.8543,36.9436],[128.861,36.9401],[128.8684,36.9387],[128.8832,36.9407],[128.8894,36.9384],[128.8963,36.9251],[128.9035,36.9158],[128.9132,36.9151],[128.9206,36.9144],[128.9201,36.9085],[128.9145,36.9086],[128.9111,36.9028],[128.9063,36.8992],[128.9049,36.8944],[128.9063,36.89],[128.9096,36.8891],[128.9097,36.8856],[128.9142,36.8829],[128.9108,36.877],[128.9116,36.8721],[128.9044,36.8663],[128.9124,36.8549],[128.9128,36.8497],[128.9182,36.8481],[128.9268,36.8478],[128.9237,36.8552],[128.9333,36.8588],[128.9332,36.8652],[128.9403,36.8674],[128.9468,36.8652],[128.948,36.8652],[128.9562,36.8694],[128.9633,36.8695],[128.9636,36.8695],[128.964,36.8699],[128.966,36.8714],[128.9665,36.8718],[128.9665,36.8722],[128.9669,36.8727],[128.9676,36.8786],[128.9683,36.879],[128.9691,36.879],[128.9726,36.8773],[128.9768,36.8692],[128.9786,36.8702],[128.9824,36.8736]]]},"properties":{"name":"춘양초통학구역","office":"경상북도봉화교육지원청"}},
{"type":"Feature","geometry":{"type":"Polygon","coordinates":[[[128.567,36.8964],[128.5617,36.8997],[128.5573,36.8953],[128.552,36.8974],[128.5508,36.8972],[128.552,36.8974],[128.5538,36.8936],[128.5477,36.8854],[128.5468,36.8856],[128.5473,36.885],[128.5493,36.8823],[128.5519,36.8781],[128.555,36.8783],[128.5559,36.8758],[128.5504,36.8686],[128.5489,36.8623],[128.5448,36.8576],[128.538,36.8618],[128.5365,36.8615],[128.5368,36.8613],[128.5365,36.861],[128.5364,36.8609],[128.5336,36.8568],[128.5337,36.8556],[128.5339,36.854],[128.5354,36.8532],[128.5346,36.8521],[128.5342,36.8494],[128.533,36.8442],[128.5278,36.8397],[128.5299,36.835],[128.5236,36.8245],[128.5207,36.8041],[128.5176,36.8002],[128.5173,36.7992],[128.5138,36.7947],[128.512,36.7914],[128.5118,36.7909],[128.5162,36.7914],[128.5219,36.7895],[128.5299,36.7943],[128.5407,36.788],[128.5483,36.793],[128.5478,36.7969],[128.5447,36.8026],[128.5472,36.8064],[128.5597,36.8041],[128.5616,36.8071],[128.5654,36.8073],[128.5672,36.8076],[128.5743,36.8152],[128.5714,36.823],[128.5721,36.8282],[128.588,36.8229],[128.5948,36.8244],[128.5963,36.8341],[128.5886,36.8359],[128.583,36.8408],[128.5883,36.8443],[128.5881,36.8526],[128.5921,36.8629],[128.5998,36.862],[128.6028,36.8681],[128.6099,36.8681],[128.6135,36.8677],[128.6099,36.8683],[128.6015,36.8738],[128.6014,36.8739],[128.6011,36.8742],[128.6003,36.875],[128.5988,36.8792],[128.5987,36.8794],[128.5959,36.881],[128.5949,36.8809],[128.5922,36.8806],[128.5796,36.8849],[128.574,36.8822],[128.5712,36.886],[128.5669,36.8915],[128.567,36.8964]]]},"properties":{"name":"안정초통학구역","office":"경상북도영주교육지원청"}},
{"type":"Feature","geometry":{"type":"Polygon","coordinates":[[[128.5987,36.8794],[128.5987,36.8793],[128.5987,36.8794],[128.5998,36.8875],[128.5912,36.8898],[128.5941,36.8939],[128.5944,36.8981],[128.5896,36.9006],[128.589,36.9071],[128.5908,36.9115],[128.5899,36.9178],[128.5942,36.925],[128.5907,36.9329],[128.5949,36.9366],[128.5924,36.9455],[128.5764,36.9518],[128.5667,36.9523],[128.5645,36.9564],[128.5388,36.9734],[128.5264,36.9766],[128.5146,36.9776],[128.5064,36.9732],[128.5067,36.9701],[128.486,36.9619],[128.4849,36.9575],[128.4867,36.9569],[128.4905,36.953],[128.4998,36.9487],[128.509,36.9441],[128.5134,36.9373],[128.5154,36.9281],[128.5226,36.9255],[128.5276,36.9157],[128.5338,36.9105],[128.5377,36.9045],[128.5454,36.9033],[128.5508,36.8972],[128.552,36.8974],[128.5573,36.8953],[128.5617,36.8997],[128.567,36.8964],[128.5669,36.8915],[128.5712,36.886],[128.574,36.8822],[128.5796,36.8849],[128.5922,36.8806],[128.5949,36.8809],[128.5959,36.881],[128.5987,36.8794]]]},"properties":{"name":"순흥초통학구역","office":"경상북도영주교육지원청"}},
{"type":"Feature","geometry":{"type":"Polygon","coordinates":[[[128.5987,36.8794],[128.5988,36.8792],[128.6003,36.875],[128.6011,36.8742],[128.6014,36.8739],[128.6015,36.8738],[128.6099,36.8683],[128.6135,36.8677],[128.6232,36.8763],[128.6311,36.8762],[128.6321,36.8769],[128.6317,36.876],[128.633,36.8775],[128.6325,36.878],[128.6311,36.8794],[128.6363,36.8855],[128.6367,36.8873],[128.6377,36.888],[128.6378,36.8894],[128.6405,36.8937],[128.6428,36.8961],[128.6406,36.897],[128.6356,36.8971],[128.6346,36.9076],[128.6402,36.9121],[128.6345,36.9278],[128.6261,36.9293],[128.6263,36.9343],[128.621,36.9372],[128.6239,36.9455],[128.6286,36.9529],[128.6265,36.9584],[128.6277,36.9722],[128.62,36.9768],[128.6226,36.9823],[128.6112,36.995],[128.6106,36.9993],[128.6051,37.0038],[128.5988,37.0052],[128.5967,37.0087],[128.6033,37.0114],[128.6196,37.019],[128.6231,37.0172],[128.6323,37.0195],[128.6383,37.0262],[128.639,37.033],[128.6329,37.0405],[128.6283,37.0421],[128.6217,37.0491],[128.6098,37.052],[128.6068,37.0434],[128.5968,37.0418],[128.5835,37.0437],[128.5777,37.0356],[128.5679,37.0339],[128.5669,37.026],[128.5726,37.022],[128.5691,37.0128],[128.5629,37.0079],[128.5559,37.0057],[128.5547,36.9983],[128.5473,36.9938],[128.5355,36.9902],[128.5297,36.9908],[128.5155,36.9868],[128.5146,36.9776],[128.5264,36.9766],[128.5388,36.9734],[128.5645,36.9564],[128.5667,36.9523],[128.5764,36.9518],[128.5924,36.9455],[128.5949,36.9366],[128.5907,36.9329],[128.5942,36.925],[128.5899,36.9178],[128.5908,36.9115],[128.589,36.9071],[128.5896,36.9006],[128.5944,36.8981],[128.5941,36.8939],[128.5912,36.8898],[128.5998,36.8875],[128.5987,36.8794],[128.5987,36.8793],[128.5987,36.8794]]]},"properties":{"name":"옥대초통학구역","office":"경상북도영주교육지원청"}},
{"type":"Feature","geometry":{"type":"Polygon","coordinates":[[[129.4604,35.6957],[129.4549,35.6952],[129.4547,35.6936],[129.4606,35.6883],[129.4697,35.6875],[129.4697,35.6837],[129.4746,35.6864],[129.4751,35.6951],[129.4657,35.6932],[129.4604,35.6957]]]},"properties":{"name":"나산초양남초공동통학구역","office":"경상북도경주교육지원청"}},
{"type":"Feature","geometry":{"type":"Polygon","coordinates":[[[128.9619,35.9906],[128.9599,35.9989],[128.96,35.9993],[128.96,35.9995],[128.9601,36.0001],[128.9619,36.0014],[128.9581,36.0079],[128.9565,36.0116],[128.9564,36.0102],[128.9556,36.0114],[128.9598,35.9825],[128.9537,35.9763],[128.9447,35.9752],[128.944,35.9756],[128.9436,35.9758],[128.9434,35.9753],[128.9434,35.97],[128.9453,35.9698],[128.9435,35.9695],[128.9487,35.9695],[128.9612,35.9648],[128.9665,35.9666],[128.9686,35.9694],[128.9688,35.9699],[128.9686,35.9784],[128.9766,35.9891],[128.9775,35.9935],[128.9734,35.9937],[128.9648,35.9879],[128.9619,35.9906]]]},"properties":{"name":"영천동부초통학구역","office":"경상북도영천교육지원청"}},
{"type":"Feature","geometry":{"type":"Polygon","coordinates":[[[128.2328,36.1905],[128.2275,36.1874],[128.2208,36.1824],[128.2143,36.1704],[128.2138,36.1697],[128.2137,36.1695],[128.2139,36.1696],[128.2149,36.1675],[128.2196,36.1656],[128.2211,36.1668],[128.2276,36.1675],[128.2281,36.1674],[128.2282,36.1674],[128.2315,36.1665],[128.2337,36.1632],[128.2334,36.1577],[128.2254,36.157],[128.226,36.1531],[128.2212,36.147],[128.2212,36.1469],[128.2211,36.1468],[128.2212,36.1468],[128.2222,36.1417],[128.2261,36.1416],[128.2266,36.1413],[128.2382,36.135],[128.2463,36.1339],[128.253,36.1399],[128.2665,36.1446],[128.2759,36.1446],[128.2802,36.1426],[128.2811,36.1423],[128.2854,36.1457],[128.2869,36.1473],[128.2872,36.1523],[128.2907,36.1533],[128.2926,36.1605],[128.2938,36.1651],[128.2924,36.1709],[128.29,36.1703],[128.281,36.1727],[128.2732,36.1723],[128.273,36.1858],[128.2697,36.1906],[128.2713,36.1956],[128.2624,36.1974],[128.2594,36.2017],[128.2587,36.2028],[128.2593,36.2016],[128.2428,36.1971],[128.2421,36.1977],[128.2328,36.1905]]]},"properties":{"name":"아포초통학구역","office":"경상북도김천교육지원청"}},
{"type":"Feature","geometry":{"type":"Polygon","coordinates":[[[129.2911,36.1627],[129.2913,36.1627],[129.2901,36.1646],[129.2895,36.1699],[129.2847,36.1748],[129.2781,36.1776],[129.2721,36.1857],[129.273,36.1911],[129.2698,36.1959],[129.2636,36.197],[129.2605,36.2133],[129.2452,36.2197],[129.2413,36.2187],[129.2391,36.2191],[129.231,36.2206],[129.2257,36.2156],[129.2216,36.2155],[129.2137,36.2098],[129.2111,36.2066],[129.2102,36.2057],[129.2112,36.2065],[129.2255,36.1966],[129.2256,36.1934],[129.2169,36.1816],[129.22,36.1716],[129.2165,36.1688],[129.2229,36.1543],[129.2286,36.1502],[129.2278,36.145],[129.226,36.1427],[129.2261,36.1427],[129.2282,36.1345],[129.231,36.1268],[129.2312,36.119],[129.232,36.114],[129.2284,36.1112],[129.2308,36.1034],[129.234,36.1011],[129.23,36.094],[129.2317,36.0906],[129.233,36.0878],[129.2333,36.0846],[129.2374,36.0783],[129.2417,36.0796],[129.2472,36.0788],[129.2469,36.0741],[129.2466,36.0738],[129.2508,36.073],[129.2542,36.0758],[129.2633,36.0751],[129.2644,36.0767],[129.2699,36.0794],[129.2754,36.0806],[129.2761,36.0808],[129.2751,36.0824],[129.2761,36.0829],[129.2788,36.085],[129.2801,36.0859],[129.2785,36.0862],[129.2761,36.091],[129.2764,36.0983],[129.279,36.1044],[129.2837,36.1097],[129.2955,36.1146],[129.3024,36.1192],[129.3032,36.1235],[129.2992,36.1378],[129.3022,36.1406],[129.303,36.1406],[129.3023,36.141],[129.2975,36.143],[129.288,36.1461],[129.2854,36.1554],[129.2881,36.1584],[129.2897,36.1625],[129.2911,36.1627]]]},"properties":{"name":"신광초통학구역","office":"경상북도포항교육지원청"}},
{"type":"Feature","geometry":{"type":"Polygon","coordinates":[[[128.0673,36.1293],[128.067,36.1293],[128.0646,36.1293],[128.0637,36.1297],[128.06,36.1314],[128.0511,36.1321],[128.0511,36.1322],[128.051,36.1322],[128.0508,36.1322],[128.0413,36.1329],[128.0312,36.1308],[128.0303,36.1273],[128.0339,36.1212],[128.0344,36.112],[128.039,36.1047],[128.0369,36.0968],[128.0391,36.0882],[128.0393,36.0878],[128.0393,36.0877],[128.0404,36.0874],[128.0407,36.0873],[128.0458,36.0884],[128.0535,36.0895],[128.0583,36.0872],[128.0589,36.0869],[128.0591,36.0874],[128.0646,36.0959],[128.0645,36.1012],[128.059,36.1051],[128.0549,36.113],[128.0585,36.1203],[128.0645,36.126],[128.0651,36.1276],[128.0673,36.1293]]]},"properties":{"name":"대룡초통학구역","office":"경상북도김천교육지원청"}},
{"type":"Feature","geometry":{"type":"Polygon","coordinates":[[[128.705,36.5705],[128.7069,36.5723],[128.7123,36.5709],[128.7133,36.5715],[128.7234,36.5707],[128.7228,36.5689],[128.7235,36.5707],[128.7248,36.5739],[128.7262,36.5748],[128.728,36.5816],[128.7193,36.5868],[128.728,36.5916],[128.7255,36.5946],[128.7244,36.5959],[128.7262,36.5988],[128.7253,36.601],[128.7267,36.6016],[128.7354,36.6056],[128.7351,36.6107],[128.7261,36.6154],[128.7262,36.6189],[128.7262,36.624],[128.7291,36.6257],[128.7307,36.6339],[128.7349,36.6367],[128.7401,36.6483],[128.7401,36.6484],[128.7401,36.6483],[128.74,36.6485],[128.7394,36.649],[128.7388,36.6516],[128.7344,36.6533],[128.7246,36.652],[128.721,36.6555],[128.7158,36.6472],[128.7149,36.6425],[128.7079,36.6401],[128.7087,36.639],[128.7085,36.6312],[128.7065,36.6252],[128.7056,36.6229],[128.705,36.617],[128.702,36.6108],[128.7047,36.6044],[128.706,36.6041],[128.7137,36.5938],[128.7099,36.5868],[128.7103,36.5831],[128.7111,36.5794],[128.7087,36.5752],[128.7048,36.5707],[128.7059,36.5715],[128.705,36.5705]]]},"properties":{"name":"영남초통학구역","office":"경상북도안동교육지원청"}},
{"type":"Feature","geometry":{"type":"Polygon","coordinates":[[[129.2314,36.5775],[129.232,36.5769],[129.2319,36.5776],[129.231,36.583],[129.221,36.5854],[129.2168,36.5893],[129.2193,36.5947],[129.2239,36.5976],[129.2247,36.6033],[129.2314,36.6054],[129.2293,36.6148],[129.2308,36.6203],[129.2365,36.6206],[129.2374,36.6271],[129.2402,36.629],[129.2414,36.6285],[129.2408,36.6296],[129.2391,36.6324],[129.2348,36.6425],[129.2299,36.6475],[129.2332,36.6589],[129.2443,36.6666],[129.2538,36.6712],[129.2603,36.6686],[129.2662,36.6737],[129.2714,36.677],[129.2786,36.6815],[129.2765,36.6876],[129.2771,36.6889],[129.2763,36.6915],[129.2763,36.6917],[129.2739,36.6916],[129.2694,36.6953],[129.2589,36.6968],[129.2572,36.7],[129.2445,36.7004],[129.2294,36.6958],[129.214,36.6829],[129.2007,36.6745],[129.1918,36.688],[129.1839,36.6896],[129.1818,36.6958],[129.1785,36.6978],[129.1675,36.7017],[129.1607,36.7032],[129.1494,36.6997],[129.1462,36.6969],[129.1349,36.6954],[129.1279,36.6777],[129.1236,36.6789],[129.12,36.6832],[129.1199,36.6832],[129.1182,36.6837],[129.1199,36.6832],[129.1189,36.6799],[129.1192,36.6718],[129.1151,36.6677],[129.1138,36.662],[129.1155,36.6491],[129.1284,36.6477],[129.1426,36.6383],[129.1405,36.631],[129.1422,36.6254],[129.1544,36.6246],[129.1614,36.6196],[129.1628,36.6152],[129.1733,36.6191],[129.1812,36.6194],[129.1842,36.6154],[129.193,36.6136],[129.1955,36.6101],[129.1908,36.5995],[129.1974,36.5987],[129.2033,36.5866],[129.2126,36.5709],[129.2233,36.574],[129.2269,36.5785],[129.2314,36.5775]]]},"properties":{"name":"영양중앙초통학구역","office":"경상북도영양교육지원청"}},
{"type":"Feature","geometry":{"type":"Polygon","coordinates":[[[129.1384,36.6217],[129.1356,36.6233],[129.1313,36.6221],[129.1212,36.6236],[129.1134,36.6221],[129.1039,36.6131],[129.0962,36.608],[129.089,36.6091],[129.0875,36.6179],[129.0809,36.6247],[129.0791,36.6363],[129.0833,36.6407],[129.08,36.6473],[129.0667,36.6505],[129.0619,36.6494],[129.053,36.6519],[129.0546,36.6597],[129.0546,36.6607],[129.054,36.6645],[129.0546,36.6607],[129.046,36.6589],[129.0419,36.6602],[129.0453,36.6663],[129.0416,36.6757],[129.034,36.6754],[129.0302,36.6704],[129.0218,36.677],[129.0138,36.6774],[129.0105,36.6804],[129.004,36.6793],[128.9946,36.6815],[128.9942,36.6827],[128.9939,36.6816],[128.9928,36.6773],[128.9894,36.6743],[128.9933,36.6692],[128.9897,36.6663],[128.9953,36.6617],[128.9966,36.6549],[128.9894,36.6478],[128.9949,36.6419],[128.9914,36.6356],[128.9909,36.6239],[128.9966,36.6187],[128.9959,36.6089],[129,36.598],[128.9993,36.5951],[128.9997,36.594],[128.9996,36.5945],[128.9998,36.594],[129.0057,36.5921],[129.0128,36.5887],[129.0142,36.589],[129.0151,36.5886],[129.0191,36.5889],[129.0248,36.5896],[129.032,36.588],[129.0424,36.5803],[129.0501,36.5657],[129.0513,36.5574],[129.0592,36.5549],[129.0678,36.5425],[129.077,36.5423],[129.0816,36.5443],[129.0999,36.5428],[129.107,36.5455],[129.109,36.5481],[129.0993,36.55],[129.0956,36.5528],[129.0929,36.5555],[129.0931,36.5556],[129.0994,36.5599],[129.1006,36.5677],[129.111,36.5727],[129.1112,36.582],[129.1214,36.5968],[129.1309,36.6041],[129.134,36.6114],[129.1398,36.6174],[129.1395,36.6207],[129.1384,36.6217]]]},"properties":{"name":"입암초통학구역","office":"경상북도영양교육지원청"}},
{"type":"Feature","geometry":{"type":"Polygon","coordinates":[[[128.5158,36.7706],[128.5138,36.7723],[128.5111,36.7807],[128.5108,36.7882],[128.5118,36.7909],[128.512,36.7914],[128.5138,36.7947],[128.5173,36.7992],[128.5176,36.8002],[128.5207,36.8041],[128.5236,36.8245],[128.5299,36.835],[128.5278,36.8397],[128.533,36.8442],[128.5342,36.8494],[128.5346,36.8521],[128.5354,36.8532],[128.5339,36.854],[128.5337,36.8556],[128.5336,36.8568],[128.5364,36.8609],[128.5365,36.861],[128.5368,36.8613],[128.5365,36.8615],[128.5366,36.8615],[128.5332,36.8629],[128.5197,36.8681],[128.512,36.874],[128.4993,36.8751],[128.4936,36.8682],[128.4739,36.8647],[128.466,36.865],[128.4587,36.8627],[128.4491,36.8629],[128.4467,36.8534],[128.449,36.8486],[128.4587,36.8456],[128.4628,36.847],[128.4816,36.8347],[128.4826,36.8299],[128.4732,36.8174],[128.4712,36.8035],[128.4749,36.7981],[128.4765,36.7866],[128.475,36.7767],[128.4719,36.7724],[128.4759,36.7685],[128.476,36.7611],[128.4788,36.7611],[128.491,36.7628],[128.5021,36.7662],[128.5063,36.7638],[128.5156,36.7693],[128.5168,36.7704],[128.5158,36.7706]]]},"properties":{"name":"봉현초통학구역","office":"경상북도영주교육지원청"}},
{"type":"Feature","geometry":{"type":"Polygon","coordinates":[[[128.3453,36.1049],[128.346,36.1058],[128.3473,36.1089],[128.3428,36.1159],[128.3404,36.1165],[128.341,36.1157],[128.3392,36.1155],[128.3324,36.1123],[128.3333,36.109],[128.3361,36.1065],[128.3449,36.105],[128.3455,36.1054],[128.3453,36.1049]]]},"properties":{"name":"형곡초통학구역","office":"경상북도구미교육지원청"}},
{"type":"Feature","geometry":{"type":"Polygon","coordinates":[[[128.7233,36.8669],[128.7203,36.8677],[128.7151,36.8643],[128.7054,36.8671],[128.7025,36.8613],[128.6898,36.8632],[128.6832,36.8625],[128.6822,36.8578],[128.677,36.8554],[128.6745,36.8425],[128.6699,36.8432],[128.6653,36.8388],[128.6606,36.834],[128.6537,36.8344],[128.6453,36.8329],[128.645,36.8329],[128.6449,36.8328],[128.6431,36.829],[128.6417,36.8291],[128.6419,36.8262],[128.654,36.8195],[128.6597,36.8201],[128.6681,36.8194],[128.67,36.8079],[128.6676,36.8048],[128.6676,36.7941],[128.6643,36.7836],[128.6643,36.7796],[128.6649,36.7803],[128.665,36.7795],[128.6744,36.7763],[128.6807,36.772],[128.6854,36.7716],[128.6946,36.7753],[128.6946,36.7754],[128.6981,36.7807],[128.7048,36.788],[128.7079,36.7913],[128.7083,36.7901],[128.7117,36.7898],[128.714,36.7919],[128.713,36.7947],[128.7157,36.7972],[128.7185,36.7992],[128.7214,36.801],[128.7213,36.801],[128.7235,36.8023],[128.7276,36.8117],[128.7276,36.8187],[128.7186,36.8186],[128.7159,36.8275],[128.7209,36.8311],[128.7283,36.8306],[128.7356,36.8376],[128.7366,36.8441],[128.7321,36.8468],[128.7264,36.8548],[128.7242,36.8611],[128.7275,36.8642],[128.7233,36.8669]]]},"properties":{"name":"이산초통학구역","office":"경상북도영주교육지원청"}},
{"type":"Feature","geometry":{"type":"Polygon","coordinates":[[[128.9939,36.6816],[128.9942,36.6827],[128.9946,36.6815],[129.004,36.6793],[129.0105,36.6804],[129.0138,36.6774],[129.0218,36.677],[129.0302,36.6704],[129.034,36.6754],[129.0416,36.6757],[129.0453,36.6663],[129.0419,36.6602],[129.046,36.6589],[129.0546,36.6607],[129.054,36.6645],[129.0479,36.6722],[129.0453,36.6807],[129.0469,36.6858],[129.0494,36.6877],[129.0547,36.6919],[129.073,36.689],[129.0907,36.6956],[129.0892,36.6992],[129.089,36.7054],[129.0936,36.7081],[129.0896,36.7153],[129.0808,36.7113],[129.0763,36.7151],[129.0775,36.7224],[129.0722,36.7231],[129.0686,36.7266],[129.0659,36.7355],[129.0661,36.7386],[129.0662,36.7396],[129.0652,36.7392],[129.0634,36.7384],[129.0604,36.7321],[129.0538,36.7307],[129.0469,36.7212],[129.0348,36.7158],[129.03,36.7116],[129.0203,36.7096],[129.0141,36.7015],[129.0055,36.7028],[128.9968,36.7017],[128.9958,36.7027],[128.996,36.7014],[128.9974,36.695],[128.9925,36.6901],[128.9917,36.6895],[128.991,36.689],[128.9917,36.6889],[128.9935,36.6846],[128.9939,36.6816]]]},"properties":{"name":"일월초청기분교장통학구역","office":"경상북도영양교육지원청"}},
{"type":"Feature","geometry":{"type":"Polygon","coordinates":[[[129.5202,35.9363],[129.5337,35.9362],[129.5352,35.9439],[129.5444,35.9517],[129.5499,35.9604],[129.547,35.9644],[129.5542,35.9681],[129.5516,35.9793],[129.5525,35.9873],[129.5564,35.9909],[129.5652,35.9903],[129.5676,35.9986],[129.5749,36.004],[129.5777,36.012],[129.5827,36.017],[129.5776,36.0242],[129.5819,36.0285],[129.5772,36.0353],[129.5819,36.0469],[129.5698,36.0443],[129.5613,36.0408],[129.5534,36.0435],[129.5465,36.0399],[129.547,36.0396],[129.5381,36.0288],[129.5378,36.0283],[129.5374,36.0278],[129.5377,36.0276],[129.5321,36.0232],[129.5326,36.0127],[129.5229,36.014],[129.5058,35.9985],[129.5027,35.9905],[129.5058,35.9825],[129.5053,35.976],[129.5022,35.9739],[129.5032,35.9666],[129.5087,35.9573],[129.5157,35.9533],[129.5177,35.9495],[129.5155,35.9476],[129.5161,35.9454],[129.5129,35.9447],[129.5075,35.9382],[129.5075,35.9381],[129.5099,35.9377],[129.513,35.9341],[129.5202,35.9363]]]},"properties":{"name":"구룡포초통학구역","office":"경상북도포항교육지원청"}},
{"type":"Feature","geometry":{"type":"Polygon","coordinates":[[[128.6718,36.9213],[128.6703,36.9197],[128.6696,36.919],[128.6706,36.9188],[128.669,36.9184],[128.6662,36.9178],[128.6587,36.9094],[128.6498,36.9106],[128.6468,36.9015],[128.6439,36.8993],[128.6428,36.8961],[128.6405,36.8937],[128.6378,36.8894],[128.6377,36.888],[128.6387,36.8873],[128.6443,36.8795],[128.6531,36.8759],[128.6559,36.8702],[128.6455,36.8647],[128.6418,36.8572],[128.6448,36.8533],[128.6479,36.8559],[128.6595,36.8503],[128.662,36.8428],[128.6699,36.8432],[128.6745,36.8425],[128.677,36.8554],[128.6822,36.8578],[128.6832,36.8625],[128.6898,36.8632],[128.7025,36.8613],[128.7054,36.8671],[128.7151,36.8643],[128.7203,36.8677],[128.7195,36.8736],[128.7118,36.8728],[128.7084,36.8753],[128.7062,36.8784],[128.7068,36.8861],[128.7078,36.8865],[128.7077,36.8866],[128.7067,36.8873],[128.7077,36.89],[128.704,36.8928],[128.7033,36.9044],[128.7004,36.9099],[128.6988,36.9126],[128.6952,36.9157],[128.6921,36.9206],[128.692,36.9208],[128.692,36.9205],[128.6865,36.9185],[128.6822,36.9197],[128.6738,36.921],[128.6718,36.9213]]]},"properties":{"name":"도촌초통학구역","office":"경상북도봉화교육지원청"}},
{"type":"Feature","geometry":{"type":"Polygon","coordinates":[[[128.1111,36.1321],[128.111,36.1322],[128.1072,36.1316],[128.1006,36.1302],[128.092,36.1284],[128.0912,36.1282],[128.092,36.1282],[128.1006,36.13],[128.0983,36.1238],[128.0995,36.1165],[128.0951,36.1163],[128.0951,36.1162],[128.0895,36.1102],[128.0901,36.1096],[128.0923,36.1079],[128.0936,36.1075],[128.0941,36.1065],[128.0945,36.1061],[128.0946,36.1059],[128.0949,36.1059],[128.0977,36.1072],[128.102,36.1054],[128.1073,36.1068],[128.1085,36.1075],[128.1095,36.1085],[128.1092,36.1104],[128.1084,36.1133],[128.1084,36.1142],[128.1083,36.1145],[128.1084,36.116],[128.1106,36.1194],[128.1126,36.1218],[128.1146,36.122],[128.1131,36.123],[128.1138,36.125],[128.1098,36.1283],[128.1098,36.1307],[128.1099,36.1308],[128.1111,36.1321]]]},"properties":{"name":"김천서부초통학구역","office":"경상북도김천교육지원청"}},
{"type":"Feature","geometry":{"type":"Polygon","coordinates":[[[128.4635,36.3388],[128.463,36.3463],[128.4636,36.3512],[128.4649,36.3603],[128.4676,36.3613],[128.4651,36.3653],[128.4548,36.3673],[128.4455,36.3683],[128.4281,36.368],[128.4187,36.3668],[128.4055,36.3576],[128.4018,36.3533],[128.407,36.3489],[128.4037,36.3466],[128.3917,36.344],[128.3895,36.3387],[128.3822,36.3258],[128.3788,36.3225],[128.3778,36.3231],[128.3782,36.322],[128.3792,36.3196],[128.3804,36.3122],[128.3893,36.3096],[128.3879,36.3042],[128.396,36.2931],[128.4054,36.2874],[128.4104,36.2872],[128.4165,36.2987],[128.4279,36.2989],[128.4346,36.3057],[128.4385,36.3051],[128.438,36.314],[128.4451,36.3184],[128.447,36.3227],[128.4599,36.3294],[128.4641,36.3314],[128.4635,36.3388]]]},"properties":{"name":"구천초통학구역","office":"경상북도의성교육지원청"}},
{"type":"Feature","geometry":{"type":"Polygon","coordinates":[[[129.226,36.1427],[129.2278,36.145],[129.2286,36.1502],[129.2229,36.1543],[129.2165,36.1688],[129.22,36.1716],[129.2169,36.1816],[129.2256,36.1934],[129.2255,36.1966],[129.2112,36.2065],[129.2102,36.2057],[129.2047,36.2081],[129.2032,36.2086],[129.2023,36.209],[129.2024,36.2081],[129.1847,36.196],[129.1864,36.1924],[129.1901,36.1858],[129.1865,36.1817],[129.1761,36.1772],[129.1735,36.1734],[129.1688,36.1651],[129.1581,36.1653],[129.1507,36.1627],[129.1422,36.1458],[129.1392,36.1392],[129.1395,36.1388],[129.1387,36.1268],[129.1451,36.1201],[129.1421,36.113],[129.1497,36.1074],[129.1531,36.1009],[129.1599,36.1038],[129.167,36.1024],[129.1737,36.1053],[129.1819,36.1042],[129.1849,36.1102],[129.184,36.1197],[129.1991,36.1268],[129.2078,36.1372],[129.2176,36.1424],[129.2214,36.143],[129.226,36.1427]]]},"properties":{"name":"기북초통학구역","office":"경상북도포항교육지원청"}},
{"type":"Feature","geometry":{"type":"Polygon","coordinates":[[[128.4144,36.0716],[128.4154,36.0707],[128.4136,36.0636],[128.432,36.0604],[128.436,36.057],[128.4413,36.0601],[128.4514,36.0621],[128.4625,36.0603],[128.4832,36.0603],[128.4869,36.0676],[128.4764,36.0716],[128.47,36.0719],[128.4696,36.0723],[128.468,36.0729],[128.4673,36.0731],[128.4674,36.0723],[128.4629,36.0697],[128.4481,36.0742],[128.442,36.0791],[128.4346,36.0796],[128.4284,36.0806],[128.4283,36.0807],[128.4265,36.083],[128.4257,36.0839],[128.4256,36.084],[128.4258,36.0842],[128.4259,36.0843],[128.4258,36.0844],[128.4251,36.0854],[128.424,36.0839],[128.4223,36.0885],[128.4196,36.0851],[128.4182,36.0851],[128.4168,36.0835],[128.4164,36.083],[128.4157,36.0828],[128.4127,36.0838],[128.4085,36.0833],[128.4063,36.0922],[128.3982,36.0922],[128.3955,36.091],[128.3911,36.0837],[128.3901,36.0801],[128.3899,36.0792],[128.3974,36.0805],[128.4121,36.0735],[128.4144,36.0724],[128.4136,36.0722],[128.4144,36.0716]]]},"properties":{"name":"장곡초통학구역","office":"경상북도칠곡교육지원청"}},
{"type":"Feature","geometry":{"type":"Polygon","coordinates":[[[128.1658,35.9498],[128.1657,35.9489],[128.1684,35.9447],[128.1738,35.9435],[128.1789,35.9465],[128.1849,35.9404],[128.1859,35.9339],[128.192,35.9282],[128.1961,35.9306],[128.2104,35.9294],[128.2137,35.9347],[128.2204,35.9343],[128.2267,35.9272],[128.226,35.9217],[128.2288,35.9179],[128.2345,35.919],[128.2343,35.9233],[128.2357,35.9263],[128.2406,35.9295],[128.244,35.9308],[128.245,35.9303],[128.245,35.9306],[128.2448,35.9324],[128.2469,35.9338],[128.2483,35.9393],[128.2503,35.9391],[128.2543,35.9404],[128.2545,35.9404],[128.2545,35.9405],[128.2544,35.941],[128.2542,35.9419],[128.2538,35.9423],[128.2492,35.9468],[128.2498,35.9478],[128.2479,35.9491],[128.246,35.9503],[128.2437,35.9527],[128.2391,35.9578],[128.2337,35.9625],[128.2288,35.9827],[128.221,35.9886],[128.2195,35.9949],[128.2171,35.9982],[128.2135,36.0085],[128.2164,36.0146],[128.2136,36.0202],[128.2079,36.0223],[128.1984,36.0218],[128.1949,36.0276],[128.1885,36.0312],[128.1813,36.032],[128.1784,36.0314],[128.1757,36.0322],[128.1739,36.033],[128.1694,36.0355],[128.1699,36.036],[128.1693,36.0357],[128.1643,36.0325],[128.1648,36.0316],[128.164,36.032],[128.1652,36.0307],[128.168,36.0195],[128.1734,36.0142],[128.169,36.0112],[128.1662,35.9995],[128.1708,35.9966],[128.1679,35.9891],[128.1577,35.9874],[128.1558,35.979],[128.1509,35.9758],[128.1529,35.9689],[128.1504,35.967],[128.1523,35.9665],[128.1568,35.9629],[128.1618,35.9565],[128.1655,35.9519],[128.1658,35.9498]]]},"properties":{"name":"벽진초통학구역","office":"경상북도성주교육지원청"}},
{"type":"Feature","geometry":{"type":"Polygon","coordinates":[[[128.8524,36.943],[128.8525,36.9419],[128.8527,36.9408],[128.8524,36.94],[128.852,36.9387],[128.8518,36.9382],[128.8497,36.9379],[128.8474,36.9333],[128.8381,36.9289],[128.8414,36.9247],[128.8382,36.9179],[128.8411,36.911],[128.8366,36.9101],[128.8353,36.9018],[128.8335,36.8993],[128.8317,36.8998],[128.8322,36.8995],[128.8335,36.8993],[128.8371,36.8993],[128.8377,36.899],[128.8378,36.899],[128.8364,36.8962],[128.8352,36.8944],[128.8354,36.8942],[128.8361,36.8935],[128.8355,36.893],[128.8365,36.8926],[128.8425,36.8925],[128.8496,36.8882],[128.865,36.8914],[128.8727,36.8861],[128.8765,36.8915],[128.8741,36.8949],[128.8765,36.9003],[128.8822,36.8948],[128.8846,36.8926],[128.8861,36.8894],[128.8937,36.8847],[128.9012,36.8925],[128.9063,36.89],[128.9049,36.8944],[128.9063,36.8992],[128.9111,36.9028],[128.9145,36.9086],[128.9201,36.9085],[128.9206,36.9144],[128.9132,36.9151],[128.9035,36.9158],[128.8963,36.9251],[128.8894,36.9384],[128.8832,36.9407],[128.8684,36.9387],[128.861,36.9401],[128.8543,36.9436],[128.8525,36.943],[128.8523,36.9433],[128.8524,36.943]]]},"properties":{"name":"법전중앙초통학구역","office":"경상북도봉화교육지원청"}},
{"type":"Feature","geometry":{"type":"Polygon","coordinates":[[[128.7325,35.8329],[128.731,35.8361],[128.7265,35.8427],[128.7241,35.8385],[128.7283,35.8301],[128.7313,35.8282],[128.7304,35.8254],[128.7315,35.8281],[128.733,35.8313],[128.733,35.8315],[128.7325,35.8329]]]},"properties":{"name":"정평초통학구역","office":"경상��도경산교육지원청"}},
{"type":"Feature","geometry":{"type":"Polygon","coordinates":[[[128.3349,36.1192],[128.334,36.1205],[128.323,36.1183],[128.322,36.1079],[128.3324,36.1084],[128.3336,36.1078],[128.3333,36.109],[128.3324,36.1123],[128.3392,36.1155],[128.341,36.1157],[128.3404,36.1165],[128.3402,36.1165],[128.3398,36.1172],[128.3395,36.1179],[128.3387,36.1187],[128.3388,36.1172],[128.3355,36.1179],[128.3349,36.1192]]]},"properties":{"name":"형일초통학구역","office":"경상북도구미교육지원청"}},
{"type":"Feature","geometry":{"type":"Polygon","coordinates":[[[128.3473,36.1089],[128.3509,36.1077],[128.3591,36.1032],[128.3591,36.1034],[128.3591,36.1035],[128.3567,36.1118],[128.3583,36.1169],[128.3585,36.1194],[128.3577,36.1215],[128.3585,36.1231],[128.3592,36.1248],[128.3595,36.1273],[128.3523,36.1262],[128.3515,36.1261],[128.349,36.1272],[128.3487,36.1273],[128.3458,36.1229],[128.3477,36.1224],[128.3451,36.1204],[128.3427,36.1205],[128.3385,36.1203],[128.3366,36.1203],[128.3385,36.1202],[128.3395,36.1179],[128.3398,36.1172],[128.3402,36.1165],[128.3404,36.1165],[128.3428,36.1159],[128.3473,36.1089]]]},"properties":{"name":"송정초통학구역","office":"경상북도구미교육지원청"}},
{"type":"Feature","geometry":{"type":"Polygon","coordinates":[[[129.1521,36.5009],[129.1501,36.5006],[129.1521,36.5002],[129.1539,36.4927],[129.1477,36.4776],[129.152,36.4682],[129.1621,36.4579],[129.161,36.4538],[129.1691,36.4465],[129.1683,36.4422],[129.1719,36.4345],[129.186,36.4293],[129.1872,36.428],[129.1867,36.4269],[129.1881,36.4265],[129.1984,36.4303],[129.2091,36.421],[129.2116,36.4139],[129.2103,36.4077],[129.212,36.4074],[129.2103,36.4073],[129.215,36.407],[129.2167,36.4037],[129.2262,36.399],[129.2281,36.4036],[129.2464,36.4077],[129.249,36.4066],[129.2618,36.4088],[129.271,36.4196],[129.2825,36.4195],[129.2847,36.4174],[129.2927,36.4195],[129.2999,36.4169],[129.3078,36.4139],[129.3167,36.4151],[129.3194,36.414],[129.3239,36.413],[129.3358,36.4107],[129.3378,36.4218],[129.3436,36.43],[129.3502,36.4322],[129.3451,36.4365],[129.3432,36.4492],[129.336,36.4558],[129.3326,36.4638],[129.3275,36.467],[129.3243,36.474],[129.324,36.4799],[129.324,36.481],[129.3238,36.4811],[129.3235,36.4819],[129.316,36.4838],[129.3145,36.4852],[129.3037,36.4923],[129.3007,36.4977],[129.2906,36.5042],[129.2867,36.5083],[129.2782,36.5091],[129.2727,36.5081],[129.2544,36.5048],[129.248,36.5103],[129.2438,36.5085],[129.2323,36.5118],[129.2264,36.5101],[129.2233,36.4998],[129.2181,36.4954],[129.2137,36.5004],[129.2051,36.5026],[129.1972,36.5012],[129.1911,36.5032],[129.1885,36.4997],[129.1819,36.5075],[129.1741,36.5078],[129.1587,36.5021],[129.1521,36.5009]]]},"properties":{"name":"지품초통학구역","office":"경상북도영덕교육지원청"}},
{"type":"Feature","geometry":{"type":"Polygon","coordinates":[[[129.3804,36.3263],[129.3802,36.3349],[129.3822,36.3421],[129.3883,36.3486],[129.3875,36.3556],[129.394,36.3627],[129.4057,36.3815],[129.4075,36.3894],[129.415,36.3935],[129.4111,36.3966],[129.4108,36.4033],[129.4042,36.4056],[129.4055,36.4166],[129.4043,36.4198],[129.3994,36.4175],[129.3916,36.4187],[129.3873,36.416],[129.3834,36.4018],[129.3886,36.4017],[129.3901,36.3911],[129.3758,36.3804],[129.3682,36.3828],[129.3533,36.3941],[129.3472,36.3952],[129.3388,36.4027],[129.3358,36.4107],[129.3239,36.413],[129.3194,36.414],[129.3157,36.407],[129.3205,36.3984],[129.3185,36.3943],[129.3234,36.388],[129.3218,36.3747],[129.3188,36.3705],[129.3196,36.365],[129.3169,36.3553],[129.3181,36.349],[129.315,36.3459],[129.3187,36.3371],[129.3302,36.337],[129.3487,36.3316],[129.3536,36.3247],[129.3616,36.3219],[129.3783,36.3272],[129.3804,36.3263]]]},"properties":{"name":"강구초통학구역","office":"경상북도영덕교육지원청"}},
{"type":"Feature","geometry":{"type":"Polygon","coordinates":[[[129.3401,36.0024],[129.3445,36.002],[129.3458,36.002],[129.3445,36.0021],[129.3401,36.0025],[129.3332,36.0031],[129.325,36.0028],[129.3247,36.0027],[129.3246,36.0027],[129.3056,35.9965],[129.3032,35.9956],[129.3043,35.9957],[129.3033,35.9951],[129.3031,35.9863],[129.3023,35.9813],[129.312,35.9665],[129.3154,35.9597],[129.3199,35.9582],[129.3199,35.9581],[129.322,35.9593],[129.3277,35.9609],[129.3348,35.9661],[129.3369,35.9672],[129.3308,35.9781],[129.3489,35.9793],[129.3507,35.9805],[129.3526,35.9804],[129.3509,35.9812],[129.3463,35.9831],[129.3483,35.9881],[129.3365,35.9912],[129.3391,35.9979],[129.333,35.9976],[129.3327,36.001],[129.3401,36.0024]]]},"properties":{"name":"연일초연일형산초공동통학구역","office":"경상북도포항교육지원청"}},
{"type":"Feature","geometry":{"type":"Polygon","coordinates":[[[128.7228,36.5689],[128.7207,36.5667],[128.7207,36.5652],[128.7207,36.5589],[128.7168,36.5547],[128.7063,36.5534],[128.7037,36.5527],[128.7063,36.5532],[128.7168,36.5546],[128.725,36.5558],[128.735,36.5575],[128.7357,36.5578],[128.7362,36.5581],[128.7367,36.5583],[128.749,36.5659],[128.7357,36.5578],[128.7361,36.5642],[128.7316,36.5686],[128.7339,36.5761],[128.7383,36.5784],[128.7451,36.593],[128.7398,36.5983],[128.7349,36.5932],[128.7275,36.5986],[128.7264,36.5998],[128.7262,36.5988],[128.7244,36.5959],[128.7255,36.5946],[128.728,36.5916],[128.7193,36.5868],[128.728,36.5816],[128.7262,36.5748],[128.7248,36.5739],[128.7235,36.5707],[128.7228,36.5689]]]},"properties":{"name":"안동초통학구역","office":"경상북도안동교육지원청"}},
{"type":"Feature","geometry":{"type":"Polygon","coordinates":[[[129.3256,35.7093],[129.3229,35.7102],[129.3179,35.7049],[129.3084,35.7085],[129.306,35.7047],[129.3001,35.7051],[129.2933,35.7026],[129.2922,35.6996],[129.2898,35.6982],[129.2887,35.6955],[129.2909,35.6954],[129.3074,35.6854],[129.3184,35.6903],[129.3266,35.6969],[129.3294,35.6959],[129.3304,35.6942],[129.3303,35.6937],[129.3303,35.6934],[129.3303,35.6933],[129.3304,35.6934],[129.3353,35.6924],[129.3365,35.6925],[129.339,35.6934],[129.3432,35.6957],[129.3452,35.6977],[129.347,35.7019],[129.3474,35.7043],[129.3475,35.705],[129.3469,35.7045],[129.3367,35.7084],[129.3256,35.7093]]]},"properties":{"name":"석계초입실초공동통학구역","office":"경상북도경주교육지원청"}},
{"type":"Feature","geometry":{"type":"Polygon","coordinates":[[[128.7262,36.5988],[128.7264,36.5998],[128.7275,36.5986],[128.7349,36.5932],[128.7398,36.5983],[128.7451,36.593],[128.7383,36.5784],[128.7339,36.5761],[128.7316,36.5686],[128.7361,36.5642],[128.7357,36.5578],[128.749,36.5659],[128.7541,36.5703],[128.7619,36.5682],[128.7749,36.5706],[128.7798,36.5702],[128.7811,36.5702],[128.7808,36.5713],[128.7797,36.5765],[128.8018,36.5864],[128.8075,36.5876],[128.8102,36.588],[128.8075,36.5878],[128.8076,36.5946],[128.8132,36.6026],[128.8133,36.6029],[128.813,36.6037],[128.807,36.6071],[128.7986,36.6052],[128.7896,36.596],[128.7816,36.5956],[128.7784,36.5988],[128.76,36.6067],[128.7527,36.6055],[128.751,36.6059],[128.7481,36.608],[128.7484,36.6165],[128.7595,36.6244],[128.7499,36.6337],[128.7503,36.644],[128.7504,36.6446],[128.7435,36.646],[128.7428,36.6461],[128.7425,36.6462],[128.7401,36.6483],[128.7401,36.6484],[128.7401,36.6483],[128.7349,36.6367],[128.7307,36.6339],[128.7291,36.6257],[128.7262,36.624],[128.7262,36.6189],[128.7261,36.6154],[128.7351,36.6107],[128.7354,36.6056],[128.7267,36.6016],[128.7253,36.601],[128.7262,36.5988]]]},"properties":{"name":"안동동부초통학구역","office":"경상북도안동교육지원청"}},
{"type":"Feature","geometry":{"type":"Polygon","coordinates":[[[128.3545,36.0688],[128.3557,36.0696],[128.356,36.07],[128.3572,36.0724],[128.3495,36.072],[128.3469,36.072],[128.3495,36.0718],[128.3529,36.0693],[128.3537,36.0693],[128.3545,36.0688]]]},"properties":{"name":"구미오산초통학구역","office":"경상북도구미교육지원청"}},
{"type":"Feature","geometry":{"type":"Polygon","coordinates":[[[128.661,36.3717],[128.6609,36.3715],[128.6594,36.3655],[128.6555,36.3615],[128.657,36.3594],[128.6551,36.3448],[128.6584,36.3396],[128.6576,36.3335],[128.6615,36.3324],[128.6626,36.336],[128.6715,36.3413],[128.6778,36.3489],[128.6889,36.3472],[128.6902,36.3427],[128.6901,36.3446],[128.6918,36.347],[128.6911,36.3483],[128.6913,36.3483],[128.6913,36.3487],[128.6917,36.356],[128.698,36.3571],[128.7128,36.3778],[128.716,36.3814],[128.7162,36.3817],[128.7163,36.3818],[128.7171,36.3842],[128.7115,36.3873],[128.7089,36.3881],[128.7068,36.3926],[128.7038,36.3977],[128.6949,36.4039],[128.6892,36.4022],[128.6822,36.3883],[128.6765,36.3914],[128.6691,36.3897],[128.6662,36.383],[128.6669,36.3783],[128.6621,36.3736],[128.6611,36.3716],[128.661,36.3717]]]},"properties":{"name":"의성북부초통학구역","office":"경상북도의성교육지원청"}},
{"type":"Feature","geometry":{"type":"Polygon","coordinates":[[[128.6022,36.0261],[128.6003,36.0268],[128.5993,36.0272],[128.5945,36.0317],[128.5902,36.0326],[128.5893,36.0332],[128.5865,36.0343],[128.5863,36.0344],[128.5839,36.0324],[128.5808,36.033],[128.5802,36.0337],[128.5793,36.0334],[128.5792,36.0334],[128.5717,36.0294],[128.5669,36.0269],[128.5651,36.0186],[128.5672,36.0031],[128.5704,35.9963],[128.5786,35.9914],[128.5907,35.989],[128.5914,35.9889],[128.594,35.9903],[128.6037,35.9889],[128.6175,36.0067],[128.6306,36.0071],[128.6407,36.0105],[128.6369,36.0169],[128.6214,36.0252],[128.6083,36.0254],[128.6026,36.0259],[128.6022,36.0261]]]},"properties":{"name":"동명동부초통학구역","office":"경상북도칠곡교육지원청"}},
{"type":"Feature","geometry":{"type":"Polygon","coordinates":[[[128.1685,35.7796],[128.1635,35.777],[128.1615,35.77],[128.165,35.7635],[128.1892,35.7514],[128.1973,35.7537],[128.1985,35.7587],[128.2203,35.7666],[128.2282,35.7656],[128.2351,35.7597],[128.2515,35.7556],[128.2579,35.7528],[128.2589,35.7585],[128.2676,35.7594],[128.2576,35.7655],[128.2589,35.7755],[128.254,35.7791],[128.2518,35.781],[128.2516,35.7806],[128.2515,35.7809],[128.2514,35.7801],[128.2484,35.7816],[128.2383,35.7823],[128.2331,35.787],[128.2251,35.7876],[128.2171,35.7921],[128.2131,35.8002],[128.2136,35.8094],[128.2096,35.8159],[128.1992,35.8153],[128.1944,35.8182],[128.1843,35.8183],[128.1743,35.8169],[128.165,35.8126],[128.1623,35.8055],[128.1653,35.8008],[128.1757,35.7949],[128.1788,35.7873],[128.1685,35.7796]]]},"properties":{"name":"덕곡초통학구역","office":"경상북도고령교육지원청"}},
{"type":"Feature","geometry":{"type":"Polygon","coordinates":[[[128.7209,35.6154],[128.7209,35.615],[128.7208,35.6147],[128.7207,35.6145],[128.7207,35.6144],[128.735,35.6051],[128.7367,35.5993],[128.7501,35.5957],[128.7511,35.5883],[128.7597,35.581],[128.7651,35.5833],[128.7647,35.589],[128.7696,35.589],[128.7717,35.5897],[128.774,35.5905],[128.7771,35.5915],[128.7793,35.5932],[128.7829,35.5926],[128.7837,35.593],[128.7843,35.5933],[128.7848,35.5936],[128.7862,35.5988],[128.7855,35.5989],[128.7863,35.6035],[128.7906,35.6086],[128.7832,35.623],[128.779,35.6249],[128.7759,35.632],[128.7817,35.6382],[128.7833,35.6475],[128.7906,35.6493],[128.798,35.6484],[128.8015,35.6603],[128.8069,35.6618],[128.8065,35.6688],[128.8061,35.6766],[128.7976,35.6806],[128.7919,35.681],[128.7847,35.6963],[128.7799,35.6961],[128.7656,35.7014],[128.7537,35.7011],[128.7445,35.705],[128.7338,35.6969],[128.7346,35.6852],[128.7293,35.6812],[128.7284,35.677],[128.7226,35.6762],[128.7208,35.6749],[128.7222,35.6741],[128.7226,35.6723],[128.7258,35.6697],[128.7281,35.6689],[128.7305,35.6667],[128.732,35.6668],[128.7361,35.6649],[128.7382,35.6594],[128.7433,35.6525],[128.7435,35.6439],[128.7435,35.6436],[128.7511,35.6343],[128.735,35.627],[128.7307,35.6179],[128.721,35.6154],[128.7209,35.6152],[128.7209,35.6154]]]},"properties":{"name":"청도중앙초통학구역","office":"경상북도청도교육지원청"}},
{"type":"Feature","geometry":{"type":"Polygon","coordinates":[[[128.7026,35.7437],[128.6943,35.7443],[128.6893,35.7402],[128.6919,35.7353],[128.6906,35.7305],[128.6831,35.7256],[128.6832,35.7215],[128.6635,35.7205],[128.6566,35.7179],[128.6462,35.7082],[128.6382,35.7058],[128.6309,35.7068],[128.6198,35.7028],[128.6112,35.6984],[128.6106,35.6914],[128.6114,35.6901],[128.6148,35.685],[128.6153,35.6724],[128.6245,35.6651],[128.6261,35.6617],[128.6222,35.6552],[128.627,35.6529],[128.6314,35.6471],[128.6316,35.6409],[128.6331,35.641],[128.6333,35.6411],[128.6336,35.6411],[128.6383,35.6446],[128.6394,35.6448],[128.6485,35.6429],[128.6582,35.648],[128.6779,35.6519],[128.6786,35.6524],[128.6819,35.6544],[128.6827,35.655],[128.6836,35.6556],[128.6872,35.6593],[128.6877,35.6598],[128.6928,35.6628],[128.6893,35.668],[128.6921,35.6698],[128.6914,35.6739],[128.6864,35.6786],[128.6919,35.6843],[128.6933,35.6889],[128.7004,35.6951],[128.7072,35.6967],[128.7078,35.6965],[128.7075,35.697],[128.7066,35.6983],[128.7085,35.7032],[128.7096,35.7139],[128.7149,35.7211],[128.7095,35.7326],[128.703,35.7373],[128.7026,35.7437]]]},"properties":{"name":"이서초통학구역","office":"경상북도청도교육지원청"}},
{"type":"Feature","geometry":{"type":"Polygon","coordinates":[[[128.8394,35.9634],[128.8391,35.9645],[128.8365,35.9678],[128.8278,35.9639],[128.8231,35.9652],[128.8222,35.9644],[128.8137,35.9574],[128.8055,35.9546],[128.8028,35.9513],[128.7963,35.9508],[128.793,35.9479],[128.7931,35.9456],[128.8043,35.9429],[128.8055,35.9409],[128.8192,35.9451],[128.8258,35.9427],[128.83,35.9366],[128.8395,35.9348],[128.8397,35.9348],[128.8403,35.9377],[128.8397,35.9415],[128.8459,35.9446],[128.8488,35.953],[128.8547,35.9542],[128.8551,35.9544],[128.8543,35.9548],[128.8543,35.9549],[128.8541,35.9554],[128.8528,35.9584],[128.8521,35.9596],[128.8516,35.9599],[128.8457,35.9633],[128.8398,35.9634],[128.8394,35.9634]]]},"properties":{"name":"와촌초통학구역","office":"경상북도경산교육지원청"}},
{"type":"Feature","geometry":{"type":"Polygon","coordinates":[[[128.4159,36.1445],[128.4172,36.1497],[128.4114,36.1476],[128.409,36.1464],[128.4159,36.1445]]]},"properties":{"name":"양포초통학구역","office":"경상북도구미교육지원청"}},
{"type":"Feature","geometry":{"type":"Polygon","coordinates":[[[128.3306,35.7066],[128.3305,35.7067],[128.3298,35.7067],[128.3266,35.7068],[128.3227,35.704],[128.3224,35.7038],[128.3175,35.7055],[128.3114,35.7041],[128.3134,35.6952],[128.3058,35.6921],[128.302,35.6795],[128.2956,35.6769],[128.2921,35.6771],[128.2913,35.6772],[128.2921,35.6769],[128.2912,35.6731],[128.3001,35.6633],[128.2976,35.6567],[128.306,35.6555],[128.3179,35.6515],[128.324,35.6466],[128.3295,35.6485],[128.3378,35.6448],[128.35,35.646],[128.3554,35.641],[128.3628,35.626],[128.3646,35.6134],[128.3717,35.6109],[128.3884,35.6179],[128.402,35.6357],[128.4,35.6456],[128.3923,35.6534],[128.374,35.6655],[128.3623,35.6756],[128.3572,35.6822],[128.3534,35.6906],[128.3435,35.6913],[128.34,35.6977],[128.3375,35.7021],[128.3317,35.7065],[128.3306,35.7066]]]},"properties":{"name":"우곡초통학구역","office":"경상북도고령교육지원청"}},
{"type":"Feature","geometry":{"type":"Polygon","coordinates":[[[128.6114,35.6901],[128.6089,35.6852],[128.6052,35.6776],[128.6032,35.6739],[128.6044,35.6696],[128.6052,35.6605],[128.6044,35.6578],[128.5985,35.6598],[128.588,35.6644],[128.5864,35.6783],[128.5782,35.6866],[128.5695,35.6876],[128.5652,35.6822],[128.5473,35.6778],[128.5384,35.6785],[128.5341,35.6817],[128.5299,35.6835],[128.5269,35.6733],[128.5318,35.6621],[128.5374,35.6598],[128.5378,35.6508],[128.5348,35.6437],[128.5382,35.6326],[128.5369,35.6238],[128.5587,35.6148],[128.5606,35.6034],[128.5663,35.6021],[128.5728,35.5975],[128.573,35.5932],[128.5881,35.5851],[128.5928,35.5881],[128.5933,35.5924],[128.6043,35.5999],[128.6113,35.6019],[128.62,35.6072],[128.6234,35.618],[128.6206,35.6237],[128.6287,35.6251],[128.6294,35.6281],[128.6242,35.6342],[128.6273,35.6361],[128.6331,35.6409],[128.6332,35.641],[128.6331,35.641],[128.6316,35.6409],[128.6314,35.6471],[128.627,35.6529],[128.6222,35.6552],[128.6261,35.6617],[128.6245,35.6651],[128.6153,35.6724],[128.6148,35.685],[128.6114,35.6901]]]},"properties":{"name":"풍각초통학구역","office":"경상북도청도교육지원청"}},
{"type":"Feature","geometry":{"type":"Polygon","coordinates":[[[128.7768,35.7753],[128.7747,35.7717],[128.7777,35.7687],[128.7871,35.7659],[128.7916,35.7645],[128.7921,35.7643],[128.7922,35.7641],[128.7945,35.7597],[128.7984,35.7504],[128.7993,35.746],[128.7991,35.7448],[128.8009,35.7458],[128.81,35.7403],[128.8156,35.7431],[128.8268,35.7388],[128.8317,35.7406],[128.8343,35.7456],[128.845,35.7414],[128.85,35.7413],[128.8561,35.7447],[128.8582,35.7472],[128.8584,35.7479],[128.8567,35.7529],[128.8548,35.7541],[128.8549,35.7568],[128.8568,35.7572],[128.8574,35.7573],[128.8568,35.7574],[128.8625,35.7708],[128.856,35.7775],[128.8587,35.7838],[128.8557,35.7949],[128.8515,35.7922],[128.8423,35.7956],[128.8406,35.7961],[128.8332,35.7995],[128.833,35.7995],[128.8327,35.7997],[128.8277,35.7977],[128.8256,35.7969],[128.8184,35.7982],[128.8179,35.798],[128.8148,35.7967],[128.8135,35.7962],[128.8131,35.7963],[128.8104,35.7994],[128.8098,35.8059],[128.803,35.8086],[128.8053,35.8119],[128.8052,35.8123],[128.8049,35.8132],[128.8048,35.8137],[128.8046,35.8136],[128.7981,35.8122],[128.7939,35.8035],[128.7974,35.7932],[128.7897,35.7885],[128.7848,35.7798],[128.7806,35.7779],[128.7768,35.7753]]]},"properties":{"name":"남산초통학구역","office":"경상북도경산교육지원청"}},
{"type":"Feature","geometry":{"type":"Polygon","coordinates":[[[128.8227,36.4531],[128.8132,36.4538],[128.8129,36.4535],[128.8125,36.4531],[128.8103,36.4376],[128.8034,36.432],[128.8023,36.4267],[128.8033,36.4226],[128.7977,36.4189],[128.8007,36.415],[128.7965,36.4093],[128.7918,36.4017],[128.7856,36.3978],[128.7879,36.3924],[128.7851,36.3887],[128.7872,36.3826],[128.7849,36.3771],[128.7803,36.3736],[128.7837,36.3672],[128.7791,36.3618],[128.7793,36.3543],[128.7768,36.3473],[128.777,36.3471],[128.7772,36.347],[128.7809,36.3444],[128.7795,36.3404],[128.7878,36.3342],[128.7906,36.3276],[128.7982,36.3195],[128.802,36.3187],[128.8086,36.3098],[128.8183,36.3143],[128.8293,36.3145],[128.832,36.3053],[128.8393,36.3084],[128.8465,36.3067],[128.858,36.3008],[128.8657,36.2959],[128.8757,36.2984],[128.8796,36.2964],[128.8806,36.296],[128.8895,36.2974],[128.8923,36.3048],[128.8862,36.3116],[128.8877,36.3141],[128.8897,36.3193],[128.8924,36.3206],[128.8913,36.3283],[128.8861,36.343],[128.8769,36.3448],[128.8811,36.3589],[128.8721,36.3704],[128.8782,36.3755],[128.8704,36.3785],[128.8597,36.3878],[128.8503,36.3883],[128.8514,36.3992],[128.8452,36.4046],[128.8457,36.4116],[128.8369,36.4235],[128.8333,36.4319],[128.8355,36.4367],[128.8326,36.4379],[128.8319,36.4425],[128.8297,36.4439],[128.8313,36.4472],[128.8305,36.4523],[128.8321,36.4523],[128.8305,36.4523],[128.8242,36.4525],[128.823,36.4522],[128.8227,36.4531]]]},"properties":{"name":"옥전초통학구역","office":"경상북도의성교육지원청"}},
{"type":"Feature","geometry":{"type":"Polygon","coordinates":[[[129.4309,35.9943],[129.4151,36.004],[129.4032,35.9963],[129.4011,35.9905],[129.4081,35.9876],[129.4127,35.9873],[129.421,35.9781],[129.4172,35.9773],[129.421,35.9779],[129.4268,35.9785],[129.4286,35.9792],[129.4313,35.9861],[129.4292,35.9876],[129.4284,35.9906],[129.4309,35.9943]]]},"properties":{"name":"청림초통학구역","office":"경상북도포항교육지원청"}},
{"type":"Feature","geometry":{"type":"Polygon","coordinates":[[[128.7482,35.7887],[128.7445,35.7881],[128.7411,35.7916],[128.7354,35.7975],[128.7354,35.7978],[128.735,35.7983],[128.7349,35.7984],[128.732,35.7976],[128.7248,35.7997],[128.7203,35.8058],[128.7102,35.8043],[128.7077,35.8002],[128.6998,35.795],[128.6946,35.7968],[128.6823,35.7898],[128.6818,35.7831],[128.6865,35.7774],[128.6864,35.7687],[128.6948,35.7575],[128.6943,35.7443],[128.7026,35.7437],[128.703,35.7373],[128.7095,35.7326],[128.7149,35.7211],[128.7231,35.7194],[128.7277,35.7207],[128.732,35.7201],[128.7326,35.7198],[128.7339,35.7181],[128.7366,35.7101],[128.743,35.7057],[128.7442,35.7052],[128.7445,35.705],[128.7537,35.7011],[128.7656,35.7014],[128.7635,35.7086],[128.7639,35.7125],[128.7643,35.717],[128.7646,35.7173],[128.7657,35.7184],[128.7661,35.7188],[128.7737,35.7228],[128.7733,35.727],[128.7782,35.7312],[128.7855,35.7326],[128.7869,35.7394],[128.7893,35.7436],[128.7894,35.7437],[128.7974,35.7438],[128.7993,35.746],[128.7984,35.7504],[128.7945,35.7597],[128.7922,35.7641],[128.7921,35.7643],[128.7916,35.7645],[128.7871,35.7659],[128.7777,35.7687],[128.7747,35.7717],[128.7768,35.7753],[128.7709,35.7817],[128.762,35.7805],[128.7584,35.7851],[128.7513,35.7853],[128.7482,35.7887]]]},"properties":{"name":"남천초통학구역","office":"경상북도경산교육지원청"}},
{"type":"Feature","geometry":{"type":"Polygon","coordinates":[[[128.7247,35.8237],[128.7202,35.821],[128.719,35.822],[128.7198,35.8207],[128.7217,35.8173],[128.7152,35.812],[128.7173,35.8084],[128.7248,35.8154],[128.7255,35.8148],[128.7289,35.8158],[128.728,35.8174],[128.7247,35.8237]]]},"properties":{"name":"장산초통학구역","office":"경상북도경산교육지원청"}},
{"type":"Feature","geometry":{"type":"Polygon","coordinates":[[[128.7176,37.0435],[128.7115,37.0419],[128.7072,37.0377],[128.706,37.0344],[128.7032,37.0329],[128.7027,37.0322],[128.7012,37.0301],[128.701,37.0299],[128.7009,37.0296],[128.6999,37.0248],[128.702,37.0125],[128.6926,37.0047],[128.6945,36.9984],[128.692,36.9948],[128.6927,36.9848],[128.69,36.9791],[128.6935,36.9769],[128.6872,36.9695],[128.6861,36.964],[128.6873,36.9609],[128.6911,36.9587],[128.6927,36.955],[128.7018,36.9514],[128.7048,36.9466],[128.7174,36.9461],[128.7208,36.9415],[128.7263,36.9374],[128.7223,36.9315],[128.7066,36.9277],[128.7065,36.9272],[128.7064,36.9277],[128.7063,36.9265],[128.7104,36.9239],[128.7103,36.9191],[128.7192,36.9094],[128.7237,36.9144],[128.7307,36.9102],[128.7299,36.9071],[128.7367,36.9091],[128.7367,36.9139],[128.745,36.9179],[128.7527,36.9258],[128.7591,36.9249],[128.7629,36.9228],[128.7623,36.9239],[128.7636,36.9235],[128.7648,36.9299],[128.7688,36.9367],[128.7773,36.9397],[128.7844,36.9443],[128.7825,36.9487],[128.7864,36.9611],[128.784,36.9645],[128.7904,36.9702],[128.7953,36.9698],[128.803,36.9773],[128.8095,36.9778],[128.8112,36.981],[128.8111,36.981],[128.8069,36.983],[128.7995,36.9911],[128.7902,36.9947],[128.784,36.9933],[128.7723,37.0029],[128.7764,37.0071],[128.7782,37.0166],[128.7812,37.0211],[128.7794,37.0219],[128.7759,37.0233],[128.7656,37.0238],[128.7562,37.0281],[128.7505,37.0283],[128.7503,37.0284],[128.7406,37.0367],[128.7358,37.0398],[128.7259,37.0424],[128.7187,37.0438],[128.7176,37.0435]]]},"properties":{"name":"물야초통학구역","office":"경상북도봉화교육지원청"}},
{"type":"Feature","geometry":{"type":"Polygon","coordinates":[[[129.3119,35.7529],[129.3132,35.7495],[129.333,35.7527],[129.3382,35.7514],[129.3522,35.7542],[129.3536,35.7555],[129.354,35.7562],[129.3546,35.7584],[129.3553,35.762],[129.3548,35.7641],[129.3545,35.7651],[129.3527,35.767],[129.3527,35.7671],[129.3536,35.7688],[129.3531,35.7694],[129.3523,35.7706],[129.3522,35.7707],[129.3531,35.7718],[129.354,35.7731],[129.3523,35.7737],[129.3484,35.7788],[129.3476,35.7814],[129.3257,35.7773],[129.3201,35.778],[129.3131,35.7753],[129.3132,35.7716],[129.3092,35.7682],[129.308,35.7671],[129.3097,35.7674],[129.3128,35.763],[129.3128,35.7545],[129.3119,35.7529]]]},"properties":{"name":"괘릉초통학구역","office":"경상북도경주교육지원청"}},
{"type":"Feature","geometry":{"type":"Polygon","coordinates":[[[129.428,35.7226],[129.4276,35.7198],[129.432,35.7137],[129.4437,35.713],[129.4468,35.7063],[129.451,35.7065],[129.4551,35.6968],[129.4549,35.6952],[129.4604,35.6957],[129.4657,35.6932],[129.4751,35.6951],[129.4714,35.706],[129.4792,35.7128],[129.4809,35.7221],[129.4656,35.7196],[129.4596,35.7234],[129.4564,35.7306],[129.456,35.7326],[129.4463,35.7277],[129.4423,35.7211],[129.4291,35.7221],[129.4293,35.7232],[129.4274,35.724],[129.428,35.7226]]]},"properties":{"name":"나산초통학구역","office":"경상북도경주교육지원청"}},
{"type":"Feature","geometry":{"type":"Polygon","coordinates":[[[128.5288,35.9803],[128.5359,35.9792],[128.5431,35.9745],[128.5464,35.9654],[128.5534,35.9607],[128.5563,35.9715],[128.5728,35.9783],[128.5902,35.9792],[128.5929,35.9834],[128.6035,35.986],[128.6037,35.9889],[128.594,35.9903],[128.5914,35.9889],[128.5907,35.989],[128.5786,35.9914],[128.5704,35.9963],[128.5672,36.0031],[128.5651,36.0186],[128.5669,36.0269],[128.5717,36.0294],[128.5792,36.0334],[128.5793,36.0334],[128.5802,36.0337],[128.5798,36.0342],[128.5775,36.0368],[128.5723,36.0395],[128.5718,36.0445],[128.5656,36.0464],[128.5556,36.0452],[128.5518,36.0428],[128.553,36.0355],[128.5459,36.0269],[128.5081,36.0261],[128.507,36.0261],[128.5065,36.0244],[128.5064,36.0239],[128.5036,36.0144],[128.5049,36.0083],[128.5144,36.0011],[128.5175,36.0006],[128.5195,35.9909],[128.5281,35.9851],[128.5288,35.9803]]]},"properties":{"name":"동명초통학구역","office":"경상북도칠곡교육지원청"}},
{"type":"Feature","geometry":{"type":"Polygon","coordinates":[[[128.4254,36.1465],[128.424,36.146],[128.4239,36.1446],[128.4239,36.1433],[128.4236,36.1404],[128.4241,36.1433],[128.4288,36.1431],[128.4288,36.1433],[128.4305,36.1477],[128.4305,36.1478],[128.4304,36.1478],[128.4254,36.1465]]]},"properties":{"name":"산동초구미원당초공동통학구역","office":"경상북도구미교육지원청"}},
{"type":"Feature","geometry":{"type":"Polygon","coordinates":[[[129.1058,35.8393],[129.1017,35.8425],[129.0964,35.8496],[129.0924,35.8539],[129.0904,35.8554],[129.0911,35.8544],[129.0897,35.8549],[129.0906,35.8516],[129.0904,35.8506],[129.0897,35.8495],[129.0894,35.8493],[129.0842,35.8487],[129.0801,35.8458],[129.071,35.8473],[129.0654,35.8512],[129.0613,35.8514],[129.0573,35.8526],[129.0556,35.8533],[129.0505,35.8521],[129.0431,35.8457],[129.04,35.8452],[129.0392,35.8425],[129.0425,35.8405],[129.0444,35.8378],[129.0431,35.8318],[129.041,35.8261],[129.0453,35.8243],[129.0573,35.8217],[129.0607,35.8171],[129.0606,35.809],[129.0633,35.7994],[129.0627,35.7952],[129.0749,35.7896],[129.084,35.7887],[129.087,35.7916],[129.0897,35.7944],[129.0889,35.7952],[129.0957,35.7995],[129.0955,35.8064],[129.0919,35.811],[129.0899,35.8223],[129.1024,35.8296],[129.1053,35.8383],[129.1058,35.8393]]]},"properties":{"name":"천포초통학구역","office":"경상북도경주교육지원청"}},
{"type":"Feature","geometry":{"type":"Polygon","coordinates":[[[128.7794,37.0219],[128.7828,37.0285],[128.789,37.0465],[128.7881,37.0531],[128.7777,37.058],[128.7682,37.0676],[128.7686,37.0727],[128.7754,37.0787],[128.7778,37.0833],[128.7736,37.0875],[128.7735,37.0876],[128.7626,37.0843],[128.7487,37.0883],[128.7437,37.086],[128.736,37.0741],[128.7221,37.0651],[128.7201,37.0592],[128.7221,37.0541],[128.7177,37.045],[128.7176,37.0435],[128.7187,37.0438],[128.7259,37.0424],[128.7358,37.0398],[128.7406,37.0367],[128.7503,37.0284],[128.7505,37.0283],[128.7562,37.0281],[128.7656,37.0238],[128.7759,37.0233],[128.7794,37.0219]]]},"properties":{"name":"서벽초녹전초공동통학구역","office":"경상북도봉화교육지원청"}},
{"type":"Feature","geometry":{"type":"Polygon","coordinates":[[[128.7445,35.705],[128.7442,35.7052],[128.743,35.7057],[128.7366,35.7101],[128.7339,35.7181],[128.7326,35.7198],[128.732,35.7201],[128.7277,35.7207],[128.7231,35.7194],[128.7149,35.7211],[128.7096,35.7139],[128.7085,35.7032],[128.7066,35.6983],[128.7075,35.697],[128.7091,35.6959],[128.7095,35.6866],[128.7194,35.6815],[128.72,35.6754],[128.7208,35.6749],[128.7226,35.6762],[128.7284,35.677],[128.7293,35.6812],[128.7346,35.6852],[128.7338,35.6969],[128.7445,35.705]]]},"properties":{"name":"남성현초통학구역","office":"경상북도청도교육지원청"}},
{"type":"Feature","geometry":{"type":"Polygon","coordinates":[[[129.0665,36.8187],[129.0659,36.8188],[129.0651,36.8182],[129.0644,36.8179],[129.0643,36.8176],[129.0642,36.8175],[129.0643,36.8175],[129.0639,36.8148],[129.0633,36.8142],[129.0571,36.8079],[129.0534,36.8063],[129.0491,36.8014],[129.0467,36.7973],[129.0386,36.7951],[129.036,36.7892],[129.0219,36.7834],[129.0168,36.7844],[129.0083,36.78],[129.0007,36.7806],[128.9903,36.7768],[128.9847,36.7726],[128.9838,36.7636],[128.992,36.756],[128.9897,36.7505],[128.9903,36.7474],[128.9907,36.7411],[128.9875,36.7357],[128.9894,36.732],[128.997,36.7274],[128.9961,36.7228],[128.9999,36.7149],[128.9943,36.7041],[128.996,36.7014],[128.9958,36.7027],[128.9968,36.7017],[129.0055,36.7028],[129.0141,36.7015],[129.0203,36.7096],[129.03,36.7116],[129.0348,36.7158],[129.0469,36.7212],[129.0538,36.7307],[129.0604,36.7321],[129.0634,36.7384],[129.0652,36.7392],[129.0665,36.7435],[129.0659,36.7481],[129.0714,36.758],[129.0712,36.7662],[129.0678,36.778],[129.0785,36.7858],[129.0843,36.7926],[129.0909,36.795],[129.0974,36.8009],[129.0972,36.8055],[129.0862,36.8095],[129.0844,36.8134],[129.0817,36.8155],[129.0806,36.8183],[129.0779,36.8199],[129.0715,36.8206],[129.0665,36.8187]]]},"properties":{"name":"영양초일월초일월초청기분교장공동통학구역","office":"경상북도영양교육지원청"}},
{"type":"Feature","geometry":{"type":"Polygon","coordinates":[[[128.417,36.1552],[128.4194,36.1447],[128.4236,36.1404],[128.4239,36.1433],[128.4239,36.1446],[128.424,36.146],[128.4254,36.1465],[128.4236,36.146],[128.4236,36.1476],[128.4215,36.151],[128.4206,36.1529],[128.4184,36.1536],[128.417,36.1552]]]},"properties":{"name":"옥계초구미원당초공동통학구역","office":"경상북도구미교육지원청"}},
{"type":"Feature","geometry":{"type":"Polygon","coordinates":[[[129.2232,35.8886],[129.2199,35.8872],[129.2232,35.8886],[129.2274,35.8904],[129.2302,35.8919],[129.2344,35.8968],[129.2353,35.8983],[129.2376,35.9063],[129.2379,35.9072],[129.2379,35.9077],[129.2382,35.9116],[129.2364,35.9118],[129.235,35.9086],[129.231,35.9079],[129.2274,35.9046],[129.2217,35.9052],[129.2214,35.9035],[129.2229,35.8962],[129.2218,35.8913],[129.2232,35.8886]]]},"properties":{"name":"금장초사방초공동통학구역","office":"경상북도경주교육지원청"}},
{"type":"Feature","geometry":{"type":"Polygon","coordinates":[[[129.4296,35.9786],[129.4298,35.9797],[129.4286,35.9792],[129.4268,35.9785],[129.421,35.9779],[129.4172,35.9773],[129.4096,35.9762],[129.4122,35.9683],[129.4116,35.9684],[129.4119,35.968],[129.4169,35.9629],[129.4194,35.9612],[129.4262,35.9594],[129.4277,35.9587],[129.4308,35.9556],[129.4311,35.9542],[129.431,35.9534],[129.431,35.9531],[129.4286,35.9489],[129.423,35.9363],[129.4212,35.9278],[129.4206,35.9279],[129.421,35.9276],[129.4227,35.9266],[129.4227,35.9265],[129.423,35.9267],[129.4241,35.9257],[129.4246,35.9261],[129.427,35.9277],[129.434,35.933],[129.4437,35.932],[129.4457,35.939],[129.4553,35.9477],[129.4602,35.9495],[129.4587,35.9498],[129.46,35.9536],[129.4587,35.9585],[129.4576,35.9605],[129.457,35.9616],[129.4565,35.9605],[129.4508,35.9555],[129.4473,35.9558],[129.441,35.9596],[129.4411,35.9681],[129.4315,35.9749],[129.4301,35.9766],[129.4296,35.9786]]]},"properties":{"name":"오천초통학구역","office":"경상북도포항교육지원청"}},
{"type":"Feature","geometry":{"type":"Polygon","coordinates":[[[129.3868,36.0687],[129.3874,36.07],[129.3862,36.0711],[129.3842,36.0719],[129.3839,36.074],[129.3736,36.071],[129.3761,36.0681],[129.3774,36.0682],[129.3774,36.0683],[129.3838,36.0688],[129.384,36.0682],[129.3851,36.0696],[129.3868,36.0687]]]},"properties":{"name":"장량초통학구역","office":"경상북도포항교육지원청"}},
{"type":"Feature","geometry":{"type":"Polygon","coordinates":[[[128.901,35.9002],[128.9015,35.9011],[128.9007,35.9007],[128.8922,35.8966],[128.8889,35.8937],[128.8777,35.8893],[128.8767,35.8886],[128.8757,35.8889],[128.8753,35.8884],[128.8709,35.8842],[128.8663,35.8836],[128.859,35.8776],[128.8614,35.8721],[128.8701,35.8677],[128.8757,35.8602],[128.8747,35.8564],[128.8755,35.8519],[128.8756,35.8518],[128.8765,35.851],[128.8781,35.8506],[128.8822,35.8466],[128.8854,35.8429],[128.8924,35.8447],[128.8964,35.8371],[128.9024,35.8372],[128.9096,35.8316],[128.9181,35.8358],[128.9332,35.8373],[128.9404,35.8355],[128.9446,35.8301],[128.9519,35.8345],[128.9592,35.8419],[128.9631,35.8425],[128.9684,35.8406],[128.9673,35.8418],[128.9689,35.8415],[128.9741,35.8587],[128.9692,35.8712],[128.9706,35.8742],[128.9656,35.88],[128.9673,35.884],[128.9654,35.8841],[128.9672,35.8846],[128.9614,35.8844],[128.9531,35.8819],[128.9481,35.8825],[128.944,35.8905],[128.9376,35.8876],[128.9312,35.8812],[128.926,35.8796],[128.9226,35.8839],[128.9073,35.8925],[128.9023,35.8995],[128.901,35.9002]]]},"properties":{"name":"대창초통학구역","office":"경상북도영천교육지원청"}},
{"type":"Feature","geometry":{"type":"Polygon","coordinates":[[[129.3669,35.7024],[129.3655,35.6971],[129.3652,35.686],[129.3642,35.6767],[129.3727,35.6692],[129.3818,35.6712],[129.4,35.6676],[129.4034,35.663],[129.411,35.6638],[129.4279,35.6568],[129.4351,35.6524],[129.442,35.655],[129.4496,35.6511],[129.4527,35.6649],[129.4648,35.6668],[129.4638,35.6735],[129.4697,35.6837],[129.4697,35.6875],[129.4606,35.6883],[129.4547,35.6936],[129.4549,35.6952],[129.4551,35.6968],[129.451,35.7065],[129.4468,35.7063],[129.4437,35.713],[129.432,35.7137],[129.4276,35.7198],[129.428,35.7226],[129.4255,35.7248],[129.4208,35.733],[129.4242,35.7348],[129.4205,35.7375],[129.41,35.7437],[129.4093,35.7442],[129.4096,35.7434],[129.4102,35.7418],[129.4059,35.7274],[129.4024,35.7216],[129.3937,35.719],[129.3921,35.7132],[129.3797,35.7127],[129.3735,35.7095],[129.3678,35.7023],[129.3673,35.7012],[129.3669,35.7024]]]},"properties":{"name":"양남초통학구역","office":"경상북도경주교육지원청"}},
{"type":"Feature","geometry":{"type":"Polygon","coordinates":[[[128.165,36.5613],[128.166,36.5586],[128.1757,36.5611],[128.1783,36.5736],[128.1694,36.5747],[128.1711,36.5782],[128.181,36.5776],[128.1821,36.5813],[128.1778,36.5841],[128.181,36.585],[128.1775,36.5923],[128.1775,36.5953],[128.1775,36.5954],[128.1728,36.5958],[128.171,36.597],[128.165,36.5971],[128.1646,36.5971],[128.165,36.5969],[128.1677,36.5923],[128.166,36.5882],[128.1566,36.5798],[128.1482,36.5767],[128.1576,36.5722],[128.1645,36.5621],[128.165,36.5613]]]},"properties":{"name":"함창중앙초통학구역","office":"경상북도상주교육지원청"}},
{"type":"Feature","geometry":{"type":"Polygon","coordinates":[[[128.7391,35.8084],[128.7368,35.809],[128.7361,35.8051],[128.7408,35.8079],[128.7391,35.8084]]]},"properties":{"name":"경산초삼성현초공동통학구역","office":"경상북도경산교육지원청"}},
{"type":"Feature","geometry":{"type":"Polygon","coordinates":[[[128.5528,36.6508],[128.5552,36.6504],[128.5556,36.6504],[128.5559,36.6501],[128.5585,36.647],[128.5635,36.6451],[128.5781,36.6499],[128.5958,36.6524],[128.5991,36.6519],[128.6043,36.6524],[128.6057,36.6622],[128.6051,36.6625],[128.6057,36.6625],[128.6043,36.6629],[128.6053,36.6721],[128.6012,36.6791],[128.6103,36.6846],[128.6105,36.6902],[128.6022,36.6962],[128.5942,36.6968],[128.5907,36.6984],[128.5908,36.701],[128.5894,36.7012],[128.5871,36.7011],[128.5866,36.6957],[128.5841,36.6942],[128.5826,36.694],[128.5816,36.6938],[128.581,36.6937],[128.5754,36.6955],[128.5564,36.6984],[128.5484,36.7006],[128.5473,36.7004],[128.5439,36.6987],[128.5365,36.6939],[128.532,36.6853],[128.5274,36.6847],[128.5252,36.682],[128.5244,36.6804],[128.5196,36.6749],[128.5185,36.6678],[128.5244,36.6688],[128.5327,36.664],[128.5446,36.6645],[128.5508,36.6588],[128.5527,36.6515],[128.5537,36.6511],[128.5528,36.6508]]]},"properties":{"name":"예천동부초통학구역","office":"경상북도예천교육지원청"}},
{"type":"Feature","geometry":{"type":"Polygon","coordinates":[[[128.1226,36.1222],[128.1275,36.1201],[128.1268,36.1173],[128.1279,36.1169],[128.1289,36.1165],[128.1317,36.1249],[128.1332,36.1268],[128.1424,36.1313],[128.1401,36.1313],[128.1369,36.1354],[128.137,36.1386],[128.1282,36.14],[128.1315,36.1374],[128.1272,36.1397],[128.1231,36.1338],[128.1232,36.1338],[128.1252,36.1331],[128.1287,36.1295],[128.1256,36.1295],[128.123,36.1301],[128.1203,36.1297],[128.1182,36.1291],[128.1203,36.1297],[128.1227,36.1239],[128.124,36.1229],[128.1226,36.1222]]]},"properties":{"name":"김천모암초통학구역","office":"경상북도김천교육지원청"}},
{"type":"Feature","geometry":{"type":"Polygon","coordinates":[[[129.0318,36.3175],[129.0247,36.3176],[129.013,36.3148],[129.003,36.3163],[129.0015,36.3122],[129.0037,36.3057],[129.0019,36.3003],[128.9944,36.2932],[128.997,36.2889],[128.9909,36.2834],[128.9941,36.2721],[128.9923,36.2699],[128.9974,36.2588],[128.9881,36.2505],[128.9884,36.2461],[128.996,36.2411],[128.9974,36.2402],[128.9973,36.2396],[128.9971,36.2388],[128.9969,36.2374],[128.9964,36.2368],[128.9944,36.2344],[128.9894,36.233],[128.9869,36.2262],[128.9917,36.2239],[128.9906,36.2176],[128.9949,36.211],[128.9958,36.2052],[129.0016,36.2018],[129.0003,36.19],[129.0036,36.1875],[129.0012,36.1796],[129.0045,36.1788],[129.0174,36.1805],[129.0267,36.1834],[129.0282,36.1964],[129.0355,36.2034],[129.0359,36.2132],[129.042,36.222],[129.0566,36.224],[129.0649,36.2195],[129.0659,36.2271],[129.0733,36.2294],[129.0821,36.2359],[129.0782,36.2401],[129.0757,36.2501],[129.063,36.2521],[129.056,36.2557],[129.0524,36.2623],[129.0578,36.2686],[129.063,36.2717],[129.0704,36.2712],[129.0784,36.277],[129.0802,36.2771],[129.0795,36.2772],[129.0802,36.2773],[129.0763,36.2813],[129.0732,36.2903],[129.0703,36.2927],[129.0707,36.2999],[129.0643,36.3038],[129.0633,36.3076],[129.0621,36.3071],[129.0625,36.308],[129.0609,36.3065],[129.0503,36.3109],[129.0452,36.3128],[129.0428,36.3122],[129.0318,36.3175]]]},"properties":{"name":"도평초통학구역","office":"경상북도청송교육지원청"}},
{"type":"Feature","geometry":{"type":"Polygon","coordinates":[[[128.309,36.6561],[128.3082,36.6567],[128.309,36.6566],[128.3075,36.6572],[128.3064,36.6567],[128.3049,36.656],[128.289,36.6559],[128.2841,36.6506],[128.2795,36.6511],[128.2663,36.6457],[128.2608,36.6456],[128.2605,36.65],[128.2514,36.6431],[128.2556,36.6345],[128.2511,36.6336],[128.2435,36.6376],[128.2339,36.6388],[128.2337,36.6393],[128.2335,36.6388],[128.233,36.6378],[128.2334,36.6369],[128.2338,36.636],[128.2285,36.6322],[128.2332,36.6279],[128.2274,36.6233],[128.2307,36.6194],[128.2272,36.6158],[128.2267,36.6153],[128.2275,36.6155],[128.2257,36.6108],[128.2273,36.6038],[128.2322,36.5987],[128.229,36.5932],[128.2274,36.596],[128.2283,36.5931],[128.2283,36.5898],[128.2283,36.5868],[128.2283,36.5863],[128.2284,36.5868],[128.2355,36.5877],[128.2357,36.5912],[128.2508,36.5931],[128.2575,36.5874],[128.2592,36.5896],[128.2592,36.5948],[128.2682,36.5969],[128.2712,36.5996],[128.2746,36.5971],[128.2713,36.5997],[128.2702,36.6006],[128.2636,36.6049],[128.2606,36.6114],[128.2722,36.6095],[128.2733,36.6156],[128.2787,36.6163],[128.2844,36.6192],[128.2873,36.6211],[128.2868,36.6278],[128.2944,36.6299],[128.2983,36.6359],[128.305,36.6375],[128.3096,36.6444],[128.3079,36.652],[128.309,36.6561]]]},"properties":{"name":"산양초통학구역","office":"경상북도문경교육지원청"}},
{"type":"Feature","geometry":{"type":"Polygon","coordinates":[[[128.5508,36.8972],[128.5454,36.9033],[128.5377,36.9045],[128.5338,36.9105],[128.5276,36.9157],[128.5226,36.9255],[128.5154,36.9281],[128.5134,36.9373],[128.509,36.9441],[128.4998,36.9487],[128.4905,36.953],[128.4867,36.9569],[128.4849,36.9575],[128.477,36.9574],[128.4628,36.9474],[128.4634,36.9438],[128.46,36.9328],[128.463,36.9269],[128.4646,36.9201],[128.4713,36.9204],[128.4775,36.9174],[128.4817,36.9126],[128.4961,36.9058],[128.5076,36.9066],[128.5182,36.9],[128.5174,36.8956],[128.5237,36.8915],[128.5258,36.8872],[128.5194,36.876],[128.528,36.8733],[128.532,36.8787],[128.5279,36.8822],[128.5329,36.8927],[128.5407,36.8929],[128.5411,36.8917],[128.5429,36.8893],[128.5458,36.8858],[128.5473,36.885],[128.5468,36.8856],[128.5477,36.8854],[128.5538,36.8936],[128.552,36.8974],[128.5508,36.8972]]]},"properties":{"name":"풍기북부초통학구역","office":"경상북도영주교육지원청"}},
{"type":"Feature","geometry":{"type":"Polygon","coordinates":[[[128.7304,35.8254],[128.7313,35.8282],[128.7283,35.8301],[128.725,35.8359],[128.7172,35.8332],[128.7221,35.8322],[128.7236,35.8267],[128.7247,35.8237],[128.7304,35.8254]]]},"properties":{"name":"경산서부초통학구역","office":"경상북도경산교육지원청"}},
{"type":"Feature","geometry":{"type":"Polygon","coordinates":[[[129.3543,36.009],[129.3558,36.0087],[129.3561,36.0055],[129.3565,36.0055],[129.3567,36.0056],[129.3574,36.0058],[129.3608,36.0061],[129.3666,36.0059],[129.3668,36.0059],[129.3669,36.0059],[129.375,36.013],[129.3786,36.0203],[129.3742,36.0193],[129.3698,36.0182],[129.3676,36.0177],[129.3667,36.0146],[129.3589,36.0187],[129.3579,36.0192],[129.3569,36.0168],[129.356,36.0159],[129.3577,36.016],[129.3599,36.0094],[129.3565,36.0086],[129.3543,36.009]]]},"properties":{"name":"대도초통학구역","office":"경상북도포항교육지원청"}},
{"type":"Feature","geometry":{"type":"Polygon","coordinates":[[[128.8269,35.8798],[128.8235,35.8808],[128.8191,35.8799],[128.8104,35.883],[128.8072,35.8878],[128.8092,35.8898],[128.8071,35.8879],[128.8049,35.8854],[128.8035,35.8824],[128.7971,35.8801],[128.7873,35.8773],[128.7825,35.8727],[128.7903,35.8665],[128.7903,35.8664],[128.7915,35.8601],[128.7981,35.8592],[128.8062,35.8587],[128.8092,35.8593],[128.8131,35.8648],[128.8249,35.8618],[128.8297,35.8686],[128.831,35.8692],[128.8315,35.87],[128.838,35.8724],[128.8367,35.8766],[128.8355,35.8782],[128.834,35.8779],[128.8324,35.8789],[128.8269,35.8798]]]},"properties":{"name":"진량초통학구역","office":"경상북도경산교육지원청"}},
{"type":"Feature","geometry":{"type":"Polygon","coordinates":[[[128.8418,35.9092],[128.8407,35.9094],[128.8277,35.9094],[128.8273,35.9094],[128.8254,35.9089],[128.8197,35.9075],[128.818,35.9069],[128.8152,35.9061],[128.8149,35.9011],[128.8092,35.8978],[128.8101,35.894],[128.8088,35.892],[128.8097,35.8911],[128.8116,35.8908],[128.8118,35.8908],[128.8137,35.8917],[128.815,35.8904],[128.819,35.8877],[128.8255,35.8852],[128.828,35.8843],[128.8256,35.8826],[128.8235,35.8818],[128.8247,35.8811],[128.8235,35.8808],[128.8269,35.8798],[128.8324,35.8789],[128.834,35.8779],[128.8355,35.8782],[128.835,35.8785],[128.8359,35.8791],[128.841,35.8845],[128.8431,35.8904],[128.8502,35.8847],[128.8578,35.8908],[128.8516,35.8969],[128.858,35.8996],[128.8588,35.9033],[128.8534,35.9084],[128.8518,35.9074],[128.8423,35.9092],[128.8418,35.9092]]]},"properties":{"name":"부림초통학구역","office":"경상북도경산교육지원청"}},
{"type":"Feature","geometry":{"type":"Polygon","coordinates":[[[129.3087,37.0651],[129.3086,37.0651],[129.3095,37.0665],[129.3051,37.0701],[129.2975,37.0742],[129.2894,37.0697],[129.2855,37.0725],[129.279,37.0688],[129.2738,37.0722],[129.2624,37.0721],[129.2545,37.0666],[129.2495,37.0634],[129.2351,37.0543],[129.2311,37.0522],[129.2327,37.0442],[129.2375,37.0414],[129.2389,37.0394],[129.2378,37.0388],[129.2379,37.0387],[129.2374,37.0375],[129.2347,37.0317],[129.2386,37.0285],[129.2397,37.0266],[129.2465,37.0244],[129.2474,37.0243],[129.2596,37.0241],[129.2573,37.0136],[129.2504,37.0081],[129.2548,37.0034],[129.2626,36.9986],[129.2703,36.999],[129.2749,36.9929],[129.2793,36.9913],[129.2803,36.9922],[129.2799,36.991],[129.282,36.9937],[129.2945,37.0009],[129.292,37.0063],[129.3005,37.0185],[129.3126,37.0224],[129.3247,37.0154],[129.3338,37.0152],[129.3415,37.0192],[129.349,37.0192],[129.3523,37.0252],[129.3476,37.0332],[129.3401,37.0346],[129.3367,37.0385],[129.3326,37.0398],[129.3293,37.0483],[129.3143,37.0584],[129.3079,37.0637],[129.3087,37.0651]]]},"properties":{"name":"부구초삼당분교장통학구역","office":"경상북도울진교육지원청"}},
{"type":"Feature","geometry":{"type":"Polygon","coordinates":[[[129.2911,36.1627],[129.2917,36.1615],[129.304,36.1572],[129.3082,36.1589],[129.3155,36.1552],[129.3286,36.1558],[129.3353,36.1574],[129.3431,36.1551],[129.3502,36.1508],[129.3569,36.1511],[129.3619,36.1476],[129.3716,36.1468],[129.3747,36.1442],[129.3821,36.1476],[129.3811,36.1511],[129.3875,36.1565],[129.3846,36.1648],[129.3802,36.1626],[129.3738,36.1639],[129.3683,36.1714],[129.3577,36.1726],[129.3667,36.1834],[129.3601,36.1955],[129.3638,36.2033],[129.3545,36.2053],[129.3489,36.2086],[129.3513,36.209],[129.3476,36.2117],[129.3438,36.2244],[129.3274,36.2294],[129.3164,36.2306],[129.3161,36.2345],[129.3027,36.2458],[129.2993,36.2456],[129.2923,36.2502],[129.2827,36.2441],[129.2725,36.2322],[129.2689,36.2189],[129.2628,36.2178],[129.2605,36.2133],[129.2636,36.197],[129.2698,36.1959],[129.273,36.1911],[129.2721,36.1857],[129.2781,36.1776],[129.2847,36.1748],[129.2895,36.1699],[129.2901,36.1646],[129.2913,36.1627],[129.2911,36.1627]]]},"properties":{"name":"청하초통학구역","office":"경상북도포항교육지원청"}},
{"type":"Feature","geometry":{"type":"Polygon","coordinates":[[[129.4221,35.8853],[129.4208,35.8878],[129.4182,35.8922],[129.4211,35.8989],[129.4207,35.9049],[129.4267,35.9083],[129.4292,35.9094],[129.4293,35.9126],[129.4231,35.9145],[129.4186,35.9193],[129.4241,35.9237],[129.4255,35.9257],[129.4246,35.9261],[129.4241,35.9257],[129.423,35.9267],[129.4227,35.9265],[129.4227,35.9266],[129.421,35.9276],[129.42,35.9281],[129.4092,35.9303],[129.4118,35.9347],[129.4096,35.938],[129.4057,35.9398],[129.4013,35.943],[129.4031,35.9494],[129.4045,35.9501],[129.4032,35.9509],[129.4009,35.9522],[129.3993,35.9527],[129.3992,35.9527],[129.3922,35.9532],[129.3859,35.9484],[129.3835,35.9483],[129.3807,35.9481],[129.3749,35.9351],[129.3707,35.9317],[129.3667,35.9296],[129.3623,35.9222],[129.364,35.9193],[129.3547,35.9103],[129.3531,35.9042],[129.3435,35.9001],[129.3376,35.8957],[129.3375,35.8926],[129.3437,35.8881],[129.3509,35.8914],[129.3538,35.8869],[129.3618,35.8883],[129.363,35.883],[129.364,35.8805],[129.3606,35.8742],[129.3553,35.8727],[129.3617,35.865],[129.3719,35.8608],[129.3753,35.8632],[129.3931,35.8613],[129.3981,35.8584],[129.407,35.8578],[129.4105,35.8614],[129.4104,35.8705],[129.4148,35.8763],[129.4214,35.8779],[129.4213,35.8841],[129.4227,35.884],[129.4221,35.8853]]]},"properties":{"name":"문충초통학구역","office":"경상북도포항교육지원청"}},
{"type":"Feature","geometry":{"type":"Polygon","coordinates":[[[129.1376,36.0307],[129.1347,36.0344],[129.1342,36.0346],[129.1249,36.0364],[129.117,36.0406],[129.1113,36.0349],[129.1027,36.0361],[129.0963,36.031],[129.0979,36.026],[129.0912,36.0213],[129.0888,36.0204],[129.0816,36.0234],[129.0813,36.0234],[129.0762,36.0255],[129.0749,36.0249],[129.0692,36.0263],[129.0698,36.0253],[129.0688,36.0254],[129.068,36.0203],[129.0597,36.017],[129.041,36.0117],[129.0343,36.0047],[129.0288,35.9981],[129.0433,35.9933],[129.0431,35.9911],[129.0539,35.9856],[129.0593,35.9658],[129.0523,35.9547],[129.0569,35.9496],[129.0555,35.9462],[129.0563,35.9442],[129.0544,35.9448],[129.058,35.9398],[129.0622,35.938],[129.065,35.9413],[129.0724,35.9425],[129.0876,35.9383],[129.095,35.9405],[129.1054,35.9342],[129.1138,35.9233],[129.1157,35.917],[129.1189,35.9195],[129.1241,35.9229],[129.1304,35.9241],[129.1336,35.9276],[129.1354,35.9315],[129.1361,35.933],[129.1296,35.9403],[129.1288,35.948],[129.1246,35.9508],[129.1161,35.9617],[129.1187,35.9693],[129.1172,35.9855],[129.111,35.9972],[129.1118,36.0023],[129.1121,36.0095],[129.1166,36.0135],[129.1229,36.0065],[129.1349,36.0063],[129.145,36.0121],[129.1395,36.0278],[129.1376,36.0307]]]},"properties":{"name":"고경초통학구역","office":"경상북도영천교육지원청"}},
{"type":"Feature","geometry":{"type":"Polygon","coordinates":[[[128.478,36.1284],[128.4779,36.1267],[128.482,36.1235],[128.4869,36.1226],[128.4928,36.1256],[128.4969,36.1156],[128.5047,36.1123],[128.5078,36.1099],[128.5141,36.1114],[128.5204,36.1146],[128.5264,36.1116],[128.5345,36.1127],[128.5472,36.1089],[128.5628,36.1111],[128.5616,36.1194],[128.5549,36.1216],[128.5486,36.1322],[128.5529,36.1391],[128.5483,36.1407],[128.5502,36.1506],[128.5424,36.1547],[128.5401,36.1611],[128.5445,36.166],[128.5524,36.1649],[128.5542,36.1735],[128.5488,36.1778],[128.5366,36.1949],[128.5275,36.1975],[128.5228,36.2014],[128.516,36.1997],[128.5134,36.1922],[128.5071,36.1856],[128.5029,36.1849],[128.503,36.1846],[128.5034,36.1832],[128.5028,36.1818],[128.5022,36.1812],[128.5022,36.1806],[128.5021,36.1768],[128.4993,36.1756],[128.4882,36.1798],[128.4823,36.1801],[128.4751,36.176],[128.4733,36.1715],[128.4771,36.1627],[128.4752,36.16],[128.4724,36.1583],[128.4736,36.1587],[128.4726,36.1579],[128.4758,36.1546],[128.4803,36.1424],[128.4781,36.1301],[128.478,36.1284]]]},"properties":{"name":"장천초통학구역","office":"경상북도구미교육지원청"}},
{"type":"Feature","geometry":{"type":"Polygon","coordinates":[[[128.3884,36.0685],[128.3874,36.0694],[128.3866,36.0703],[128.3845,36.0729],[128.3823,36.0745],[128.3821,36.0744],[128.3794,36.0766],[128.378,36.0818],[128.3709,36.0894],[128.3616,36.0898],[128.3616,36.0899],[128.3615,36.0899],[128.3605,36.083],[128.3671,36.0789],[128.3709,36.072],[128.3716,36.0661],[128.3708,36.0657],[128.3717,36.0653],[128.3731,36.0647],[128.3825,36.0694],[128.3865,36.0702],[128.3873,36.0693],[128.3884,36.0685]]]},"properties":{"name":"구미왕산초통학구역","office":"경상북도구미교육지원청"}},
{"type":"Feature","geometry":{"type":"Polygon","coordinates":[[[128.3717,36.0653],[128.3708,36.0657],[128.3716,36.0661],[128.3709,36.072],[128.3671,36.0789],[128.3605,36.083],[128.3615,36.0899],[128.362,36.0939],[128.3621,36.0946],[128.3573,36.0949],[128.3556,36.0935],[128.3557,36.095],[128.3542,36.0893],[128.3539,36.0801],[128.3473,36.0794],[128.345,36.0772],[128.3451,36.077],[128.3442,36.0765],[128.3469,36.072],[128.3495,36.072],[128.3572,36.0724],[128.356,36.07],[128.3557,36.0696],[128.3545,36.0688],[128.3535,36.068],[128.3522,36.0671],[128.3574,36.0666],[128.3584,36.0659],[128.3612,36.0606],[128.3667,36.0637],[128.3717,36.0653]]]},"properties":{"name":"상모초통학구역","office":"경상북도구미교육지원청"}},
{"type":"Feature","geometry":{"type":"Polygon","coordinates":[[[128.6921,36.9206],[128.6919,36.9212],[128.6959,36.9249],[128.6938,36.9314],[128.6974,36.9346],[128.7054,36.932],[128.7064,36.9277],[128.7065,36.9272],[128.7066,36.9277],[128.7223,36.9315],[128.7263,36.9374],[128.7208,36.9415],[128.7174,36.9461],[128.7048,36.9466],[128.7018,36.9514],[128.6927,36.955],[128.6911,36.9587],[128.6873,36.9609],[128.6878,36.9597],[128.6864,36.9601],[128.6774,36.9534],[128.6755,36.9462],[128.6639,36.942],[128.6588,36.9308],[128.6664,36.9237],[128.6671,36.9196],[128.6703,36.9197],[128.6718,36.9213],[128.6738,36.921],[128.6822,36.9197],[128.6865,36.9185],[128.692,36.9205],[128.692,36.9208],[128.6921,36.9206]]]},"properties":{"name":"물야초봉화초공동통학구역","office":"경상북도봉화교육지원청"}},
{"type":"Feature","geometry":{"type":"Polygon","coordinates":[[[129.3589,36.0187],[129.3667,36.0146],[129.3676,36.0177],[129.3698,36.0182],[129.369,36.0213],[129.3628,36.0222],[129.363,36.0275],[129.3609,36.0256],[129.3619,36.0251],[129.3585,36.0189],[129.3589,36.0187]]]},"properties":{"name":"상대초통학구역","office":"경상북도포항교육지원청"}},
{"type":"Feature","geometry":{"type":"Polygon","coordinates":[[[129.0573,35.8526],[129.0564,35.853],[129.0573,35.8527],[129.0589,35.8551],[129.0588,35.8638],[129.0613,35.8662],[129.0625,35.8711],[129.0627,35.872],[129.0712,35.876],[129.0791,35.8745],[129.0817,35.8781],[129.0897,35.877],[129.0951,35.8804],[129.1,35.8874],[129.0962,35.8951],[129.1025,35.8981],[129.1057,35.8978],[129.109,35.9074],[129.11,35.911],[129.1103,35.9125],[129.1157,35.917],[129.1138,35.9233],[129.1054,35.9342],[129.095,35.9405],[129.0876,35.9383],[129.0724,35.9425],[129.065,35.9413],[129.0622,35.938],[129.0582,35.933],[129.0617,35.9309],[129.0548,35.9199],[129.0469,35.9184],[129.0457,35.9126],[129.0375,35.9125],[129.035,35.9086],[129.0261,35.9058],[129.027,35.8893],[129.0326,35.8707],[129.0188,35.8566],[129.0156,35.85],[129.015,35.8488],[129.0163,35.8487],[129.0197,35.8483],[129.0313,35.8429],[129.0366,35.844],[129.0392,35.8425],[129.04,35.8452],[129.0431,35.8457],[129.0505,35.8521],[129.0556,35.8533],[129.0573,35.8526]]]},"properties":{"name":"아화초통학구역","office":"경상북도경주교육지원청"}},
{"type":"Feature","geometry":{"type":"Polygon","coordinates":[[[129.5819,36.0469],[129.5774,36.0491],[129.5771,36.0566],[129.5721,36.0662],[129.5685,36.0677],[129.5699,36.0775],[129.5597,36.0794],[129.5555,36.0859],[129.5467,36.084],[129.5456,36.0761],[129.5417,36.0738],[129.5397,36.0661],[129.5327,36.0605],[129.5308,36.0563],[129.5249,36.0576],[129.5229,36.0522],[129.5113,36.0408],[129.5244,36.0317],[129.5316,36.0309],[129.5375,36.0284],[129.5378,36.0283],[129.5381,36.0288],[129.547,36.0396],[129.5465,36.0399],[129.5534,36.0435],[129.5613,36.0408],[129.5698,36.0443],[129.5819,36.0469]]]},"properties":{"name":"대보초통학구역","office":"경상북도포항교육지원청"}},
{"type":"Feature","geometry":{"type":"Polygon","coordinates":[[[127.9899,35.9679],[127.9826,35.9644],[127.9712,35.9692],[127.9671,35.9644],[127.9607,35.9654],[127.9545,35.9615],[127.9488,35.9676],[127.9301,35.9641],[127.9203,35.9533],[127.9139,35.9517],[127.9114,35.9492],[127.9084,35.9413],[127.899,35.9376],[127.8957,35.9342],[127.8822,35.9289],[127.8824,35.9195],[127.8882,35.9148],[127.8822,35.9032],[127.8848,35.8931],[127.8935,35.8868],[127.9185,35.8904],[127.9229,35.8826],[127.9281,35.8813],[127.9288,35.8703],[127.9332,35.8644],[127.9303,35.8564],[127.9422,35.8545],[127.9501,35.8617],[127.9596,35.8603],[127.9613,35.8562],[127.974,35.8521],[127.9817,35.8587],[127.9859,35.8705],[127.9836,35.8741],[127.9842,35.8808],[127.9902,35.8869],[127.994,35.8988],[128.0028,35.9111],[128.0007,35.9188],[128.0033,35.929],[128.0041,35.9299],[128.0047,35.9306],[128.0039,35.9305],[128.0019,35.9352],[128.0096,35.9441],[128.0073,35.9513],[128.0055,35.9535],[127.9996,35.9552],[127.9949,35.9602],[127.9938,35.9643],[127.9899,35.9679]]]},"properties":{"name":"대덕초통학구역","office":"경상북도김천교육지원청"}},
{"type":"Feature","geometry":{"type":"Polygon","coordinates":[[[128.0486,35.9364],[128.0514,35.9386],[128.0369,35.9398],[128.0311,35.9405],[128.0277,35.9363],[128.0197,35.9354],[128.0132,35.9328],[128.0116,35.9316],[128.0041,35.9299],[128.0033,35.929],[128.0007,35.9188],[128.0028,35.9111],[127.994,35.8988],[127.9902,35.8869],[127.9842,35.8808],[127.9836,35.8741],[127.9859,35.8705],[127.9817,35.8587],[127.9903,35.8477],[127.997,35.8371],[128.004,35.8351],[128.0118,35.8289],[128.0175,35.8325],[128.0298,35.8356],[128.0434,35.8313],[128.0517,35.8299],[128.0533,35.8334],[128.0609,35.8343],[128.0698,35.8412],[128.0774,35.8397],[128.0776,35.8435],[128.0732,35.8498],[128.0776,35.8618],[128.0868,35.8724],[128.08,35.8732],[128.0748,35.8778],[128.0708,35.8801],[128.0702,35.8804],[128.0688,35.8857],[128.0655,35.8889],[128.0665,35.8959],[128.0563,35.9043],[128.0607,35.9074],[128.0553,35.9118],[128.0547,35.9157],[128.0487,35.92],[128.0486,35.9201],[128.0507,35.9241],[128.0478,35.9254],[128.0468,35.9282],[128.0486,35.9364]]]},"properties":{"name":"증산초통학구역","office":"경상북도김천교육지원청"}},
{"type":"Feature","geometry":{"type":"Polygon","coordinates":[[[130.8169,37.5161],[130.8052,37.5207],[130.7931,37.5201],[130.7932,37.517],[130.8017,37.5094],[130.8053,37.4989],[130.8012,37.49],[130.8037,37.4834],[130.8082,37.4811],[130.811,37.4743],[130.8283,37.4712],[130.8412,37.4627],[130.85,37.464],[130.8562,37.4607],[130.8703,37.4579],[130.874,37.4536],[130.866,37.4638],[130.868,37.4685],[130.863,37.4718],[130.8674,37.4824],[130.8654,37.4845],[130.8647,37.4958],[130.8672,37.498],[130.8641,37.498],[130.8561,37.4995],[130.8495,37.5045],[130.8491,37.5111],[130.8439,37.5115],[130.8366,37.5158],[130.8251,37.5177],[130.8169,37.5161]]]},"properties":{"name":"남양초통학구역","office":"경상북도울릉교육지원청"}},
{"type":"Feature","geometry":{"type":"Polygon","coordinates":[[[128.3829,36.154],[128.3832,36.1638],[128.383,36.175],[128.3811,36.1782],[128.3807,36.1789],[128.376,36.1781],[128.3728,36.1812],[128.3709,36.1776],[128.3641,36.1783],[128.3612,36.1755],[128.3503,36.1711],[128.3474,36.168],[128.3557,36.1664],[128.3554,36.1622],[128.3637,36.1599],[128.3607,36.154],[128.3617,36.1501],[128.3618,36.1498],[128.3627,36.15],[128.3708,36.1473],[128.3688,36.1432],[128.3677,36.1386],[128.3676,36.1382],[128.3676,36.138],[128.3744,36.1381],[128.3804,36.1486],[128.3829,36.154]]]},"properties":{"name":"구운초통학구역","office":"경상북도구미교육지원청"}},
{"type":"Feature","geometry":{"type":"Polygon","coordinates":[[[128.8471,37.0511],[128.844,37.0572],[128.836,37.0659],[128.8317,37.0674],[128.8321,37.0751],[128.8294,37.0785],[128.8194,37.077],[128.8126,37.0787],[128.808,37.0758],[128.8,37.079],[128.7994,37.0869],[128.7863,37.0878],[128.7806,37.0924],[128.7736,37.0875],[128.7778,37.0833],[128.7754,37.0787],[128.7686,37.0727],[128.7682,37.0676],[128.7777,37.058],[128.7881,37.0531],[128.789,37.0465],[128.7828,37.0285],[128.7794,37.0219],[128.7812,37.0211],[128.7782,37.0166],[128.7764,37.0071],[128.7723,37.0029],[128.784,36.9933],[128.7902,36.9947],[128.7995,36.9911],[128.8069,36.983],[128.8111,36.981],[128.8112,36.981],[128.8113,36.9811],[128.8115,36.9811],[128.8177,36.9774],[128.8247,36.9719],[128.8259,36.9708],[128.826,36.9709],[128.8321,36.974],[128.8335,36.9789],[128.8409,36.9869],[128.8472,36.9899],[128.8582,37.0015],[128.8481,37.0129],[128.8481,37.0177],[128.8396,37.029],[128.839,37.0378],[128.8424,37.0404],[128.8471,37.0511]]]},"properties":{"name":"서벽초통학구역","office":"경상북도봉화교육지원청"}},
{"type":"Feature","geometry":{"type":"Polygon","coordinates":[[[128.1783,36.5115],[128.1819,36.507],[128.1816,36.5035],[128.1799,36.4934],[128.1807,36.488],[128.1921,36.4715],[128.1683,36.47],[128.1679,36.4666],[128.169,36.4664],[128.168,36.4658],[128.1733,36.4658],[128.1744,36.4667],[128.1811,36.4626],[128.1915,36.4594],[128.2036,36.4591],[128.2036,36.4509],[128.2062,36.4449],[128.2113,36.4425],[128.211,36.4379],[128.2096,36.439],[128.211,36.4379],[128.2134,36.4358],[128.2136,36.4358],[128.2137,36.4357],[128.2145,36.4356],[128.219,36.4351],[128.2193,36.4351],[128.2277,36.4365],[128.2304,36.4383],[128.2389,36.4389],[128.237,36.4337],[128.2367,36.4325],[128.2479,36.4326],[128.2534,36.4351],[128.2606,36.4471],[128.2567,36.4551],[128.2478,36.4576],[128.2449,36.4614],[128.2468,36.4677],[128.2531,36.4704],[128.262,36.477],[128.2663,36.4837],[128.2698,36.4902],[128.2662,36.4976],[128.2647,36.5107],[128.2503,36.5087],[128.2428,36.5036],[128.2369,36.504],[128.2309,36.5039],[128.2302,36.5082],[128.2209,36.5129],[128.2187,36.5177],[128.2123,36.5143],[128.2011,36.5185],[128.2007,36.5184],[128.2003,36.5186],[128.1997,36.5183],[128.199,36.5179],[128.1985,36.5176],[128.1981,36.5169],[128.1968,36.5155],[128.1963,36.5154],[128.1887,36.5152],[128.1843,36.5179],[128.1783,36.5115]]]},"properties":{"name":"사벌초통학구역","office":"경상북도상주교육지원청"}},
{"type":"Feature","geometry":{"type":"Polygon","coordinates":[[[128.1379,36.7791],[128.1295,36.785],[128.1199,36.7784],[128.1125,36.7773],[128.1051,36.7793],[128.1047,36.7787],[128.1127,36.7715],[128.1167,36.7663],[128.1237,36.7622],[128.124,36.762],[128.1253,36.7589],[128.1266,36.7559],[128.1274,36.754],[128.1271,36.7523],[128.1337,36.7461],[128.1384,36.746],[128.1385,36.7459],[128.1396,36.7452],[128.1407,36.7445],[128.1408,36.7442],[128.141,36.7436],[128.1413,36.7425],[128.1392,36.7369],[128.1338,36.7305],[128.14,36.7198],[128.1442,36.7202],[128.1511,36.716],[128.1617,36.7225],[128.1679,36.7239],[128.1714,36.7229],[128.1761,36.723],[128.1746,36.731],[128.1829,36.7382],[128.1936,36.741],[128.2016,36.7453],[128.1988,36.7561],[128.1876,36.76],[128.1799,36.757],[128.1805,36.7629],[128.1775,36.7666],[128.1695,36.7707],[128.1593,36.7671],[128.1555,36.776],[128.1421,36.772],[128.1379,36.7791]]]},"properties":{"name":"당포초통학구역","office":"경상북도문경교육지원청"}},
{"type":"Feature","geometry":{"type":"Polygon","coordinates":[[[128.2815,35.9641],[128.2819,35.9641],[128.2844,35.9598],[128.2841,35.9583],[128.2835,35.956],[128.2851,35.9549],[128.2979,35.955],[128.3023,35.9519],[128.3035,35.9465],[128.304,35.9449],[128.3044,35.9434],[128.305,35.9427],[128.3055,35.942],[128.3058,35.9417],[128.3102,35.9396],[128.3078,35.9359],[128.3109,35.9307],[128.3097,35.9296],[128.3091,35.929],[128.3099,35.9288],[128.3107,35.9286],[128.3164,35.9287],[128.3168,35.9285],[128.3169,35.9285],[128.3223,35.9259],[128.3247,35.9256],[128.3241,35.9202],[128.3326,35.9218],[128.3348,35.9349],[128.332,35.9394],[128.3343,35.9451],[128.3409,35.9476],[128.3479,35.9547],[128.3482,35.9547],[128.348,35.9548],[128.3474,35.9553],[128.3438,35.9599],[128.3403,35.9638],[128.3392,35.9756],[128.3247,35.9797],[128.3232,35.9804],[128.3146,35.9752],[128.3066,35.9763],[128.3032,35.9742],[128.2936,35.9715],[128.2815,35.9641]]]},"properties":{"name":"월항초통학구역","office":"경상북도성주교육지원청"}},
{"type":"Feature","geometry":{"type":"Polygon","coordinates":[[[128.6643,36.7796],[128.6634,36.7786],[128.6615,36.7757],[128.6611,36.7751],[128.6618,36.7727],[128.6623,36.772],[128.6654,36.7689],[128.6582,36.7646],[128.6599,36.7559],[128.6467,36.7374],[128.6337,36.7358],[128.6374,36.7327],[128.6407,36.7268],[128.642,36.724],[128.6369,36.7226],[128.6365,36.7191],[128.6388,36.7185],[128.6414,36.7182],[128.6425,36.7176],[128.6426,36.7175],[128.6431,36.7173],[128.6438,36.7157],[128.6519,36.7109],[128.6669,36.7127],[128.6765,36.702],[128.6881,36.701],[128.6987,36.7067],[128.703,36.712],[128.7014,36.72],[128.7055,36.7238],[128.7115,36.73],[128.7076,36.7353],[128.7057,36.7396],[128.7026,36.7421],[128.6983,36.7458],[128.7031,36.7507],[128.7089,36.7578],[128.7202,36.7613],[128.7231,36.7647],[128.7215,36.7653],[128.7225,36.7658],[128.72,36.7659],[128.719,36.7744],[128.7118,36.7898],[128.7117,36.7898],[128.7083,36.7901],[128.7079,36.7913],[128.7048,36.788],[128.6981,36.7807],[128.6946,36.7754],[128.6946,36.7753],[128.6854,36.7716],[128.6807,36.772],[128.6744,36.7763],[128.665,36.7795],[128.6649,36.7803],[128.6643,36.7796]]]},"properties":{"name":"평은초통학구역","office":"경상북도영주교육지원청"}},
{"type":"Feature","geometry":{"type":"Polygon","coordinates":[[[128.0786,36.2638],[128.0738,36.2623],[128.0665,36.2592],[128.0587,36.255],[128.0583,36.2548],[128.0519,36.2579],[128.0464,36.2568],[128.0457,36.2521],[128.0403,36.252],[128.0357,36.2435],[128.0307,36.2397],[128.0331,36.2337],[128.0393,36.2287],[128.039,36.2222],[128.0422,36.2175],[128.0501,36.2165],[128.0508,36.206],[128.0632,36.1992],[128.0681,36.2067],[128.0697,36.218],[128.068,36.2257],[128.0733,36.2314],[128.0771,36.2413],[128.0877,36.2492],[128.0887,36.2518],[128.0906,36.2531],[128.0892,36.2567],[128.0827,36.2602],[128.0786,36.2638]]]},"properties":{"name":"아천초능치분교장통학구역","office":"경상북도김천교육지원청"}},
{"type":"Feature","geometry":{"type":"Polygon","coordinates":[[[128.334,36.1518],[128.3319,36.1526],[128.3298,36.1518],[128.3308,36.1495],[128.3309,36.1493],[128.331,36.1464],[128.3337,36.147],[128.3336,36.1489],[128.3344,36.1501],[128.334,36.1518]]]},"properties":{"name":"문장초통학구역","office":"경상북도구미교육지원청"}},
{"type":"Feature","geometry":{"type":"Polygon","coordinates":[[[129.3753,35.8632],[129.3719,35.8608],[129.3617,35.865],[129.3553,35.8727],[129.3606,35.8742],[129.364,35.8805],[129.363,35.883],[129.3618,35.8883],[129.3538,35.8869],[129.3509,35.8914],[129.3437,35.8881],[129.3375,35.8926],[129.3376,35.8957],[129.3377,35.8976],[129.3362,35.8969],[129.3335,35.9057],[129.3269,35.9062],[129.3171,35.9034],[129.3126,35.8987],[129.3076,35.8824],[129.3052,35.8821],[129.3081,35.8775],[129.3106,35.8753],[129.3105,35.8751],[129.3085,35.8698],[129.3075,35.868],[129.301,35.8667],[129.3039,35.8583],[129.3009,35.8558],[129.3001,35.8477],[129.2865,35.8491],[129.2855,35.8517],[129.2851,35.855],[129.2777,35.8562],[129.2775,35.8559],[129.2774,35.8561],[129.2773,35.8555],[129.2717,35.8512],[129.2698,35.8514],[129.2668,35.8467],[129.2654,35.8391],[129.2654,35.8312],[129.2676,35.8284],[129.2667,35.8251],[129.2665,35.8236],[129.269,35.8142],[129.2762,35.8082],[129.2763,35.8036],[129.2835,35.7993],[129.2885,35.7942],[129.2892,35.793],[129.2897,35.793],[129.2913,35.7928],[129.2927,35.7941],[129.2959,35.7938],[129.2954,35.8001],[129.2982,35.805],[129.2985,35.8138],[129.2978,35.8143],[129.3002,35.8165],[129.3039,35.8151],[129.309,35.8208],[129.3174,35.8194],[129.319,35.8128],[129.3221,35.8114],[129.3251,35.8082],[129.3379,35.8078],[129.3458,35.802],[129.3482,35.8034],[129.357,35.8051],[129.3584,35.8109],[129.3671,35.8147],[129.3729,35.827],[129.378,35.8338],[129.3735,35.8348],[129.3706,35.8452],[129.3753,35.8632]]]},"properties":{"name":"서라벌초통학구역","office":"경상북도경주교육지원청"}},
{"type":"Feature","geometry":{"type":"Polygon","coordinates":[[[128.3377,35.7976],[128.3374,35.7979],[128.3275,35.8068],[128.3213,35.8123],[128.3134,35.814],[128.3054,35.8123],[128.2993,35.8151],[128.2898,35.8264],[128.2865,35.8261],[128.2759,35.826],[128.2739,35.825],[128.2725,35.8153],[128.2745,35.81],[128.2721,35.8047],[128.2739,35.7972],[128.2705,35.7913],[128.2652,35.7948],[128.2498,35.7895],[128.2504,35.7836],[128.2515,35.7809],[128.2516,35.7806],[128.2518,35.781],[128.254,35.7791],[128.2589,35.7755],[128.2576,35.7655],[128.2676,35.7594],[128.276,35.7544],[128.2779,35.7576],[128.2854,35.7572],[128.2875,35.7484],[128.2869,35.7394],[128.2904,35.7386],[128.2905,35.7387],[128.2905,35.7386],[128.2906,35.7389],[128.2911,35.7394],[128.2978,35.7407],[128.2983,35.7488],[128.3135,35.7543],[128.3222,35.7501],[128.3271,35.7513],[128.3275,35.7523],[128.333,35.7571],[128.3342,35.7598],[128.3325,35.7641],[128.3349,35.7723],[128.329,35.7797],[128.3299,35.7907],[128.3377,35.7976]]]},"properties":{"name":"운수초통학구역","office":"경상북도고령교육지원청"}},
{"type":"Feature","geometry":{"type":"Polygon","coordinates":[[[128.9775,35.9935],[128.9766,35.9891],[128.9686,35.9784],[128.9688,35.9699],[128.9688,35.9696],[128.969,35.9699],[128.9748,35.9694],[128.98,35.9645],[128.9871,35.9544],[128.9922,35.9559],[128.9973,35.9515],[128.999,35.9485],[129.0017,35.9465],[129.0043,35.9421],[129.007,35.9436],[129.0176,35.9516],[129.0252,35.9486],[129.033,35.9479],[129.042,35.9425],[129.046,35.944],[129.0497,35.9463],[129.0544,35.9448],[129.0563,35.9442],[129.0555,35.9462],[129.0569,35.9496],[129.0523,35.9547],[129.0593,35.9658],[129.0539,35.9856],[129.0431,35.9911],[129.0433,35.9933],[129.0288,35.9981],[129.0343,36.0047],[129.041,36.0117],[129.0597,36.017],[129.068,36.0203],[129.0688,36.0254],[129.0698,36.0253],[129.0692,36.0263],[129.0682,36.0277],[129.0655,36.0278],[129.0624,36.0279],[129.0584,36.0334],[129.0512,36.0338],[129.0492,36.031],[129.0449,36.0278],[129.0377,36.0288],[129.0241,36.0219],[129.0211,36.0219],[129.0191,36.0116],[129.0121,36.0101],[129.0051,36.0051],[128.9968,36.0044],[128.9949,36.0016],[128.9839,36.0022],[128.9779,36.0015],[128.9783,35.9978],[128.9775,35.9935]]]},"properties":{"name":"단포초통학구역","office":"경상북도영천교육지원청"}},
{"type":"Feature","geometry":{"type":"Polygon","coordinates":[[[128.93,36.1811],[128.9196,36.1846],[128.9146,36.1798],[128.8973,36.1767],[128.895,36.1732],[128.8944,36.1694],[128.9002,36.1624],[128.8916,36.155],[128.89,36.1473],[128.8931,36.1438],[128.8973,36.1386],[128.8906,36.1301],[128.8906,36.1256],[128.8962,36.1219],[128.8946,36.1183],[128.8995,36.1115],[128.9076,36.1055],[128.9074,36.0883],[128.9101,36.0857],[128.9141,36.079],[128.9154,36.0748],[128.9231,36.071],[128.9279,36.0746],[128.9347,36.0724],[128.9417,36.0763],[128.9476,36.0747],[128.9541,36.0776],[128.9589,36.085],[128.9645,36.0863],[128.9706,36.0878],[128.9769,36.1001],[128.9727,36.1111],[128.9761,36.1149],[128.9835,36.1147],[128.9972,36.1219],[129.0031,36.1201],[129.0064,36.1233],[129.0076,36.1258],[129.0006,36.1316],[128.999,36.1386],[129.0057,36.1445],[129.0082,36.1506],[129.0064,36.1566],[129.0068,36.1633],[129.0066,36.1634],[129.0068,36.1634],[129.0064,36.1635],[129.0058,36.1635],[128.9977,36.1677],[128.9895,36.168],[128.9842,36.1679],[128.9784,36.1662],[128.9738,36.1618],[128.969,36.1613],[128.9627,36.1665],[128.9499,36.169],[128.9373,36.1794],[128.93,36.1811]]]},"properties":{"name":"자천초통학구역","office":"경상북도영천교육지원청"}},
{"type":"Feature","geometry":{"type":"Polygon","coordinates":[[[128.8396,36.0127],[128.8392,36.0121],[128.8401,36.0123],[128.8467,36.011],[128.8517,36.0073],[128.8532,36.0039],[128.8543,36.0031],[128.867,35.9962],[128.8713,35.996],[128.8704,35.9993],[128.8722,36.0019],[128.8752,35.9997],[128.8759,36],[128.877,36.0018],[128.8753,36.0051],[128.8773,36.0064],[128.8818,36.0068],[128.8875,36.0087],[128.9022,36.0078],[128.9062,36.009],[128.9096,36.0073],[128.9105,36.0159],[128.9099,36.0191],[128.9092,36.0246],[128.9054,36.027],[128.9042,36.0356],[128.899,36.0399],[128.8918,36.0399],[128.8897,36.0436],[128.878,36.0405],[128.8662,36.0558],[128.8604,36.0602],[128.8577,36.0658],[128.85,36.0692],[128.845,36.0735],[128.8412,36.0684],[128.8429,36.0616],[128.8409,36.044],[128.8427,36.0389],[128.8369,36.0309],[128.835,36.0246],[128.8341,36.0195],[128.8418,36.0162],[128.8396,36.0127]]]},"properties":{"name":"화산초통학구역","office":"경상북도영천교육지원청"}},
{"type":"Feature","geometry":{"type":"Polygon","coordinates":[[[129.1128,36.0802],[129.1113,36.0775],[129.0947,36.0666],[129.0889,36.0649],[129.0849,36.0588],[129.0754,36.055],[129.0676,36.0573],[129.0421,36.0584],[129.0373,36.06],[129.0255,36.0589],[129.0217,36.054],[129.0096,36.0488],[129.0038,36.0436],[128.9979,36.0436],[128.9984,36.0382],[128.9916,36.0312],[128.9845,36.0303],[128.9788,36.0321],[128.9764,36.0361],[128.9722,36.0402],[128.9604,36.0441],[128.9609,36.0428],[128.9599,36.043],[128.9561,36.0383],[128.9572,36.037],[128.9551,36.03],[128.9566,36.024],[128.9544,36.0182],[128.9568,36.0154],[128.9565,36.0116],[128.9581,36.0079],[128.9619,36.0014],[128.9601,36.0001],[128.96,35.9995],[128.96,35.9993],[128.9599,35.9989],[128.9619,35.9906],[128.9648,35.9879],[128.9734,35.9937],[128.9775,35.9935],[128.9783,35.9978],[128.9779,36.0015],[128.9839,36.0022],[128.9949,36.0016],[128.9968,36.0044],[129.0051,36.0051],[129.0121,36.0101],[129.0191,36.0116],[129.0211,36.0219],[129.0241,36.0219],[129.0377,36.0288],[129.0449,36.0278],[129.0492,36.031],[129.0512,36.0338],[129.0584,36.0334],[129.0624,36.0279],[129.0655,36.0278],[129.0682,36.0277],[129.0692,36.0263],[129.0749,36.0249],[129.0762,36.0255],[129.0813,36.0234],[129.0816,36.0234],[129.0888,36.0204],[129.0912,36.0213],[129.0979,36.026],[129.0963,36.031],[129.1027,36.0361],[129.1113,36.0349],[129.117,36.0406],[129.1249,36.0364],[129.1342,36.0346],[129.1347,36.0344],[129.1346,36.0345],[129.1344,36.0348],[129.135,36.0347],[129.1388,36.0402],[129.1454,36.0439],[129.1509,36.0509],[129.1513,36.0548],[129.1512,36.0549],[129.149,36.0566],[129.1486,36.0581],[129.1472,36.0582],[129.1457,36.0569],[129.1408,36.0586],[129.1361,36.0622],[129.1336,36.0683],[129.1349,36.0741],[129.1289,36.0792],[129.1279,36.0806],[129.119,36.0788],[129.1174,36.0799],[129.1128,36.0802]]]},"properties":{"name":"임고초통학구역","office":"경상북도영천교육지원청"}},
{"type":"Feature","geometry":{"type":"Polygon","coordinates":[[[128.875,35.977],[128.8756,35.9791],[128.8757,35.9848],[128.8684,35.9907],[128.8688,35.9947],[128.8713,35.996],[128.867,35.9962],[128.8543,36.0031],[128.8532,36.0039],[128.8535,36.0034],[128.8528,36.0036],[128.8522,35.9977],[128.8565,35.9967],[128.8565,35.9862],[128.8549,35.9828],[128.8426,35.9849],[128.8369,35.9836],[128.845,35.9691],[128.8394,35.9647],[128.8394,35.9641],[128.8391,35.9645],[128.8394,35.9634],[128.8398,35.9634],[128.8457,35.9633],[128.8516,35.9599],[128.8521,35.9596],[128.8528,35.9584],[128.8541,35.9554],[128.8543,35.9549],[128.8543,35.9548],[128.8551,35.9544],[128.8552,35.9544],[128.857,35.9552],[128.8588,35.9542],[128.8594,35.9537],[128.8595,35.9521],[128.8598,35.9407],[128.8618,35.9288],[128.857,35.9243],[128.8526,35.9199],[128.8564,35.9114],[128.8533,35.9085],[128.8518,35.9074],[128.8534,35.9084],[128.8588,35.9033],[128.858,35.8996],[128.87,35.8943],[128.8703,35.8921],[128.8706,35.8919],[128.8711,35.8914],[128.8733,35.8894],[128.8742,35.8894],[128.8748,35.8892],[128.8757,35.8889],[128.8767,35.8886],[128.8777,35.8893],[128.8889,35.8937],[128.8922,35.8966],[128.9007,35.9007],[128.9019,35.902],[128.899,35.9048],[128.8989,35.9049],[128.8999,35.9057],[128.9031,35.9082],[128.9036,35.9086],[128.9041,35.9085],[128.9081,35.9076],[128.9141,35.9093],[128.9211,35.9144],[128.9161,35.9164],[128.9158,35.9164],[128.9161,35.9165],[128.9153,35.9164],[128.9109,35.9167],[128.9094,35.917],[128.8918,35.9257],[128.8931,35.934],[128.8887,35.9352],[128.8917,35.9394],[128.9,35.9414],[128.9049,35.9496],[128.9061,35.955],[128.9033,35.9547],[128.9009,35.9622],[128.8976,35.9656],[128.8944,35.9672],[128.8907,35.9675],[128.8881,35.9667],[128.8882,35.9658],[128.8843,35.9662],[128.8817,35.9678],[128.8768,35.9679],[128.8761,35.9668],[128.8723,35.9675],[128.8702,35.9688],[128.8694,35.9683],[128.8705,35.9724],[128.8697,35.976],[128.8736,35.9757],[128.875,35.977]]]},"properties":{"name":"금호초통학구역","office":"경상북도영천교육지원청"}},
{"type":"Feature","geometry":{"type":"Polygon","coordinates":[[[128.9063,36.89],[128.9012,36.8925],[128.8937,36.8847],[128.8861,36.8894],[128.8846,36.8926],[128.8822,36.8948],[128.8765,36.9003],[128.8741,36.8949],[128.8765,36.8915],[128.8727,36.8861],[128.865,36.8914],[128.8496,36.8882],[128.8425,36.8925],[128.8365,36.8926],[128.8355,36.893],[128.8344,36.8919],[128.8326,36.8916],[128.8309,36.8892],[128.8472,36.8818],[128.8494,36.8789],[128.8497,36.8778],[128.8495,36.8769],[128.8446,36.8707],[128.8475,36.8671],[128.8396,36.865],[128.8366,36.8634],[128.8317,36.8641],[128.8247,36.8671],[128.822,36.8614],[128.8122,36.8608],[128.8233,36.8529],[128.8266,36.8494],[128.8258,36.8472],[128.8282,36.8428],[128.8313,36.8399],[128.8336,36.8399],[128.8466,36.8419],[128.8595,36.8407],[128.8643,36.8382],[128.8645,36.8339],[128.8702,36.8304],[128.8777,36.8297],[128.8909,36.8238],[128.8843,36.8125],[128.8839,36.809],[128.8727,36.8075],[128.8647,36.8032],[128.8619,36.7997],[128.8628,36.7994],[128.8643,36.7944],[128.8718,36.7894],[128.8722,36.786],[128.8843,36.783],[128.8904,36.7718],[128.8938,36.7714],[128.9,36.7749],[128.902,36.7748],[128.9033,36.7759],[128.9033,36.7765],[128.9031,36.7789],[128.8958,36.7856],[128.8954,36.7902],[128.9259,36.791],[128.929,36.8015],[128.9356,36.8027],[128.9404,36.811],[128.9377,36.8171],[128.9284,36.8277],[128.9314,36.8312],[128.9385,36.8326],[128.9401,36.8353],[128.938,36.8437],[128.9268,36.8478],[128.9182,36.8481],[128.9128,36.8497],[128.9124,36.8549],[128.9044,36.8663],[128.9116,36.8721],[128.9108,36.877],[128.9142,36.8829],[128.9097,36.8856],[128.9096,36.8891],[128.9063,36.89]]]},"properties":{"name":"명호초통학구역","office":"경상북도봉화교육지원청"}},
{"type":"Feature","geometry":{"type":"Polygon","coordinates":[[[128.0897,36.1255],[128.0901,36.1259],[128.0902,36.1264],[128.0902,36.1269],[128.0899,36.1267],[128.0852,36.1241],[128.0897,36.1255]]]},"properties":{"name":"김천다수초김천부곡초공동통학구역","office":"경상북도김천교육지원청"}},
{"type":"Feature","geometry":{"type":"Polygon","coordinates":[[[128.0907,36.2529],[128.0906,36.2531],[128.0887,36.2518],[128.0877,36.2492],[128.0771,36.2413],[128.0733,36.2314],[128.068,36.2257],[128.0697,36.218],[128.0681,36.2067],[128.0632,36.1992],[128.0598,36.191],[128.0631,36.1873],[128.0772,36.1824],[128.0819,36.1739],[128.0822,36.1722],[128.0856,36.1709],[128.0928,36.1696],[128.095,36.164],[128.0996,36.1599],[128.103,36.1584],[128.1073,36.1564],[128.1103,36.153],[128.1105,36.1528],[128.1105,36.1531],[128.1164,36.1585],[128.1229,36.1604],[128.1273,36.1574],[128.1352,36.1573],[128.1356,36.1562],[128.1355,36.157],[128.1351,36.1594],[128.1385,36.1647],[128.1384,36.1711],[128.1469,36.1711],[128.1495,36.1763],[128.1565,36.1819],[128.1573,36.1809],[128.1571,36.182],[128.1559,36.1892],[128.149,36.187],[128.1416,36.1923],[128.1313,36.2058],[128.1218,36.2085],[128.1177,36.2115],[128.1193,36.2169],[128.1085,36.2344],[128.1081,36.2369],[128.1053,36.2409],[128.0967,36.2523],[128.0914,36.2537],[128.0907,36.2529]]]},"properties":{"name":"아천초통학구역","office":"경상북도김천교육지원청"}},
{"type":"Feature","geometry":{"type":"Polygon","coordinates":[[[129.248,36.5103],[129.2544,36.5048],[129.2727,36.5081],[129.2782,36.5091],[129.2867,36.5083],[129.2906,36.5042],[129.3007,36.4977],[129.3037,36.4923],[129.3145,36.4852],[129.316,36.4838],[129.3235,36.4819],[129.3233,36.4828],[129.3291,36.483],[129.3378,36.4787],[129.35,36.4798],[129.3556,36.4782],[129.3673,36.4811],[129.37,36.4771],[129.3764,36.4803],[129.3844,36.4808],[129.3917,36.4837],[129.3947,36.4859],[129.399,36.4909],[129.3996,36.4921],[129.4027,36.4903],[129.401,36.4781],[129.3971,36.4716],[129.3926,36.4687],[129.3953,36.4644],[129.3897,36.4533],[129.3985,36.4508],[129.4014,36.4524],[129.4037,36.4585],[129.4047,36.4598],[129.4053,36.4603],[129.4081,36.4597],[129.4174,36.4688],[129.4214,36.4701],[129.421,36.471],[129.419,36.4739],[129.4161,36.4785],[129.4176,36.4835],[129.4246,36.4867],[129.4205,36.4915],[129.4275,36.4967],[129.4252,36.502],[129.4228,36.5082],[129.4326,36.5183],[129.4301,36.5272],[129.427,36.5251],[129.4168,36.5226],[129.4121,36.5195],[129.4056,36.5229],[129.3977,36.5234],[129.4037,36.5335],[129.4035,36.5403],[129.3978,36.5447],[129.3976,36.5446],[129.3977,36.5448],[129.3975,36.5446],[129.3943,36.5435],[129.386,36.5441],[129.383,36.5455],[129.3829,36.5456],[129.3828,36.5456],[129.3802,36.5482],[129.3703,36.5483],[129.3584,36.544],[129.3544,36.5375],[129.3471,36.5369],[129.3398,36.5362],[129.3271,36.5408],[129.3233,36.5383],[129.3107,36.5395],[129.3049,36.5357],[129.3019,36.5288],[129.2938,36.527],[129.2866,36.5281],[129.2801,36.5304],[129.2728,36.5363],[129.277,36.5502],[129.2793,36.5546],[129.2736,36.5547],[129.2587,36.5602],[129.2471,36.56],[129.2427,36.56],[129.2425,36.5598],[129.2411,36.5582],[129.2421,36.5447],[129.2373,36.5378],[129.2359,36.5332],[129.2364,36.5313],[129.2368,36.5304],[129.2391,36.5278],[129.2394,36.521],[129.2431,36.5198],[129.248,36.5103]]]},"properties":{"name":"창수초영해초공동통학구역","office":"경상북도영덕교육지원청"}},
{"type":"Feature","geometry":{"type":"Polygon","coordinates":[[[129.0802,36.2771],[129.0833,36.2767],[129.0893,36.2717],[129.0932,36.2744],[129.1119,36.2643],[129.117,36.266],[129.1217,36.2617],[129.1262,36.2641],[129.1328,36.2621],[129.1375,36.2551],[129.137,36.2503],[129.1455,36.2434],[129.1527,36.2353],[129.1659,36.2321],[129.171,36.2248],[129.178,36.2275],[129.1904,36.2367],[129.1919,36.2407],[129.1927,36.2413],[129.1944,36.2436],[129.1979,36.2447],[129.206,36.2574],[129.2071,36.2667],[129.2134,36.2714],[129.2226,36.2733],[129.2268,36.277],[129.2248,36.2901],[129.225,36.2983],[129.2241,36.3],[129.2243,36.2994],[129.2239,36.2999],[129.2199,36.303],[129.2151,36.3036],[129.2081,36.301],[129.2035,36.3027],[129.1975,36.3002],[129.1832,36.3002],[129.1755,36.3101],[129.1814,36.3167],[129.1764,36.3204],[129.1718,36.3284],[129.1747,36.3307],[129.1728,36.3368],[129.1694,36.3371],[129.1662,36.3346],[129.1505,36.3286],[129.1404,36.3281],[129.1342,36.3291],[129.128,36.3331],[129.1178,36.3276],[129.1098,36.3264],[129.0973,36.3327],[129.0961,36.334],[129.0937,36.3341],[129.0876,36.3341],[129.0845,36.3303],[129.071,36.3232],[129.0672,36.3183],[129.0672,36.3129],[129.0639,36.3107],[129.0625,36.3098],[129.0625,36.308],[129.0621,36.3071],[129.0633,36.3076],[129.0643,36.3038],[129.0707,36.2999],[129.0703,36.2927],[129.0732,36.2903],[129.0763,36.2813],[129.0802,36.2773],[129.0795,36.2772],[129.0802,36.2771]]]},"properties":{"name":"부남초통학구역","office":"경상북도청송교육지원청"}},
{"type":"Feature","geometry":{"type":"Polygon","coordinates":[[[129.1392,36.1392],[129.1422,36.1458],[129.1507,36.1627],[129.1581,36.1653],[129.1688,36.1651],[129.1735,36.1734],[129.1761,36.1772],[129.1865,36.1817],[129.1901,36.1858],[129.1864,36.1924],[129.1847,36.196],[129.2024,36.2081],[129.2023,36.209],[129.2032,36.2086],[129.2017,36.2129],[129.2038,36.2203],[129.2006,36.2259],[129.202,36.2306],[129.2016,36.2331],[129.2015,36.2339],[129.1995,36.2358],[129.1963,36.2387],[129.1942,36.2407],[129.1928,36.2412],[129.1924,36.241],[129.1927,36.2413],[129.1919,36.2407],[129.1904,36.2367],[129.178,36.2275],[129.171,36.2248],[129.1659,36.2321],[129.1527,36.2353],[129.1455,36.2434],[129.137,36.2503],[129.1375,36.2551],[129.1328,36.2621],[129.1262,36.2641],[129.1217,36.2617],[129.117,36.266],[129.1119,36.2643],[129.0932,36.2744],[129.0893,36.2717],[129.0833,36.2767],[129.0802,36.2771],[129.0784,36.277],[129.0704,36.2712],[129.063,36.2717],[129.0578,36.2686],[129.0524,36.2623],[129.056,36.2557],[129.063,36.2521],[129.0757,36.2501],[129.0782,36.2401],[129.0821,36.2359],[129.0733,36.2294],[129.0659,36.2271],[129.0649,36.2195],[129.0566,36.224],[129.042,36.222],[129.0359,36.2132],[129.0355,36.2034],[129.0282,36.1964],[129.0267,36.1834],[129.0174,36.1805],[129.0045,36.1788],[129.0012,36.1796],[128.9906,36.1752],[128.9895,36.1681],[128.9842,36.1679],[128.9895,36.168],[128.9977,36.1677],[129.0058,36.1635],[129.0064,36.1635],[129.0068,36.1634],[129.0128,36.1637],[129.0246,36.159],[129.0307,36.1589],[129.0364,36.1555],[129.0443,36.156],[129.0473,36.1503],[129.0554,36.1463],[129.063,36.1431],[129.0633,36.1421],[129.0631,36.1387],[129.0645,36.135],[129.0594,36.1296],[129.0667,36.1237],[129.0706,36.1144],[129.0764,36.1136],[129.0779,36.1123],[129.081,36.1176],[129.0921,36.1203],[129.0981,36.1218],[129.1042,36.1167],[129.1043,36.1167],[129.1117,36.1194],[129.1187,36.1246],[129.1201,36.1278],[129.1219,36.1326],[129.1227,36.1332],[129.1281,36.1368],[129.1388,36.1396],[129.1392,36.1392]]]},"properties":{"name":"죽장초통학구역","office":"경상북도포항교육지원청"}},
{"type":"Feature","geometry":{"type":"Polygon","coordinates":[[[127.9925,36.4235],[127.9877,36.4176],[127.9919,36.411],[127.9996,36.4081],[127.9952,36.3986],[127.9804,36.4006],[127.9754,36.3982],[127.9701,36.3948],[127.9707,36.3928],[127.9775,36.3873],[127.9803,36.3808],[127.9843,36.3776],[127.9859,36.3779],[127.9846,36.377],[127.989,36.3784],[127.9916,36.3834],[128.0021,36.3863],[128.0058,36.381],[128.01,36.3792],[128.0156,36.3797],[128.018,36.3754],[128.0192,36.3649],[128.0227,36.3631],[128.0239,36.3617],[128.0295,36.3619],[128.0301,36.3614],[128.0328,36.3594],[128.0331,36.3591],[128.0335,36.3565],[128.0339,36.3539],[128.0335,36.3527],[128.0345,36.3503],[128.0461,36.3442],[128.0462,36.3419],[128.0473,36.3421],[128.0466,36.3414],[128.0493,36.3425],[128.0563,36.3496],[128.0546,36.3697],[128.0431,36.3707],[128.0354,36.3733],[128.0432,36.3782],[128.0492,36.3823],[128.0512,36.3888],[128.0605,36.3967],[128.0525,36.4008],[128.0532,36.4042],[128.0387,36.4156],[128.0352,36.4229],[128.0253,36.4261],[128.0257,36.4322],[128.0296,36.4381],[128.0362,36.4371],[128.0418,36.442],[128.0453,36.4477],[128.0463,36.4498],[128.0479,36.453],[128.049,36.4577],[128.0495,36.4605],[128.0459,36.4615],[128.0326,36.4595],[128.0248,36.4693],[128.0246,36.471],[128.0244,36.4717],[128.02,36.4713],[128.0143,36.4647],[128.0102,36.4642],[128.0063,36.4477],[127.9969,36.4447],[127.9937,36.4351],[127.9957,36.4308],[127.9925,36.4258],[127.9925,36.4235]]]},"properties":{"name":"낙서초통학구역","office":"경상북도상주교육지원청"}},
{"type":"Feature","geometry":{"type":"Polygon","coordinates":[[[128.3349,35.7723],[128.3325,35.7641],[128.3342,35.7598],[128.333,35.7571],[128.3275,35.7523],[128.3271,35.7513],[128.3222,35.7501],[128.3135,35.7543],[128.2983,35.7488],[128.2978,35.7407],[128.2911,35.7394],[128.2906,35.7389],[128.2905,35.7386],[128.2911,35.7322],[128.3002,35.7319],[128.3019,35.7346],[128.3174,35.7288],[128.33,35.7288],[128.3369,35.7253],[128.3374,35.7252],[128.3375,35.7252],[128.3423,35.7249],[128.3435,35.7277],[128.3439,35.73],[128.3433,35.7313],[128.3434,35.7315],[128.3453,35.7326],[128.3505,35.7329],[128.3597,35.7307],[128.3678,35.7315],[128.3721,35.7357],[128.3778,35.7306],[128.3843,35.7289],[128.3926,35.7233],[128.4014,35.7199],[128.4091,35.7242],[128.4082,35.7316],[128.4122,35.7323],[128.4161,35.7361],[128.3912,35.7484],[128.3851,35.7565],[128.3817,35.7542],[128.3708,35.7549],[128.3702,35.7571],[128.3648,35.7603],[128.3608,35.7642],[128.3586,35.7664],[128.3575,35.7696],[128.3514,35.773],[128.3467,35.7708],[128.3418,35.773],[128.3349,35.7723]]]},"properties":{"name":"성산초통학구역","office":"경상북도고령교육지원청"}},
{"type":"Feature","geometry":{"type":"Polygon","coordinates":[[[128.7247,35.8237],[128.7234,35.8266],[128.7162,35.8244],[128.7198,35.8207],[128.719,35.822],[128.7202,35.821],[128.7247,35.8237]]]},"properties":{"name":"성암초장산초공동통학구역","office":"경상북도경산교육지원청"}},
{"type":"Feature","geometry":{"type":"Polygon","coordinates":[[[129.3569,36.0168],[129.3579,36.0192],[129.351,36.0228],[129.351,36.0251],[129.3532,36.0293],[129.3507,36.0253],[129.3502,36.0234],[129.3497,36.0233],[129.3466,36.0189],[129.3471,36.0185],[129.3474,36.0183],[129.3421,36.0129],[129.3419,36.0127],[129.3476,36.0103],[129.3481,36.0102],[129.353,36.0165],[129.3544,36.0157],[129.3569,36.0168]]]},"properties":{"name":"대잠초통학구역","office":"경상북도포항교육지원청"}},
{"type":"Feature","geometry":{"type":"Polygon","coordinates":[[[128.7198,35.8207],[128.7162,35.8244],[128.7234,35.8266],[128.7247,35.8237],[128.7236,35.8267],[128.7221,35.8322],[128.7172,35.8332],[128.7086,35.8266],[128.7091,35.8216],[128.7139,35.8175],[128.7152,35.812],[128.7217,35.8173],[128.7198,35.8207]]]},"properties":{"name":"성암초통학구역","office":"경상북도경산교육지원청"}},
{"type":"Feature","geometry":{"type":"Polygon","coordinates":[[[129.3501,36.6262],[129.329,36.628],[129.3189,36.629],[129.3112,36.6295],[129.3109,36.6295],[129.308,36.6277],[129.3038,36.6257],[129.3033,36.6203],[129.2974,36.6206],[129.2818,36.6116],[129.2799,36.6077],[129.2597,36.6112],[129.2541,36.6153],[129.255,36.6217],[129.2474,36.6232],[129.2439,36.6275],[129.2408,36.6296],[129.2414,36.6285],[129.2402,36.629],[129.2374,36.6271],[129.2365,36.6206],[129.2308,36.6203],[129.2293,36.6148],[129.2314,36.6054],[129.2247,36.6033],[129.2239,36.5976],[129.2193,36.5947],[129.2168,36.5893],[129.221,36.5854],[129.231,36.583],[129.2319,36.5776],[129.2328,36.5761],[129.2367,36.5675],[129.2431,36.5667],[129.2471,36.56],[129.2427,36.5601],[129.2425,36.5598],[129.2427,36.56],[129.2471,36.56],[129.2587,36.5602],[129.2736,36.5547],[129.2793,36.5546],[129.277,36.5502],[129.2728,36.5363],[129.2801,36.5304],[129.2866,36.5281],[129.2938,36.527],[129.3019,36.5288],[129.3049,36.5357],[129.3107,36.5395],[129.3233,36.5383],[129.3271,36.5408],[129.3398,36.5362],[129.3471,36.5369],[129.3544,36.5375],[129.3584,36.544],[129.3703,36.5483],[129.3802,36.5482],[129.3828,36.5456],[129.3829,36.5456],[129.3841,36.5457],[129.3807,36.5515],[129.3718,36.5606],[129.3647,36.5729],[129.3579,36.5738],[129.354,36.5772],[129.3528,36.5776],[129.3495,36.5838],[129.3519,36.5923],[129.3475,36.6067],[129.3511,36.6106],[129.3538,36.6199],[129.3515,36.6215],[129.3501,36.6262]]]},"properties":{"name":"창수초통학구역","office":"경상북도영덕교육지원청"}},
{"type":"Feature","geometry":{"type":"Polygon","coordinates":[[[128.6428,36.8961],[128.6439,36.8993],[128.6468,36.9015],[128.6498,36.9106],[128.6587,36.9094],[128.6662,36.9178],[128.669,36.9184],[128.6706,36.9188],[128.6696,36.919],[128.6703,36.9197],[128.6671,36.9196],[128.6664,36.9237],[128.6588,36.9308],[128.6639,36.942],[128.6755,36.9462],[128.6774,36.9534],[128.6864,36.9601],[128.6878,36.9597],[128.6873,36.9609],[128.6861,36.964],[128.6872,36.9695],[128.6935,36.9769],[128.69,36.9791],[128.6927,36.9848],[128.692,36.9948],[128.6945,36.9984],[128.6926,37.0047],[128.702,37.0125],[128.6999,37.0248],[128.7009,37.0296],[128.701,37.0299],[128.7012,37.0301],[128.7027,37.0322],[128.7032,37.0329],[128.706,37.0344],[128.7072,37.0377],[128.7004,37.0408],[128.6891,37.0531],[128.6837,37.0514],[128.6757,37.0588],[128.6643,37.0609],[128.6594,37.0603],[128.656,37.0645],[128.6461,37.0611],[128.6341,37.0457],[128.6329,37.0405],[128.639,37.033],[128.6383,37.0262],[128.6323,37.0195],[128.6231,37.0172],[128.6196,37.019],[128.6033,37.0114],[128.5967,37.0087],[128.5988,37.0052],[128.6051,37.0038],[128.6106,36.9993],[128.6112,36.995],[128.6226,36.9823],[128.62,36.9768],[128.6277,36.9722],[128.6265,36.9584],[128.6286,36.9529],[128.6239,36.9455],[128.621,36.9372],[128.6263,36.9343],[128.6261,36.9293],[128.6345,36.9278],[128.6402,36.9121],[128.6346,36.9076],[128.6356,36.8971],[128.6406,36.897],[128.6428,36.8961]]]},"properties":{"name":"부석초통학구역","office":"경상북도영주교육지원청"}},
{"type":"Feature","geometry":{"type":"Polygon","coordinates":[[[129.2717,36.7447],[129.2658,36.7468],[129.2616,36.7475],[129.2557,36.7466],[129.2543,36.7442],[129.2427,36.7374],[129.2374,36.7422],[129.2247,36.739],[129.2201,36.7408],[129.2161,36.7334],[129.2108,36.7311],[129.2103,36.7253],[129.2018,36.7177],[129.1969,36.7161],[129.1896,36.7172],[129.1877,36.7197],[129.1873,36.7194],[129.1838,36.7131],[129.1857,36.7041],[129.1785,36.6978],[129.1818,36.6958],[129.1839,36.6896],[129.1918,36.688],[129.2007,36.6745],[129.214,36.6829],[129.2294,36.6958],[129.2445,36.7004],[129.2572,36.7],[129.2589,36.6968],[129.2694,36.6953],[129.2739,36.6916],[129.2763,36.6917],[129.2776,36.6915],[129.2828,36.6953],[129.2895,36.713],[129.2923,36.7173],[129.2944,36.7178],[129.2878,36.7189],[129.2809,36.7233],[129.2753,36.7231],[129.2705,36.7277],[129.2729,36.7407],[129.2717,36.7447]]]},"properties":{"name":"일월초수비초공동통학구역","office":"경상북도영양교육지원청"}},
{"type":"Feature","geometry":{"type":"Polygon","coordinates":[[[129.3163,36.0395],[129.3141,36.0406],[129.3064,36.0442],[129.3048,36.0494],[129.2968,36.0579],[129.2863,36.0627],[129.2862,36.0619],[129.283,36.062],[129.2802,36.0575],[129.2844,36.0472],[129.28,36.036],[129.2793,36.0345],[129.2794,36.0326],[129.2785,36.0248],[129.2837,36.0235],[129.2954,36.0107],[129.2966,36.0048],[129.2985,36.0018],[129.2971,35.9954],[129.293,35.995],[129.2945,35.9946],[129.2976,35.9947],[129.3032,35.9956],[129.3056,35.9965],[129.3246,36.0027],[129.3229,36.0062],[129.3252,36.0069],[129.3234,36.0076],[129.32,36.0104],[129.3173,36.0171],[129.3111,36.0237],[129.312,36.029],[129.3118,36.0348],[129.3163,36.0395]]]},"properties":{"name":"유강초양동초공동(일방)통학구역","office":"경상북도포항교육지원청"}},
{"type":"Feature","geometry":{"type":"Polygon","coordinates":[[[129.3314,36.0424],[129.3309,36.0425],[129.3221,36.0416],[129.3188,36.0418],[129.3167,36.0413],[129.3141,36.0406],[129.3163,36.0395],[129.3164,36.0394],[129.3163,36.039],[129.3224,36.0344],[129.3297,36.0331],[129.3308,36.0305],[129.3306,36.0281],[129.3309,36.0261],[129.3311,36.0241],[129.3314,36.0201],[129.3313,36.0241],[129.3368,36.0233],[129.3385,36.0244],[129.3387,36.0245],[129.3383,36.0253],[129.3419,36.0257],[129.3418,36.0245],[129.3433,36.0256],[129.343,36.0262],[129.3442,36.0279],[129.341,36.0302],[129.3392,36.0324],[129.3362,36.0394],[129.3338,36.0414],[129.3322,36.042],[129.3314,36.0424]]]},"properties":{"name":"이동초통학구역","office":"경상북도포항교육지원청"}},
{"type":"Feature","geometry":{"type":"Polygon","coordinates":[[[128.705,36.5705],[128.7033,36.5694],[128.7017,36.5681],[128.7013,36.5681],[128.7005,36.5676],[128.7022,36.567],[128.7038,36.5642],[128.7076,36.5631],[128.7079,36.5645],[128.717,36.5636],[128.7207,36.5652],[128.7207,36.5667],[128.7228,36.5689],[128.7234,36.5707],[128.7133,36.5715],[128.7123,36.5709],[128.7069,36.5723],[128.705,36.5705]]]},"properties":{"name":"안동서부초와룡초공동(일방)통학구역","office":"경상북도안동교육지원청"}},
{"type":"Feature","geometry":{"type":"Polygon","coordinates":[[[128.7207,35.6145],[128.7079,35.6135],[128.7058,35.6134],[128.7057,35.6133],[128.7052,35.6132],[128.6999,35.6106],[128.6966,35.6097],[128.693,35.6025],[128.6913,35.5943],[128.6949,35.5834],[128.7033,35.578],[128.715,35.5776],[128.7246,35.5815],[128.732,35.576],[128.7374,35.5772],[128.7488,35.5707],[128.7581,35.5675],[128.7685,35.5708],[128.771,35.5686],[128.7855,35.5669],[128.7923,35.5705],[128.7988,35.5783],[128.8001,35.5858],[128.7907,35.5979],[128.7862,35.5988],[128.7848,35.5936],[128.7843,35.5933],[128.7837,35.593],[128.7829,35.5926],[128.7793,35.5932],[128.7771,35.5915],[128.774,35.5905],[128.7717,35.5897],[128.7696,35.589],[128.7647,35.589],[128.7651,35.5833],[128.7597,35.581],[128.7511,35.5883],[128.7501,35.5957],[128.7367,35.5993],[128.735,35.6051],[128.7207,35.6144],[128.7207,35.6145]]]},"properties":{"name":"유천초통학구역","office":"경상북도청도교육지원청"}},
{"type":"Feature","geometry":{"type":"Polygon","coordinates":[[[128.4254,36.1465],[128.4304,36.1478],[128.4305,36.1478],[128.4305,36.1477],[128.4305,36.1478],[128.4306,36.1479],[128.4306,36.148],[128.431,36.149],[128.435,36.1545],[128.4351,36.1548],[128.4349,36.1653],[128.4253,36.1647],[128.4212,36.1536],[128.4198,36.1536],[128.4206,36.1529],[128.4215,36.151],[128.4236,36.1476],[128.4236,36.146],[128.4254,36.1465]]]},"properties":{"name":"산동초구미신당초구미원당초공동통학구역","office":"경상북도구미교육지원청"}},
{"type":"Feature","geometry":{"type":"Polygon","coordinates":[[[128.6614,36.6003],[128.6622,36.5993],[128.6631,36.5992],[128.6718,36.5985],[128.6841,36.5984],[128.6872,36.5983],[128.6822,36.6027],[128.6834,36.6129],[128.6783,36.6173],[128.6825,36.6241],[128.6845,36.625],[128.6911,36.6289],[128.6906,36.6305],[128.6955,36.6274],[128.6988,36.6255],[128.7034,36.6216],[128.705,36.617],[128.7056,36.6229],[128.7065,36.6252],[128.7085,36.6312],[128.7087,36.639],[128.7079,36.6401],[128.707,36.6411],[128.7044,36.6472],[128.7057,36.6532],[128.7034,36.6584],[128.6959,36.656],[128.6847,36.6552],[128.6644,36.6611],[128.6661,36.6704],[128.6589,36.6712],[128.658,36.6725],[128.6507,36.6724],[128.6516,36.6688],[128.6477,36.6671],[128.6392,36.6659],[128.6352,36.6612],[128.6303,36.6624],[128.6249,36.6593],[128.6246,36.6591],[128.6241,36.6591],[128.6202,36.6593],[128.6193,36.6593],[128.6143,36.6614],[128.6089,36.6626],[128.6057,36.6625],[128.6051,36.6625],[128.6057,36.6622],[128.6043,36.6524],[128.6107,36.6487],[128.6072,36.6294],[128.6086,36.6243],[128.6057,36.6181],[128.6081,36.6155],[128.607,36.6051],[128.6051,36.6022],[128.6038,36.5979],[128.6059,36.5972],[128.6112,36.6009],[128.6255,36.6077],[128.6331,36.6096],[128.6343,36.6107],[128.6361,36.6101],[128.6358,36.6049],[128.6424,36.6011],[128.6465,36.6064],[128.6489,36.6169],[128.6505,36.6163],[128.6528,36.6114],[128.6639,36.6043],[128.6613,36.6004],[128.6614,36.6003]]]},"properties":{"name":"서후초통학구역","office":"경상북도안동교육지원청"}},
{"type":"Feature","geometry":{"type":"Polygon","coordinates":[[[129.3969,36.0818],[129.397,36.0764],[129.4018,36.077],[129.4114,36.0801],[129.4115,36.0801],[129.4114,36.0803],[129.4113,36.0805],[129.4074,36.0864],[129.3995,36.0863],[129.3969,36.083],[129.3969,36.0818]]]},"properties":{"name":"포항양덕초죽천초곡강초신광초송라초월포초흥해서부초청하초공동(일방)통학구역","office":"경상북도포항교육지원청"}},
{"type":"Feature","geometry":{"type":"Polygon","coordinates":[[[129.3967,36.0913],[129.3967,36.0946],[129.3932,36.0959],[129.3922,36.0959],[129.393,36.0967],[129.3875,36.0958],[129.3789,36.0993],[129.3764,36.0993],[129.3719,36.0977],[129.3717,36.0975],[129.382,36.0897],[129.3813,36.088],[129.3838,36.0891],[129.387,36.0881],[129.392,36.0865],[129.3931,36.0914],[129.3967,36.0913]]]},"properties":{"name":"포항송곡초죽천초곡강초신광초송라초월포초흥해서부초청하초공동(일방)통학구역","office":"경상북도포항교육지원청"}},
{"type":"Feature","geometry":{"type":"Polygon","coordinates":[[[129.1809,35.9856],[129.1772,35.9886],[129.1668,36.003],[129.1712,36.0087],[129.1673,36.0136],[129.1665,36.0212],[129.1679,36.0239],[129.1737,36.0253],[129.1736,36.0253],[129.1784,36.0274],[129.1782,36.0408],[129.1757,36.0422],[129.1763,36.0478],[129.1704,36.0489],[129.17,36.0533],[129.1647,36.0552],[129.1513,36.0548],[129.1509,36.0509],[129.1454,36.0439],[129.1388,36.0402],[129.135,36.0347],[129.1344,36.0348],[129.1346,36.0345],[129.1347,36.0344],[129.1376,36.0307],[129.1395,36.0278],[129.145,36.0121],[129.1349,36.0063],[129.1229,36.0065],[129.1166,36.0135],[129.1121,36.0095],[129.1118,36.0023],[129.111,35.9972],[129.1172,35.9855],[129.1187,35.9693],[129.1161,35.9617],[129.1246,35.9508],[129.1288,35.948],[129.1296,35.9403],[129.1361,35.933],[129.1354,35.9315],[129.1374,35.931],[129.15,35.9343],[129.153,35.9293],[129.161,35.9309],[129.1735,35.9255],[129.1778,35.925],[129.1779,35.9251],[129.1788,35.9263],[129.1797,35.9323],[129.1848,35.9421],[129.1822,35.9448],[129.1862,35.9535],[129.1906,35.9564],[129.1892,35.9787],[129.1884,35.9796],[129.1852,35.9818],[129.1837,35.9815],[129.1809,35.9856]]]},"properties":{"name":"옥산초통학구역","office":"경상북도경주교육지원청"}},
{"type":"Feature","geometry":{"type":"Polygon","coordinates":[[[129.3543,36.651],[129.349,36.6568],[129.3301,36.6615],[129.3273,36.6667],[129.3176,36.6656],[129.3105,36.6683],[129.2982,36.669],[129.2942,36.6714],[129.2854,36.668],[129.2754,36.6705],[129.2662,36.6737],[129.2603,36.6686],[129.2538,36.6712],[129.2443,36.6666],[129.2332,36.6589],[129.2299,36.6475],[129.2348,36.6425],[129.2391,36.6324],[129.2408,36.6296],[129.2439,36.6275],[129.2474,36.6232],[129.255,36.6217],[129.2541,36.6153],[129.2597,36.6112],[129.2799,36.6077],[129.2818,36.6116],[129.2974,36.6206],[129.3033,36.6203],[129.3038,36.6257],[129.308,36.6277],[129.3109,36.6295],[129.3112,36.6295],[129.3189,36.629],[129.329,36.628],[129.3501,36.6262],[129.3515,36.6294],[129.3574,36.6347],[129.3543,36.6401],[129.3543,36.651]]]},"properties":{"name":"창수초인천분교장통학구역","office":"경상북도영덕교육지원청"}},
{"type":"Feature","geometry":{"type":"Polygon","coordinates":[[[129.1785,36.6978],[129.1857,36.7041],[129.1838,36.7131],[129.1873,36.7194],[129.1877,36.7197],[129.1876,36.7199],[129.1895,36.7214],[129.1838,36.7303],[129.1791,36.7358],[129.181,36.7424],[129.1767,36.7485],[129.1834,36.753],[129.1752,36.7556],[129.1688,36.7655],[129.1644,36.7635],[129.1594,36.7713],[129.1603,36.7738],[129.1552,36.7871],[129.1628,36.7895],[129.1666,36.7989],[129.168,36.8098],[129.1734,36.8176],[129.1712,36.8235],[129.1716,36.8301],[129.1678,36.8354],[129.1685,36.8401],[129.1704,36.8404],[129.1685,36.8403],[129.1601,36.8409],[129.1569,36.8344],[129.1432,36.8364],[129.133,36.8331],[129.1216,36.8325],[129.1155,36.835],[129.1062,36.8316],[129.0952,36.8234],[129.0897,36.8264],[129.0891,36.8244],[129.0884,36.8239],[129.0806,36.8183],[129.0817,36.8155],[129.0844,36.8134],[129.0862,36.8095],[129.0972,36.8055],[129.0974,36.8009],[129.0909,36.795],[129.0843,36.7926],[129.0785,36.7858],[129.0678,36.778],[129.0712,36.7662],[129.0714,36.758],[129.0659,36.7481],[129.0665,36.7435],[129.0652,36.7392],[129.0662,36.7396],[129.0661,36.7386],[129.0659,36.7355],[129.0686,36.7266],[129.0722,36.7231],[129.0775,36.7224],[129.0763,36.7151],[129.0808,36.7113],[129.0896,36.7153],[129.0936,36.7081],[129.089,36.7054],[129.0892,36.6992],[129.0901,36.6975],[129.0895,36.6994],[129.0956,36.7031],[129.1095,36.6981],[129.111,36.6937],[129.113,36.6932],[129.1135,36.6927],[129.1175,36.6875],[129.1177,36.6871],[129.1182,36.6837],[129.1199,36.6832],[129.12,36.6832],[129.1236,36.6789],[129.1279,36.6777],[129.1349,36.6954],[129.1462,36.6969],[129.1494,36.6997],[129.1607,36.7032],[129.1675,36.7017],[129.1785,36.6978]]]},"properties":{"name":"일월초통학구역","office":"경상북도영양교육지원청"}},
{"type":"Feature","geometry":{"type":"Polygon","coordinates":[[[128.793,35.9479],[128.793,35.9491],[128.7919,35.9486],[128.7864,35.9446],[128.776,35.9419],[128.7724,35.9451],[128.7645,35.9441],[128.7453,35.9473],[128.7432,35.9491],[128.7424,35.9496],[128.7422,35.9478],[128.7436,35.9468],[128.7438,35.943],[128.7397,35.9375],[128.7367,35.9296],[128.7427,35.9204],[128.7557,35.9144],[128.7614,35.9165],[128.7707,35.9152],[128.7769,35.9143],[128.7775,35.9144],[128.7779,35.9145],[128.7804,35.9151],[128.7827,35.9141],[128.7933,35.9144],[128.8015,35.9163],[128.8172,35.916],[128.8182,35.9196],[128.8131,35.9249],[128.8232,35.9242],[128.8251,35.9259],[128.8288,35.9248],[128.8337,35.923],[128.8343,35.9221],[128.8346,35.9216],[128.8345,35.9219],[128.8347,35.9216],[128.8399,35.9308],[128.839,35.9331],[128.8397,35.9348],[128.8395,35.9348],[128.83,35.9366],[128.8258,35.9427],[128.8192,35.9451],[128.8055,35.9409],[128.8043,35.9429],[128.7931,35.9456],[128.793,35.9479]]]},"properties":{"name":"하주초와촌초청천초계당초대동초공동(일방)통학구역","office":"경상북도경산교육지원청"}},
{"type":"Feature","geometry":{"type":"Polygon","coordinates":[[[128.3676,36.138],[128.3676,36.1382],[128.363,36.1383],[128.3606,36.1312],[128.3596,36.1273],[128.3592,36.1248],[128.3585,36.1231],[128.366,36.1222],[128.3694,36.1247],[128.3694,36.1243],[128.3696,36.1246],[128.3706,36.1264],[128.374,36.1247],[128.3795,36.1263],[128.3774,36.1299],[128.368,36.1297],[128.3676,36.138]]]},"properties":{"name":"신기초통학구역","office":"경상북도구미교육지원청"}},
{"type":"Feature","geometry":{"type":"Polygon","coordinates":[[[128.1886,36.5946],[128.1912,36.5946],[128.191,36.597],[128.19,36.5984],[128.1894,36.5987],[128.1869,36.5993],[128.1886,36.5946]]]},"properties":{"name":"점촌초점촌중앙초공동통학구역","office":"경상북도문경교육지원청"}},
{"type":"Feature","geometry":{"type":"Polygon","coordinates":[[[128.8311,36.5697],[128.8302,36.5694],[128.824,36.5739],[128.8178,36.5862],[128.8105,36.588],[128.8102,36.588],[128.8075,36.5876],[128.8018,36.5864],[128.7797,36.5765],[128.7808,36.5713],[128.7811,36.5702],[128.7824,36.5701],[128.7829,36.5689],[128.7873,36.5645],[128.7847,36.5594],[128.7788,36.5573],[128.7738,36.5564],[128.7772,36.55],[128.778,36.5502],[128.7773,36.5498],[128.7791,36.5505],[128.783,36.543],[128.7854,36.5407],[128.7869,36.5399],[128.7994,36.5359],[128.8065,36.5356],[128.8092,36.5359],[128.8166,36.5378],[128.8192,36.5397],[128.8211,36.5405],[128.825,36.5441],[128.832,36.5477],[128.8342,36.5548],[128.8396,36.5577],[128.8348,36.5636],[128.8342,36.5643],[128.8311,36.5697]]]},"properties":{"name":"송천초통학구역","office":"경상북도안동교육지원청"}},
{"type":"Feature","geometry":{"type":"Polygon","coordinates":[[[128.3969,35.9071],[128.399,35.8999],[128.4068,35.9014],[128.4183,35.9166],[128.4181,35.9213],[128.4238,35.9231],[128.4269,35.9316],[128.4224,35.9352],[128.4288,35.9487],[128.4326,35.9514],[128.4298,35.955],[128.4277,35.9603],[128.4308,35.9633],[128.4262,35.9733],[128.4218,35.9753],[128.4192,35.9752],[128.4189,35.9752],[128.4171,35.976],[128.4133,35.9766],[128.4109,35.9747],[128.4052,35.9686],[128.4,35.9678],[128.3959,35.9647],[128.3926,35.9639],[128.3958,35.9416],[128.3991,35.9266],[128.3969,35.9071]]]},"properties":{"name":"낙산초통학구역","office":"경상북도칠곡교육지원청"}},
{"type":"Feature","geometry":{"type":"Polygon","coordinates":[[[128.8235,35.8808],[128.8247,35.8811],[128.8235,35.8818],[128.8256,35.8826],[128.828,35.8843],[128.8255,35.8852],[128.819,35.8877],[128.815,35.8904],[128.8137,35.8917],[128.8118,35.8908],[128.8092,35.8898],[128.8072,35.8878],[128.8104,35.883],[128.8191,35.8799],[128.8235,35.8808]]]},"properties":{"name":"봉황초다문초공동(일방)통학구역","office":"경상북도경산교육지원청"}},
{"type":"Feature","geometry":{"type":"Polygon","coordinates":[[[128.3378,36.1323],[128.3378,36.1322],[128.3384,36.132],[128.3406,36.1305],[128.3487,36.1273],[128.349,36.1272],[128.3515,36.1261],[128.3523,36.1262],[128.3595,36.1273],[128.3592,36.1248],[128.3596,36.1273],[128.3606,36.1312],[128.363,36.1383],[128.3676,36.1382],[128.3677,36.1386],[128.3688,36.1432],[128.3708,36.1473],[128.3627,36.15],[128.3618,36.1498],[128.3617,36.1501],[128.3503,36.1514],[128.3394,36.1495],[128.3411,36.1423],[128.3378,36.1351],[128.3378,36.1326],[128.3378,36.1323]]]},"properties":{"name":"지산초통학구역","office":"경상북도구미교육지원청"}},
{"type":"Feature","geometry":{"type":"Polygon","coordinates":[[[129.0064,36.1233],[129.0071,36.1241],[129.0068,36.123],[129.0118,36.1198],[129.0248,36.1247],[129.0365,36.1221],[129.0439,36.1179],[129.0484,36.1125],[129.0636,36.1012],[129.0722,36.0994],[129.0819,36.1027],[129.0768,36.1068],[129.0793,36.1109],[129.0779,36.1123],[129.0764,36.1136],[129.0706,36.1144],[129.0667,36.1237],[129.0594,36.1296],[129.0645,36.135],[129.0631,36.1387],[129.0633,36.1421],[129.063,36.1431],[129.0554,36.1463],[129.0473,36.1503],[129.0443,36.156],[129.0364,36.1555],[129.0307,36.1589],[129.0246,36.159],[129.0128,36.1637],[129.0068,36.1634],[129.0066,36.1634],[129.0068,36.1633],[129.0064,36.1566],[129.0082,36.1506],[129.0057,36.1445],[128.999,36.1386],[129.0006,36.1316],[129.0076,36.1258],[129.0064,36.1233]]]},"properties":{"name":"자천초보현분교장통학구역","office":"경상북도영천교육지원청"}},
{"type":"Feature","geometry":{"type":"Polygon","coordinates":[[[128.3754,36.6207],[128.3784,36.6229],[128.3965,36.6248],[128.4029,36.6287],[128.4064,36.636],[128.4055,36.6515],[128.4042,36.6545],[128.4038,36.6569],[128.4104,36.6589],[128.4143,36.6612],[128.4141,36.6668],[128.4124,36.6653],[128.3947,36.6634],[128.3858,36.6639],[128.3824,36.6723],[128.3712,36.6782],[128.3659,36.6768],[128.3548,36.6854],[128.3536,36.6893],[128.3532,36.6898],[128.3521,36.6904],[128.348,36.6915],[128.3372,36.6946],[128.3369,36.6936],[128.3364,36.6931],[128.3344,36.6908],[128.3336,36.6878],[128.3204,36.6783],[128.3286,36.6678],[128.3342,36.6654],[128.3354,36.6585],[128.3397,36.6576],[128.3457,36.6558],[128.3465,36.6548],[128.3505,36.6522],[128.3475,36.6463],[128.3424,36.6457],[128.3369,36.6463],[128.3373,36.6455],[128.3314,36.641],[128.3325,36.64],[128.3348,36.6352],[128.3369,36.6332],[128.3511,36.6337],[128.3689,36.6362],[128.3749,36.6302],[128.367,36.626],[128.3497,36.6259],[128.3556,36.6153],[128.3642,36.616],[128.3669,36.6201],[128.3693,36.6214],[128.3754,36.6207]]]},"properties":{"name":"유천초통학구역","office":"경상북도예천교육지원청"}},
{"type":"Feature","geometry":{"type":"Polygon","coordinates":[[[129.2942,36.8265],[129.2931,36.8269],[129.2855,36.8335],[129.2792,36.8319],[129.2727,36.8334],[129.2707,36.8407],[129.2774,36.8473],[129.2751,36.8505],[129.2756,36.8589],[129.2844,36.863],[129.2853,36.8651],[129.2757,36.8752],[129.2716,36.8715],[129.261,36.8735],[129.263,36.8774],[129.2571,36.8735],[129.2565,36.869],[129.2552,36.8601],[129.2501,36.8548],[129.2476,36.8519],[129.2477,36.8506],[129.251,36.8436],[129.2427,36.8393],[129.2406,36.8356],[129.2342,36.8357],[129.2275,36.8385],[129.2148,36.8331],[129.2067,36.8329],[129.1943,36.8404],[129.1749,36.8376],[129.1704,36.8404],[129.1685,36.8401],[129.1678,36.8354],[129.1716,36.8301],[129.1712,36.8235],[129.1734,36.8176],[129.168,36.8098],[129.1666,36.7989],[129.1628,36.7895],[129.1552,36.7871],[129.1603,36.7738],[129.1594,36.7713],[129.1644,36.7635],[129.1688,36.7655],[129.1752,36.7556],[129.1834,36.753],[129.1767,36.7485],[129.181,36.7424],[129.1791,36.7358],[129.1838,36.7303],[129.1895,36.7214],[129.1876,36.7199],[129.1877,36.7197],[129.1896,36.7172],[129.1969,36.7161],[129.2018,36.7177],[129.2103,36.7253],[129.2108,36.7311],[129.2161,36.7334],[129.2201,36.7408],[129.2247,36.739],[129.2374,36.7422],[129.2427,36.7374],[129.2543,36.7442],[129.2557,36.7466],[129.2616,36.7475],[129.2658,36.7468],[129.2717,36.7447],[129.2853,36.7521],[129.2928,36.7523],[129.2976,36.7565],[129.2962,36.7653],[129.2987,36.7709],[129.3063,36.7766],[129.3116,36.7777],[129.3141,36.7808],[129.3121,36.7861],[129.3061,36.7928],[129.3001,36.7939],[129.2924,36.8057],[129.2876,36.8086],[129.2908,36.8212],[129.2942,36.8265]]]},"properties":{"name":"수비초통학구역","office":"경상북도영양교육지원청"}},
{"type":"Feature","geometry":{"type":"Polygon","coordinates":[[[129.1704,36.8404],[129.1749,36.8376],[129.1943,36.8404],[129.2067,36.8329],[129.2148,36.8331],[129.2275,36.8385],[129.2342,36.8357],[129.2406,36.8356],[129.2427,36.8393],[129.251,36.8436],[129.2477,36.8506],[129.2476,36.8519],[129.2476,36.8528],[129.247,36.8523],[129.2346,36.8532],[129.2315,36.8538],[129.2262,36.8561],[129.2314,36.8615],[129.2225,36.8616],[129.2177,36.8584],[129.2113,36.8637],[129.2083,36.8568],[129.2021,36.8601],[129.2009,36.8651],[129.1956,36.8697],[129.1958,36.8748],[129.1922,36.8793],[129.1769,36.8793],[129.1689,36.8815],[129.1658,36.8754],[129.153,36.8738],[129.1426,36.8742],[129.1364,36.8732],[129.1365,36.873],[129.1363,36.873],[129.1357,36.8691],[129.1292,36.8649],[129.1283,36.8584],[129.124,36.8567],[129.1213,36.8475],[129.1166,36.8439],[129.1101,36.8402],[129.1083,36.8377],[129.1073,36.8372],[129.1041,36.8357],[129.1031,36.8346],[129.1026,36.8343],[129.1021,36.8335],[129.102,36.8334],[129.102,36.8333],[129.1011,36.8319],[129.1006,36.8291],[129.0994,36.8277],[129.0897,36.8264],[129.0952,36.8234],[129.1062,36.8316],[129.1155,36.835],[129.1216,36.8325],[129.133,36.8331],[129.1432,36.8364],[129.1569,36.8344],[129.1601,36.8409],[129.1685,36.8403],[129.1704,36.8404]]]},"properties":{"name":"일월초일월초청기분교장수비초소천초공동통학구역","office":"경상북도영양교육지원청"}},
{"type":"Feature","geometry":{"type":"Polygon","coordinates":[[[128.948,36.8652],[128.9468,36.8652],[128.9403,36.8674],[128.9332,36.8652],[128.9333,36.8588],[128.9237,36.8552],[128.9268,36.8478],[128.938,36.8437],[128.9401,36.8353],[128.9385,36.8326],[128.9314,36.8312],[128.9284,36.8277],[128.9377,36.8171],[128.9404,36.811],[128.9356,36.8027],[128.929,36.8015],[128.9259,36.791],[128.8954,36.7902],[128.8958,36.7856],[128.9031,36.7789],[128.9033,36.7765],[128.9033,36.7759],[128.9033,36.7758],[128.9039,36.7757],[128.9061,36.775],[128.9134,36.7718],[128.9151,36.7702],[128.9162,36.7693],[128.919,36.7673],[128.9194,36.7672],[128.9204,36.7674],[128.9248,36.769],[128.9303,36.7676],[128.9423,36.7736],[128.9508,36.7716],[128.9533,36.7708],[128.954,36.7706],[128.9543,36.7704],[128.9568,36.7681],[128.9639,36.752],[128.9821,36.7465],[128.9903,36.7474],[128.9897,36.7505],[128.992,36.756],[128.9838,36.7636],[128.9847,36.7726],[128.9903,36.7768],[129.0007,36.7806],[129.0083,36.78],[129.0168,36.7844],[129.0219,36.7834],[129.036,36.7892],[129.0386,36.7951],[129.0467,36.7973],[129.0491,36.8014],[129.0534,36.8063],[129.0571,36.8079],[129.0633,36.8142],[129.0639,36.8148],[129.0643,36.8175],[129.0642,36.8175],[129.0624,36.8178],[129.0611,36.8185],[129.0557,36.8223],[129.0536,36.829],[129.0462,36.834],[129.0245,36.8362],[129.0149,36.8316],[129.005,36.8359],[128.9978,36.8388],[128.9968,36.8322],[128.9922,36.8282],[128.975,36.8215],[128.9661,36.8305],[128.9634,36.8366],[128.9555,36.8404],[128.9534,36.8463],[128.9504,36.8485],[128.952,36.8544],[128.9482,36.8646],[128.9474,36.8649],[128.948,36.8652]]]},"properties":{"name":"재산초통학구역","office":"경상북도봉화교육지원청"}},
{"type":"Feature","geometry":{"type":"Polygon","coordinates":[[[129.0021,36.8687],[129.006,36.8671],[129.0146,36.8623],[129.0315,36.8551],[129.0435,36.8522],[129.0492,36.8586],[129.0585,36.8588],[129.0649,36.8583],[129.0696,36.8549],[129.0821,36.8505],[129.0856,36.8535],[129.076,36.8622],[129.0672,36.8642],[129.0504,36.8758],[129.0388,36.8737],[129.029,36.8829],[129.0295,36.8954],[129.0322,36.9042],[129.0233,36.9029],[129.0187,36.9102],[129.0124,36.9145],[128.9976,36.9182],[128.9899,36.9184],[128.9898,36.9183],[128.9895,36.9155],[128.9831,36.9123],[128.9788,36.9059],[128.9841,36.8964],[128.9908,36.8927],[128.9908,36.8868],[128.9861,36.8825],[128.9916,36.8804],[128.9924,36.8801],[128.9924,36.8796],[128.9925,36.8793],[128.9925,36.8791],[128.9848,36.8758],[128.9812,36.8743],[128.9824,36.8736],[128.9835,36.8729],[128.9909,36.8712],[128.9911,36.8728],[128.9966,36.8696],[129.0021,36.8687]]]},"properties":{"name":"소천초임기분교일월초일월초청기분교수비초공동통학구역","office":"경상북도봉화교육지원청"}},
{"type":"Feature","geometry":{"type":"Polygon","coordinates":[[[128.8754,36.5896],[128.8757,36.5901],[128.8753,36.5897],[128.8702,36.5859],[128.859,36.5857],[128.8573,36.5835],[128.8573,36.5754],[128.8588,36.5754],[128.8594,36.5736],[128.8622,36.5725],[128.866,36.5653],[128.8622,36.5616],[128.8615,36.5569],[128.8679,36.553],[128.8685,36.5466],[128.8808,36.5393],[128.888,36.538],[128.8896,36.538],[128.8896,36.55],[128.9013,36.5594],[128.9026,36.5677],[128.9084,36.5699],[128.9086,36.5755],[128.8982,36.5832],[128.894,36.5905],[128.8879,36.5914],[128.8797,36.5906],[128.8754,36.5896]]]},"properties":{"name":"길주초송천초공동통학구역","office":"경상북도안동교육지원청"}},
{"type":"Feature","geometry":{"type":"Polygon","coordinates":[[[128.5297,36.5795],[128.53,36.5811],[128.5337,36.5836],[128.5368,36.5878],[128.5514,36.5862],[128.5619,36.5839],[128.5539,36.5988],[128.5472,36.606],[128.5325,36.6071],[128.5328,36.6107],[128.533,36.6155],[128.5291,36.6185],[128.5249,36.6205],[128.5247,36.6206],[128.5234,36.6202],[128.5217,36.6198],[128.5148,36.6201],[128.5122,36.6202],[128.508,36.6192],[128.5087,36.613],[128.5022,36.6059],[128.4976,36.6033],[128.4924,36.5961],[128.492,36.5867],[128.4986,36.5854],[128.4992,36.5846],[128.5009,36.5828],[128.5028,36.5832],[128.5165,36.5841],[128.5178,36.585],[128.5247,36.5786],[128.5272,36.5795],[128.5297,36.5795]]]},"properties":{"name":"풍북초통학구역","office":"경상북도안동교육지원청"}},
{"type":"Feature","geometry":{"type":"Polygon","coordinates":[[[129.1839,37.0379],[129.1851,37.0465],[129.1771,37.0566],[129.1703,37.0603],[129.1661,37.0692],[129.1618,37.0688],[129.1422,37.0804],[129.1336,37.0818],[129.1264,37.0851],[129.1266,37.0889],[129.118,37.0927],[129.1077,37.0935],[129.1045,37.0977],[129.0958,37.1004],[129.0705,37.0884],[129.0708,37.084],[129.0657,37.0788],[129.0676,37.0746],[129.0643,37.0681],[129.0597,37.0653],[129.0534,37.0702],[129.0417,37.0711],[129.0366,37.0763],[129.0151,37.0797],[129.0096,37.0787],[128.9833,37.0846],[128.9774,37.0815],[128.9593,37.0775],[128.9549,37.0795],[128.9536,37.0848],[128.9458,37.0928],[128.9405,37.0934],[128.932,37.0909],[128.9236,37.0921],[128.915,37.0837],[128.9169,37.0787],[128.9102,37.0702],[128.9104,37.0661],[128.9212,37.0646],[128.9347,37.0604],[128.944,37.0526],[128.9563,37.0514],[128.9668,37.0379],[128.9717,37.0339],[128.9732,37.0277],[128.9833,37.0244],[128.9908,37.0265],[128.9996,37.0188],[129.0067,37.0256],[129.0135,37.0277],[129.0239,37.0239],[129.0309,37.0166],[129.0345,37.0129],[129.0352,37.0139],[129.0413,37.0177],[129.0544,37.0177],[129.0623,37.0242],[129.0622,37.0308],[129.0679,37.0366],[129.0824,37.0371],[129.0974,37.0305],[129.1063,37.025],[129.1146,37.0255],[129.118,37.0293],[129.127,37.03],[129.1339,37.0343],[129.1354,37.0328],[129.1411,37.0309],[129.1473,37.025],[129.155,37.0234],[129.1595,37.0196],[129.1644,37.0226],[129.1667,37.0221],[129.1728,37.0269],[129.1781,37.0321],[129.1839,37.0379]]]},"properties":{"name":"석포초통학구역","office":"경상북도봉화교육지원청"}},
{"type":"Feature","geometry":{"type":"Polygon","coordinates":[[[128.5908,36.701],[128.5907,36.6984],[128.5942,36.6968],[128.6022,36.6962],[128.6105,36.6902],[128.6103,36.6846],[128.6012,36.6791],[128.6053,36.6721],[128.6126,36.6735],[128.6174,36.6794],[128.621,36.6831],[128.6327,36.6808],[128.6356,36.6791],[128.6365,36.6791],[128.64,36.6798],[128.6425,36.6814],[128.6427,36.6816],[128.6445,36.684],[128.6452,36.6855],[128.6455,36.688],[128.6409,36.6944],[128.64,36.6983],[128.641,36.7026],[128.6344,36.7057],[128.633,36.7103],[128.6279,36.7167],[128.6297,36.7197],[128.6365,36.719],[128.6388,36.7185],[128.6365,36.7191],[128.6369,36.7226],[128.642,36.724],[128.6407,36.7268],[128.6374,36.7327],[128.6337,36.7358],[128.6467,36.7374],[128.6599,36.7559],[128.6582,36.7646],[128.6654,36.7689],[128.6623,36.772],[128.6618,36.7727],[128.6611,36.7751],[128.6607,36.7745],[128.6604,36.7751],[128.6552,36.7765],[128.6518,36.7785],[128.6429,36.7813],[128.6441,36.785],[128.6422,36.7904],[128.6386,36.7914],[128.6372,36.7918],[128.6371,36.793],[128.6343,36.7949],[128.6306,36.7952],[128.6304,36.795],[128.6303,36.7952],[128.6301,36.7947],[128.6248,36.7951],[128.6225,36.7933],[128.6185,36.7921],[128.617,36.793],[128.613,36.7879],[128.6113,36.7851],[128.6118,36.7825],[128.6173,36.7752],[128.6177,36.7697],[128.6137,36.7665],[128.6044,36.7588],[128.6022,36.7492],[128.5967,36.7454],[128.5967,36.7417],[128.5833,36.7376],[128.5797,36.7327],[128.5788,36.732],[128.5774,36.7289],[128.5835,36.7242],[128.5847,36.7217],[128.5834,36.7094],[128.5898,36.7047],[128.5894,36.7013],[128.5908,36.701]]]},"properties":{"name":"문수초통학구역","office":"경상북도영주교육지원청"}},
{"type":"Feature","geometry":{"type":"Polygon","coordinates":[[[128.5788,36.732],[128.5797,36.7327],[128.5833,36.7376],[128.5967,36.7417],[128.5967,36.7454],[128.6022,36.7492],[128.6044,36.7588],[128.6137,36.7665],[128.6177,36.7697],[128.6173,36.7752],[128.6118,36.7825],[128.6113,36.7851],[128.6104,36.7837],[128.609,36.7849],[128.6023,36.7902],[128.5985,36.7913],[128.5938,36.7894],[128.5896,36.7942],[128.5959,36.7995],[128.5972,36.8044],[128.5976,36.8044],[128.5972,36.8045],[128.5941,36.8056],[128.5924,36.8108],[128.5859,36.8033],[128.5781,36.8042],[128.574,36.7996],[128.5663,36.7988],[128.5645,36.8035],[128.5654,36.8072],[128.5672,36.8076],[128.5654,36.8073],[128.5616,36.8071],[128.5597,36.8041],[128.5472,36.8064],[128.5447,36.8026],[128.5478,36.7969],[128.5483,36.793],[128.5407,36.788],[128.5299,36.7943],[128.5219,36.7895],[128.5162,36.7914],[128.5118,36.7909],[128.5108,36.7882],[128.5111,36.7807],[128.5138,36.7723],[128.5158,36.7706],[128.518,36.7715],[128.5297,36.7708],[128.5367,36.7735],[128.5394,36.7692],[128.5449,36.7666],[128.5517,36.7656],[128.5564,36.7609],[128.561,36.7605],[128.5661,36.7524],[128.5659,36.7481],[128.5712,36.743],[128.5692,36.7391],[128.5784,36.7322],[128.5791,36.7325],[128.5788,36.732]]]},"properties":{"name":"장수초통학구역","office":"경상북도영주교육지원청"}},
{"type":"Feature","geometry":{"type":"Polygon","coordinates":[[[129.0904,35.8554],[129.0898,35.8578],[129.0921,35.8599],[129.0823,35.8677],[129.0753,35.8617],[129.0625,35.8711],[129.0613,35.8662],[129.0588,35.8638],[129.0589,35.8551],[129.0573,35.8527],[129.0564,35.853],[129.0573,35.8526],[129.0613,35.8514],[129.0654,35.8512],[129.071,35.8473],[129.0801,35.8458],[129.0842,35.8487],[129.0894,35.8493],[129.0897,35.8495],[129.0904,35.8506],[129.0906,35.8516],[129.0897,35.8549],[129.0911,35.8544],[129.0904,35.8554]]]},"properties":{"name":"건천초천포초공동통학구역","office":"경상북도경주교육지원청"}},
{"type":"Feature","geometry":{"type":"Polygon","coordinates":[[[128.1877,36.1194],[128.1912,36.1194],[128.1877,36.1213],[128.1877,36.1194]]]},"properties":{"name":"율곡초운곡초공동통학구역","office":"경상북도김천교육지원청"}},
{"type":"Feature","geometry":{"type":"Polygon","coordinates":[[[129.1363,35.8683],[129.1382,35.8705],[129.1356,35.8776],[129.1372,35.883],[129.1339,35.8891],[129.1267,35.8911],[129.12,35.9007],[129.1157,35.902],[129.1153,35.9045],[129.1101,35.911],[129.1103,35.9125],[129.11,35.911],[129.109,35.9074],[129.1057,35.8978],[129.1025,35.8981],[129.0962,35.8951],[129.1,35.8874],[129.0951,35.8804],[129.0897,35.877],[129.0817,35.8781],[129.0791,35.8745],[129.0712,35.876],[129.0627,35.872],[129.0625,35.8711],[129.0753,35.8617],[129.0823,35.8677],[129.0921,35.8599],[129.0898,35.8578],[129.0904,35.8554],[129.0924,35.8539],[129.0964,35.8496],[129.1017,35.8425],[129.1058,35.8393],[129.1065,35.8404],[129.1145,35.8391],[129.1227,35.8409],[129.125,35.8361],[129.1326,35.8369],[129.1305,35.8494],[129.1326,35.8541],[129.1371,35.866],[129.1363,35.8683]]]},"properties":{"name":"건천초통학구역","office":"경상북도경주교육지원청"}},
{"type":"Feature","geometry":{"type":"Polygon","coordinates":[[[129.1422,36.6254],[129.1405,36.631],[129.1426,36.6383],[129.1284,36.6477],[129.1155,36.6491],[129.1138,36.662],[129.1151,36.6677],[129.1192,36.6718],[129.1189,36.6799],[129.1199,36.6832],[129.1182,36.6837],[129.1177,36.6871],[129.1175,36.6875],[129.1135,36.6927],[129.113,36.6932],[129.111,36.6937],[129.1095,36.6981],[129.0956,36.7031],[129.0895,36.6994],[129.0901,36.6975],[129.0892,36.6992],[129.0907,36.6956],[129.073,36.689],[129.0547,36.6919],[129.0494,36.6877],[129.0469,36.6858],[129.0453,36.6807],[129.0479,36.6722],[129.054,36.6645],[129.0546,36.6607],[129.0546,36.6597],[129.053,36.6519],[129.0619,36.6494],[129.0667,36.6505],[129.08,36.6473],[129.0833,36.6407],[129.0791,36.6363],[129.0809,36.6247],[129.0875,36.6179],[129.089,36.6091],[129.0962,36.608],[129.1039,36.6131],[129.1134,36.6221],[129.1212,36.6236],[129.1313,36.6221],[129.1356,36.6233],[129.1384,36.6217],[129.1389,36.6214],[129.1385,36.6219],[129.1422,36.6254]],[[129.0623,36.6871],[129.0551,36.68],[129.051,36.6822],[129.0566,36.6904],[129.0601,36.6905],[129.0626,36.688],[129.0623,36.6871]]]},"properties":{"name":"영양초일월초공동(일방)통학구역","office":"경상북도영양교육지원청"}},
{"type":"Feature","geometry":{"type":"Polygon","coordinates":[[[127.9806,36.0546],[127.9796,36.049],[127.9824,36.0439],[127.9987,36.047],[128.0011,36.0445],[128.0019,36.0443],[128.0056,36.0435],[128.0097,36.0441],[128.0146,36.0502],[128.0132,36.0538],[128.0127,36.0529],[128.0121,36.0537],[128.0074,36.0534],[128.0014,36.0537],[127.9955,36.0565],[127.9921,36.0577],[127.99,36.0587],[127.9892,36.0583],[127.9853,36.0548],[127.9806,36.0546]]]},"properties":{"name":"지품천초직지초공동통학구역","office":"경상북도김천교육지원청"}},
{"type":"Feature","geometry":{"type":"Polygon","coordinates":[[[128.3917,36.1211],[128.3947,36.1163],[128.3982,36.0922],[128.4063,36.0922],[128.4085,36.0833],[128.4127,36.0838],[128.4157,36.0828],[128.4164,36.083],[128.4168,36.0835],[128.4168,36.0866],[128.4167,36.0975],[128.4167,36.1008],[128.4224,36.1024],[128.4227,36.1025],[128.4226,36.1026],[128.4205,36.1051],[128.421,36.1054],[128.4223,36.1041],[128.4254,36.105],[128.4256,36.1051],[128.4257,36.1051],[128.4287,36.1058],[128.431,36.1052],[128.4377,36.1055],[128.4493,36.1055],[128.4498,36.1068],[128.4496,36.108],[128.4494,36.1092],[128.4344,36.1115],[128.4347,36.1161],[128.4271,36.1169],[128.4131,36.1131],[128.4088,36.1182],[128.4047,36.1231],[128.3975,36.1255],[128.3917,36.1211]]]},"properties":{"name":"인동초통학구역","office":"경상북도구미교육지원청"}},
{"type":"Feature","geometry":{"type":"Polygon","coordinates":[[[128.3088,36.1593],[128.3054,36.1598],[128.3035,36.1521],[128.3024,36.1503],[128.309,36.15],[128.3088,36.1593]]]},"properties":{"name":"구미봉곡초통학구역","office":"경상북도구미교육지원청"}},
{"type":"Feature","geometry":{"type":"Polygon","coordinates":[[[128.3203,36.1524],[128.3195,36.154],[128.3145,36.164],[128.3089,36.1647],[128.303,36.1724],[128.3018,36.1736],[128.2924,36.1709],[128.2938,36.1651],[128.2926,36.1605],[128.2907,36.1533],[128.2872,36.1523],[128.2869,36.1473],[128.2854,36.1457],[128.2811,36.1423],[128.2819,36.1419],[128.2815,36.1415],[128.2942,36.1356],[128.3008,36.1386],[128.3064,36.1359],[128.3106,36.1386],[128.3109,36.1449],[128.3159,36.1473],[128.3198,36.1506],[128.319,36.152],[128.3203,36.1524]],[[128.3088,36.1593],[128.309,36.15],[128.3024,36.1503],[128.3035,36.1521],[128.3054,36.1598],[128.3088,36.1593]]]},"properties":{"name":"선주초통학구역","office":"경상북도구미교육지원청"}},
{"type":"Feature","geometry":{"type":"Polygon","coordinates":[[[128.4599,36.3294],[128.4554,36.3254],[128.4686,36.3218],[128.4735,36.3179],[128.4732,36.3122],[128.4877,36.3081],[128.4964,36.303],[128.507,36.3036],[128.5078,36.3088],[128.5138,36.3092],[128.52,36.3194],[128.5246,36.3252],[128.536,36.3345],[128.5359,36.3393],[128.5376,36.3406],[128.5378,36.3408],[128.5375,36.3415],[128.5365,36.3437],[128.5358,36.3452],[128.5353,36.3457],[128.5311,36.3503],[128.5267,36.3584],[128.527,36.3657],[128.5304,36.3826],[128.5284,36.3831],[128.5184,36.3871],[128.5129,36.3832],[128.5095,36.3847],[128.5103,36.3838],[128.5091,36.3841],[128.498,36.3599],[128.4891,36.3543],[128.4823,36.3576],[128.4739,36.3578],[128.4676,36.3613],[128.4649,36.3603],[128.4636,36.3512],[128.463,36.3463],[128.4635,36.3388],[128.4641,36.3314],[128.4599,36.3294]]]},"properties":{"name":"비안초통학구역","office":"경상북도의성교육지원청"}},
{"type":"Feature","geometry":{"type":"Polygon","coordinates":[[[128.3755,36.503],[128.3821,36.5045],[128.3865,36.5002],[128.3942,36.4985],[128.397,36.4916],[128.4042,36.4907],[128.4115,36.4869],[128.4158,36.4812],[128.4205,36.4672],[128.4264,36.4617],[128.4236,36.4535],[128.4187,36.4486],[128.4228,36.4416],[128.4272,36.4368],[128.4421,36.4325],[128.4517,36.4269],[128.4564,36.4296],[128.4585,36.4306],[128.465,36.43],[128.4661,36.4293],[128.4662,36.4292],[128.4668,36.4289],[128.4669,36.4282],[128.4674,36.4253],[128.4713,36.4223],[128.4702,36.4166],[128.478,36.412],[128.482,36.4148],[128.4882,36.4123],[128.4859,36.4061],[128.4891,36.3973],[128.4963,36.3975],[128.5021,36.3965],[128.5082,36.3917],[128.5074,36.3869],[128.5095,36.3847],[128.5129,36.3832],[128.5184,36.3871],[128.5175,36.394],[128.5142,36.4082],[128.5167,36.4158],[128.5147,36.4217],[128.5102,36.4229],[128.5067,36.4279],[128.4984,36.4327],[128.5014,36.4414],[128.4937,36.4458],[128.4906,36.4531],[128.4841,36.4553],[128.4835,36.4627],[128.4759,36.4674],[128.4765,36.4734],[128.4611,36.4819],[128.4541,36.4833],[128.4533,36.491],[128.4451,36.4954],[128.4336,36.5047],[128.432,36.5111],[128.437,36.5163],[128.4311,36.5203],[128.4278,36.5201],[128.4273,36.521],[128.4194,36.523],[128.4153,36.5212],[128.4088,36.517],[128.4,36.5101],[128.382,36.5047],[128.3755,36.503]]]},"properties":{"name":"안계초비안초공동통학구역","office":"경상북도의성교육지원청"}},
{"type":"Feature","geometry":{"type":"Polygon","coordinates":[[[128.7873,35.8773],[128.7685,35.8668],[128.7642,35.8668],[128.7644,35.8669],[128.7642,35.8669],[128.7571,35.8648],[128.7508,35.8575],[128.7524,35.8527],[128.7576,35.8494],[128.7631,35.853],[128.7705,35.852],[128.7756,35.8543],[128.7761,35.8542],[128.7765,35.8541],[128.7773,35.854],[128.7789,35.8525],[128.7813,35.8509],[128.782,35.8505],[128.7853,35.8507],[128.7897,35.848],[128.7928,35.8472],[128.7948,35.8467],[128.7937,35.8492],[128.7965,35.8524],[128.8,35.8523],[128.8051,35.8527],[128.8062,35.8581],[128.8075,35.8586],[128.8062,35.8587],[128.7981,35.8592],[128.7915,35.8601],[128.7903,35.8664],[128.7903,35.8665],[128.7825,35.8727],[128.7873,35.8773]]]},"properties":{"name":"현흥초통학구역","office":"경상북도경산교육지원청"}},
{"type":"Feature","geometry":{"type":"Polygon","coordinates":[[[128.7539,35.8315],[128.7603,35.83],[128.7611,35.8223],[128.7663,35.8184],[128.7729,35.8133],[128.7751,35.8181],[128.7828,35.8221],[128.79,35.8288],[128.7933,35.8288],[128.7925,35.8331],[128.7927,35.8333],[128.7936,35.8345],[128.7947,35.8348],[128.7949,35.8371],[128.7947,35.8376],[128.7932,35.8379],[128.7902,35.8384],[128.7899,35.8385],[128.7898,35.8389],[128.7887,35.842],[128.7897,35.848],[128.7853,35.8507],[128.782,35.8505],[128.7813,35.8509],[128.7789,35.8525],[128.7773,35.854],[128.7765,35.8541],[128.7761,35.8542],[128.7756,35.8543],[128.7705,35.852],[128.7631,35.853],[128.7576,35.8494],[128.7524,35.8527],[128.7452,35.8518],[128.7463,35.8493],[128.7471,35.8462],[128.7519,35.8439],[128.7529,35.8419],[128.755,35.837],[128.7537,35.8315],[128.7539,35.8315]]]},"properties":{"name":"압량초통학구역","office":"경상북도경산교육지원청"}},
{"type":"Feature","geometry":{"type":"Polygon","coordinates":[[[128.8092,35.8898],[128.8118,35.8908],[128.8116,35.8908],[128.8097,35.8911],[128.8088,35.892],[128.8101,35.894],[128.8092,35.8978],[128.8149,35.9011],[128.8152,35.9061],[128.818,35.907],[128.8255,35.9136],[128.8277,35.9094],[128.8407,35.9094],[128.8412,35.9094],[128.8407,35.9095],[128.837,35.9118],[128.8414,35.918],[128.8391,35.9202],[128.8346,35.9216],[128.8343,35.9221],[128.8337,35.923],[128.8288,35.9248],[128.8251,35.9259],[128.8232,35.9242],[128.8131,35.9249],[128.8182,35.9196],[128.8172,35.916],[128.8015,35.9163],[128.7933,35.9144],[128.7827,35.9141],[128.7804,35.9151],[128.7779,35.9145],[128.7777,35.9144],[128.7779,35.9144],[128.7874,35.904],[128.7943,35.9],[128.7859,35.892],[128.7825,35.8838],[128.7732,35.875],[128.7674,35.8692],[128.7646,35.8671],[128.7642,35.8669],[128.7644,35.8669],[128.7642,35.8668],[128.7685,35.8668],[128.7873,35.8773],[128.7971,35.8801],[128.8035,35.8824],[128.8049,35.8854],[128.8071,35.8879],[128.8092,35.8898]]]},"properties":{"name":"하양초대동초계당초와촌초청천초공동(일방)통학구역","office":"경상북도경산교육지원청"}},
{"type":"Feature","geometry":{"type":"Polygon","coordinates":[[[129.3557,36.0024],[129.3458,36.002],[129.3445,36.002],[129.3436,35.9951],[129.3422,35.998],[129.3391,35.9979],[129.3365,35.9912],[129.3483,35.9881],[129.3463,35.9831],[129.3509,35.9812],[129.357,35.9802],[129.3609,35.9789],[129.3611,35.9816],[129.3582,35.9898],[129.3598,35.9929],[129.3608,35.9945],[129.3666,36.0043],[129.3669,36.0058],[129.3562,36.0024],[129.3557,36.0024]]]},"properties":{"name":"연일초통학구역","office":"경상북도포항교육지원청"}},
{"type":"Feature","geometry":{"type":"Polygon","coordinates":[[[129.3391,35.9979],[129.3422,35.998],[129.3436,35.9951],[129.3445,36.002],[129.3401,36.0024],[129.3327,36.001],[129.333,35.9976],[129.3391,35.9979]]]},"properties":{"name":"연일형산초통학구역","office":"경상북도포항교육지원청"}},
{"type":"Feature","geometry":{"type":"Polygon","coordinates":[[[129.3358,36.4107],[129.3388,36.4027],[129.3472,36.3952],[129.3533,36.3941],[129.3682,36.3828],[129.3758,36.3804],[129.3901,36.3911],[129.3886,36.4017],[129.3834,36.4018],[129.3873,36.416],[129.3916,36.4187],[129.3994,36.4175],[129.4043,36.4198],[129.4055,36.4166],[129.4042,36.4056],[129.4108,36.4033],[129.4111,36.3966],[129.4218,36.4006],[129.4238,36.4053],[129.4293,36.409],[129.4307,36.4173],[129.4356,36.4262],[129.4326,36.4381],[129.4362,36.4467],[129.4346,36.4533],[129.4374,36.4637],[129.4354,36.4698],[129.4313,36.4712],[129.4261,36.4705],[129.4211,36.4711],[129.4212,36.4707],[129.421,36.471],[129.4214,36.4701],[129.4174,36.4688],[129.4081,36.4597],[129.4053,36.4603],[129.4047,36.4598],[129.4037,36.4585],[129.4014,36.4524],[129.3985,36.4508],[129.3897,36.4533],[129.3953,36.4644],[129.3926,36.4687],[129.3971,36.4716],[129.401,36.4781],[129.4027,36.4903],[129.3996,36.4921],[129.399,36.4909],[129.3947,36.4859],[129.3917,36.4837],[129.3844,36.4808],[129.3764,36.4803],[129.37,36.4771],[129.3673,36.4811],[129.3556,36.4782],[129.35,36.4798],[129.3378,36.4787],[129.3291,36.483],[129.3233,36.4828],[129.3235,36.4819],[129.3238,36.4811],[129.324,36.481],[129.324,36.4799],[129.3243,36.474],[129.3275,36.467],[129.3326,36.4638],[129.336,36.4558],[129.3432,36.4492],[129.3451,36.4365],[129.3502,36.4322],[129.3436,36.43],[129.3378,36.4218],[129.3358,36.4107]]]},"properties":{"name":"영덕야성초지품초공동(일방)통학구역","office":"경상북도영덕교육지원청"}},
{"type":"Feature","geometry":{"type":"Polygon","coordinates":[[[129.3335,35.9057],[129.3366,35.9162],[129.3353,35.9193],[129.3329,35.9227],[129.3296,35.9266],[129.3327,35.9306],[129.3277,35.9389],[129.3192,35.9436],[129.3185,35.9459],[129.3113,35.9444],[129.3082,35.9445],[129.3014,35.9433],[129.3036,35.9477],[129.2934,35.949],[129.2866,35.9448],[129.2752,35.9456],[129.2736,35.9447],[129.2788,35.9387],[129.2754,35.9352],[129.267,35.9348],[129.261,35.9296],[129.259,35.9224],[129.264,35.9164],[129.2622,35.9114],[129.2563,35.9119],[129.2526,35.9157],[129.2445,35.9107],[129.24,35.9077],[129.2393,35.9072],[129.2403,35.9072],[129.2415,35.9044],[129.2414,35.9037],[129.2378,35.8921],[129.2362,35.8895],[129.2433,35.8867],[129.2388,35.8822],[129.2394,35.8816],[129.2427,35.8783],[129.2436,35.8764],[129.2443,35.874],[129.2443,35.8731],[129.2444,35.8735],[129.2445,35.8731],[129.2491,35.8733],[129.2529,35.8707],[129.2617,35.867],[129.2678,35.8612],[129.2745,35.8617],[129.2774,35.8561],[129.2775,35.8559],[129.2777,35.8562],[129.2851,35.855],[129.2855,35.8517],[129.2865,35.8491],[129.3001,35.8477],[129.3009,35.8558],[129.3039,35.8583],[129.301,35.8667],[129.3075,35.868],[129.3085,35.8698],[129.3105,35.8751],[129.3106,35.8753],[129.3081,35.8775],[129.3052,35.8821],[129.3076,35.8824],[129.3126,35.8987],[129.3171,35.9034],[129.3269,35.9062],[129.3335,35.9057]]]},"properties":{"name":"천북초통학구역","office":"경상북도경주교육지원청"}},
{"type":"Feature","geometry":{"type":"Polygon","coordinates":[[[129.2362,35.8895],[129.2346,35.8851],[129.235,35.8835],[129.2384,35.8825],[129.2387,35.8822],[129.2388,35.8822],[129.2433,35.8867],[129.2362,35.8895]]]},"properties":{"name":"천북초용강초공동통학구역","office":"경상북도경주교육지원청"}},
{"type":"Feature","geometry":{"type":"Polygon","coordinates":[[[129.2238,35.8676],[129.2249,35.8701],[129.2218,35.8706],[129.2213,35.8682],[129.2238,35.8676]]]},"properties":{"name":"용황초용강초공동통학구역","office":"경상북도경주교육지원청"}},
{"type":"Feature","geometry":{"type":"Polygon","coordinates":[[[129.421,36.471],[129.4212,36.4707],[129.4211,36.4711],[129.4261,36.4705],[129.4313,36.4712],[129.4354,36.4698],[129.4328,36.4816],[129.4411,36.4882],[129.4455,36.4963],[129.4464,36.5033],[129.4529,36.5084],[129.4446,36.5173],[129.4415,36.5251],[129.4309,36.5279],[129.4301,36.5272],[129.4326,36.5183],[129.4228,36.5082],[129.4252,36.502],[129.4275,36.4967],[129.4205,36.4915],[129.4246,36.4867],[129.4176,36.4835],[129.4161,36.4785],[129.419,36.4739],[129.421,36.471]]]},"properties":{"name":"축산항초통학구역","office":"경상북도영덕교육지원청"}},
{"type":"Feature","geometry":{"type":"Polygon","coordinates":[[[128.3585,36.1231],[128.3577,36.1215],[128.3585,36.1194],[128.3585,36.1202],[128.359,36.1195],[128.3599,36.1178],[128.3718,36.1175],[128.3717,36.1219],[128.3717,36.1236],[128.3694,36.1238],[128.3696,36.1246],[128.3694,36.1243],[128.3694,36.1247],[128.366,36.1222],[128.3585,36.1231]]]},"properties":{"name":"구미신평초통학구역","office":"경상북도구미교육지원청"}},
{"type":"Feature","geometry":{"type":"Polygon","coordinates":[[[129.3432,36.0249],[129.3429,36.0244],[129.344,36.0243],[129.339,36.0213],[129.3387,36.0245],[129.3385,36.0244],[129.3368,36.0233],[129.3313,36.0241],[129.3314,36.0201],[129.3357,36.0183],[129.3372,36.0153],[129.3376,36.0152],[129.3376,36.0146],[129.3378,36.0137],[129.3378,36.0141],[129.338,36.0137],[129.3416,36.0139],[129.3421,36.0129],[129.3474,36.0183],[129.3471,36.0185],[129.3466,36.0189],[129.346,36.0193],[129.347,36.0232],[129.3449,36.0248],[129.3441,36.026],[129.3437,36.025],[129.3432,36.0249]]]},"properties":{"name":"대이초통학구역","office":"경상북도포항교육지원청"}},
{"type":"Feature","geometry":{"type":"Polygon","coordinates":[[[128.2463,36.1339],[128.2507,36.1315],[128.2564,36.1223],[128.2543,36.1173],[128.2623,36.1113],[128.2631,36.1048],[128.2696,36.0977],[128.2756,36.1035],[128.2834,36.0988],[128.2918,36.0938],[128.2924,36.0943],[128.293,36.1078],[128.2938,36.1141],[128.2927,36.1191],[128.2966,36.1228],[128.3048,36.1252],[128.3061,36.1245],[128.3052,36.1256],[128.3016,36.1298],[128.2942,36.1356],[128.2815,36.1415],[128.2819,36.1419],[128.2811,36.1423],[128.2802,36.1426],[128.2759,36.1446],[128.2665,36.1446],[128.253,36.1399],[128.2463,36.1339]]]},"properties":{"name":"구미초통학구역","office":"경상북도구미교육지원청"}},
{"type":"Feature","geometry":{"type":"Polygon","coordinates":[[[129.4096,35.9762],[129.4172,35.9773],[129.421,35.9781],[129.4127,35.9873],[129.4081,35.9876],[129.4047,35.9869],[129.4046,35.9858],[129.4045,35.9854],[129.404,35.9851],[129.4044,35.9849],[129.4081,35.9829],[129.4057,35.9832],[129.4096,35.9762]]]},"properties":{"name":"구정초통학구역","office":"경상북도포항교육지원청"}},
{"type":"Feature","geometry":{"type":"Polygon","coordinates":[[[128.051,36.1322],[128.0511,36.1322],[128.0511,36.1321],[128.06,36.1314],[128.0637,36.1297],[128.0646,36.1293],[128.067,36.1293],[128.0673,36.1293],[128.0683,36.1304],[128.0687,36.1305],[128.0747,36.1322],[128.0753,36.1324],[128.0767,36.1338],[128.0768,36.1339],[128.077,36.1341],[128.0763,36.1342],[128.07,36.1349],[128.0673,36.1371],[128.0681,36.1456],[128.0777,36.1557],[128.0789,36.1667],[128.0819,36.1696],[128.082,36.1722],[128.0819,36.1739],[128.0772,36.1824],[128.0631,36.1873],[128.0598,36.191],[128.0632,36.1992],[128.0529,36.2008],[128.0386,36.1942],[128.0267,36.2052],[128.0168,36.2087],[128.0097,36.2094],[127.9988,36.2075],[127.993,36.2],[127.9849,36.2014],[127.9763,36.1921],[127.9753,36.1877],[127.9841,36.1782],[127.9826,36.1706],[127.9896,36.1637],[127.9905,36.1589],[127.9962,36.1543],[128.0019,36.1489],[128.0037,36.1466],[128.0132,36.1438],[128.0192,36.1419],[128.0192,36.1375],[128.0275,36.1354],[128.0286,36.1388],[128.0452,36.1383],[128.0511,36.137],[128.051,36.1322]]]},"properties":{"name":"봉계초통학구역","office":"경상북도김천교육지원청"}},
{"type":"Feature","geometry":{"type":"Polygon","coordinates":[[[129.3967,36.0913],[129.3968,36.0863],[129.399,36.0863],[129.3995,36.0863],[129.4074,36.0864],[129.4113,36.0805],[129.4114,36.0803],[129.4115,36.0803],[129.415,36.0813],[129.4164,36.0816],[129.4165,36.0816],[129.4182,36.0888],[129.4269,36.096],[129.4383,36.0973],[129.4328,36.1012],[129.4329,36.1078],[129.4303,36.1111],[129.4086,36.1246],[129.4035,36.1177],[129.3963,36.1094],[129.3917,36.1066],[129.3942,36.0979],[129.393,36.0967],[129.3922,36.0959],[129.3932,36.0959],[129.3967,36.0946],[129.3967,36.0913]]]},"properties":{"name":"죽천초통학구역","office":"경상북도포항교육지원청"}},
{"type":"Feature","geometry":{"type":"Polygon","coordinates":[[[129.3355,36.7846],[129.337,36.7851],[129.3357,36.7842],[129.3384,36.7767],[129.3493,36.7727],[129.3562,36.7723],[129.3623,36.7698],[129.3719,36.7758],[129.3832,36.7802],[129.3865,36.7756],[129.3903,36.769],[129.3843,36.7667],[129.3853,36.7629],[129.3871,36.7615],[129.3874,36.7589],[129.3874,36.7588],[129.3908,36.7597],[129.4007,36.762],[129.4099,36.7585],[129.4211,36.7562],[129.4237,36.756],[129.4272,36.7558],[129.4279,36.7557],[129.4285,36.7566],[129.4338,36.7558],[129.4392,36.7557],[129.4457,36.7525],[129.4551,36.7535],[129.4586,36.7515],[129.4592,36.7471],[129.4676,36.7475],[129.4676,36.7562],[129.4765,36.7642],[129.4778,36.7677],[129.472,36.7746],[129.469,36.7813],[129.4617,36.7886],[129.4625,36.7962],[129.4575,36.8027],[129.4562,36.8147],[129.4455,36.8274],[129.4458,36.8317],[129.4336,36.8437],[129.4275,36.8511],[129.421,36.8635],[129.4202,36.8711],[129.4104,36.864],[129.3933,36.8658],[129.383,36.8635],[129.3797,36.8651],[129.3743,36.8636],[129.3739,36.8562],[129.3644,36.8516],[129.3639,36.8422],[129.3662,36.8387],[129.3583,36.8325],[129.3634,36.8206],[129.3519,36.8067],[129.3472,36.8049],[129.3442,36.7927],[129.3409,36.7896],[129.3391,36.7864],[129.3355,36.7846]]]},"properties":{"name":"기성초통학구역","office":"경상북도울진교육지원청"}},
{"type":"Feature","geometry":{"type":"Polygon","coordinates":[[[130.8641,37.498],[130.867,37.4985],[130.8671,37.4985],[130.873,37.5015],[130.8744,37.5059],[130.8832,37.5076],[130.885,37.5167],[130.894,37.5213],[130.9036,37.5223],[130.9077,37.5296],[130.9131,37.538],[130.9098,37.5464],[130.9029,37.5489],[130.8924,37.5408],[130.8804,37.5434],[130.8742,37.543],[130.8675,37.5366],[130.8576,37.5345],[130.8469,37.5355],[130.8296,37.5275],[130.8231,37.5283],[130.8148,37.5235],[130.8047,37.5211],[130.8169,37.5161],[130.8251,37.5177],[130.8366,37.5158],[130.8439,37.5115],[130.8491,37.5111],[130.8495,37.5045],[130.8561,37.4995],[130.8641,37.498]]]},"properties":{"name":"천부초통학구역","office":"경상북도울릉교육지원청"}},
{"type":"Feature","geometry":{"type":"Polygon","coordinates":[[[129.0392,35.8425],[129.0366,35.844],[129.0313,35.8429],[129.0197,35.8483],[129.0163,35.8487],[129.015,35.8488],[129.0142,35.8471],[129.0131,35.8469],[129.0136,35.8461],[129.017,35.8453],[129.0143,35.835],[129.0089,35.8325],[129.0081,35.8262],[129.0042,35.8229],[129.0033,35.8168],[128.9971,35.8064],[128.9903,35.7999],[128.9948,35.7937],[128.9942,35.7843],[128.998,35.7808],[128.9902,35.7727],[128.9817,35.7736],[128.9747,35.7717],[128.9707,35.7547],[128.9756,35.7497],[128.9729,35.7374],[128.9781,35.7358],[128.9798,35.7311],[128.9866,35.727],[128.9915,35.7192],[128.9976,35.7173],[128.9973,35.7111],[129.0022,35.7075],[129.004,35.6993],[129.0071,35.6946],[129.0218,35.6889],[129.0374,35.695],[129.0387,35.6899],[129.0352,35.6753],[129.042,35.6626],[129.0432,35.6559],[129.0469,35.6505],[129.0693,35.6454],[129.0755,35.6404],[129.0809,35.6433],[129.0798,35.6491],[129.0679,35.6588],[129.0681,35.6732],[129.073,35.6774],[129.0699,35.6824],[129.0803,35.6963],[129.0899,35.701],[129.0893,35.7075],[129.09,35.7113],[129.0868,35.7187],[129.0907,35.7278],[129.0904,35.7368],[129.0865,35.7414],[129.0878,35.747],[129.0902,35.7536],[129.0907,35.757],[129.0897,35.7668],[129.0917,35.7698],[129.0847,35.7796],[129.084,35.7887],[129.0749,35.7896],[129.0627,35.7952],[129.0633,35.7994],[129.0606,35.809],[129.0607,35.8171],[129.0573,35.8217],[129.0453,35.8243],[129.041,35.8261],[129.0431,35.8318],[129.0444,35.8378],[129.0425,35.8405],[129.0392,35.8425]]]},"properties":{"name":"의곡초통학구역","office":"경상북도경주교육지원청"}},
{"type":"Feature","geometry":{"type":"Polygon","coordinates":[[[129.0897,35.7944],[129.087,35.7916],[129.084,35.7887],[129.0847,35.7796],[129.0917,35.7698],[129.0897,35.7668],[129.0907,35.757],[129.0902,35.7536],[129.0906,35.7549],[129.0906,35.7535],[129.1,35.752],[129.1092,35.7548],[129.1098,35.7597],[129.1136,35.7622],[129.1266,35.7566],[129.1341,35.7638],[129.1363,35.7682],[129.1336,35.7733],[129.1456,35.7747],[129.1504,35.7839],[129.1554,35.7862],[129.1622,35.7998],[129.1572,35.8124],[129.1571,35.8124],[129.1572,35.8125],[129.1561,35.8127],[129.1536,35.813],[129.1486,35.8147],[129.1456,35.8148],[129.1435,35.8189],[129.1395,35.8188],[129.131,35.8141],[129.1318,35.8091],[129.1231,35.8078],[129.116,35.8044],[129.1141,35.7992],[129.1089,35.7953],[129.1059,35.7865],[129.1028,35.7855],[129.0925,35.7886],[129.0904,35.7935],[129.0897,35.7944]]]},"properties":{"name":"경주초괘릉초사방초양동초모아초영지초신라초서라벌초모량초천포초연안초옥산초석계초안강초아화초의곡초화랑초공동(일방)통학구역","office":"경상북도경주교육지원청"}},
{"type":"Feature","geometry":{"type":"Polygon","coordinates":[[[129.3092,35.7682],[129.3132,35.7716],[129.3131,35.7753],[129.3201,35.778],[129.3257,35.7773],[129.3476,35.7814],[129.3484,35.7788],[129.3523,35.7737],[129.3542,35.7763],[129.3541,35.78],[129.3507,35.7838],[129.3499,35.7915],[129.3516,35.7937],[129.3534,35.7963],[129.3475,35.7968],[129.3458,35.802],[129.3379,35.8078],[129.3251,35.8082],[129.3221,35.8114],[129.319,35.8128],[129.3174,35.8194],[129.309,35.8208],[129.3039,35.8151],[129.3002,35.8165],[129.2978,35.8143],[129.2985,35.8138],[129.2982,35.805],[129.2954,35.8001],[129.2959,35.7938],[129.2927,35.7941],[129.2913,35.7928],[129.2897,35.793],[129.2915,35.7911],[129.2937,35.7849],[129.2911,35.7785],[129.2843,35.7715],[129.2763,35.7724],[129.2834,35.7659],[129.2851,35.7607],[129.2898,35.7612],[129.299,35.7623],[129.3047,35.7665],[129.3092,35.7682]]]},"properties":{"name":"불국사초괘릉초사방초양동초모아초영지초신라초서라벌초모량초천포초연안초옥산초석계초안강초아화초의곡초화랑초공동(일방)통학구역","office":"경상북도경주교육지원청"}},
{"type":"Feature","geometry":{"type":"Polygon","coordinates":[[[129.2654,35.7256],[129.2658,35.7233],[129.2633,35.7218],[129.2681,35.714],[129.2623,35.7093],[129.2563,35.7008],[129.2625,35.6916],[129.2714,35.6918],[129.2724,35.6965],[129.2826,35.6984],[129.2863,35.6956],[129.2887,35.6955],[129.2898,35.6982],[129.2922,35.6996],[129.2933,35.7026],[129.3001,35.7051],[129.306,35.7047],[129.3084,35.7085],[129.3179,35.7049],[129.3229,35.7102],[129.3256,35.7093],[129.3367,35.7084],[129.3469,35.7045],[129.3475,35.705],[129.3474,35.7043],[129.3485,35.7059],[129.3532,35.7119],[129.3661,35.7045],[129.3674,35.7159],[129.368,35.718],[129.3692,35.7203],[129.3702,35.7213],[129.3739,35.7227],[129.3721,35.7288],[129.3651,35.7304],[129.3649,35.7314],[129.364,35.7305],[129.3628,35.7292],[129.3547,35.7256],[129.338,35.7279],[129.3323,35.7258],[129.3309,35.7234],[129.3156,35.7165],[129.3046,35.7226],[129.3002,35.7316],[129.2976,35.734],[129.2918,35.7339],[129.2917,35.7321],[129.2792,35.7268],[129.2657,35.7257],[129.2657,35.7247],[129.2654,35.7256]]]},"properties":{"name":"입실초괘릉초사방초양동초모아초영지초신라초서라벌초모량초천포초연안초옥산초석계초안강초아화초의곡초화랑초공동(일방)통학구역","office":"경상북도경주교육지원청"}},
{"type":"Feature","geometry":{"type":"Polygon","coordinates":[[[129.2321,35.8601],[129.2278,35.8613],[129.2272,35.8605],[129.2289,35.8542],[129.2242,35.8541],[129.2234,35.8521],[129.2193,35.8512],[129.2164,35.8529],[129.2178,35.8521],[129.2176,35.8516],[129.219,35.8507],[129.2261,35.8463],[129.2277,35.8455],[129.2291,35.8449],[129.2349,35.8431],[129.2427,35.8411],[129.2451,35.8414],[129.2587,35.8473],[129.2603,35.8496],[129.2583,35.8517],[129.2472,35.8541],[129.2432,35.8588],[129.2432,35.8591],[129.242,35.8591],[129.241,35.8591],[129.2323,35.8591],[129.2321,35.8601]]]},"properties":{"name":"동천초괘릉초사방초양동초모아초영지초신라초서라벌초모량초천포초연안초옥산초석계초안강초아화초의곡초화랑초공동(일방)통학구역","office":"경상북도경주교육지원청"}},
{"type":"Feature","geometry":{"type":"Polygon","coordinates":[[[129.431,35.9534],[129.4081,35.954],[129.4078,35.952],[129.4032,35.9509],[129.4045,35.9501],[129.4031,35.9494],[129.4013,35.943],[129.4057,35.9398],[129.4096,35.938],[129.4118,35.9347],[129.4092,35.9303],[129.42,35.9281],[129.421,35.9276],[129.4206,35.9279],[129.4212,35.9278],[129.423,35.9363],[129.4286,35.9489],[129.431,35.9531],[129.431,35.9534]]]},"properties":{"name":"포항용산초통학구역","office":"경상북도포항교육지원청"}},
{"type":"Feature","geometry":{"type":"Polygon","coordinates":[[[128.3573,36.0949],[128.3621,36.0946],[128.3624,36.0979],[128.3591,36.103],[128.3591,36.1032],[128.3509,36.1077],[128.3473,36.1089],[128.346,36.1058],[128.3444,36.1024],[128.3447,36.1023],[128.3448,36.1027],[128.3571,36.0997],[128.3547,36.0952],[128.3547,36.0951],[128.3557,36.095],[128.3573,36.0949]]]},"properties":{"name":"구미사곡초통학구역","office":"경상북도구미교육지원청"}},
{"type":"Feature","geometry":{"type":"Polygon","coordinates":[[[128.3573,36.0949],[128.3557,36.095],[128.3556,36.0935],[128.3573,36.0949]]]},"properties":{"name":"구미사곡초상모초공동통학구역","office":"경상북도구미교육지원청"}},
{"type":"Feature","geometry":{"type":"Polygon","coordinates":[[[129.2667,35.8251],[129.2664,35.8245],[129.2662,35.8254],[129.2475,35.8242],[129.2417,35.8191],[129.2346,35.8206],[129.2318,35.8183],[129.228,35.8169],[129.2272,35.8166],[129.2269,35.8165],[129.2269,35.8157],[129.2268,35.812],[129.2267,35.8074],[129.229,35.8061],[129.2289,35.8003],[129.2228,35.7881],[129.2232,35.7837],[129.2237,35.7817],[129.2312,35.775],[129.2349,35.7672],[129.2458,35.7705],[129.253,35.7748],[129.2567,35.766],[129.2625,35.7645],[129.2734,35.7746],[129.2763,35.7724],[129.2843,35.7715],[129.2911,35.7785],[129.2937,35.7849],[129.2915,35.7911],[129.2897,35.793],[129.2892,35.793],[129.2885,35.7942],[129.2835,35.7993],[129.2763,35.8036],[129.2762,35.8082],[129.269,35.8142],[129.2665,35.8236],[129.2667,35.8251]]]},"properties":{"name":"동방초괘릉초사방초양동초모아초영지초신라초서라벌초모량초천포초연안초옥산초석계초안강초아화초의곡초화랑초공동(일방)통학구역","office":"경상북도경주교육지원청"}},
{"type":"Feature","geometry":{"type":"Polygon","coordinates":[[[129.2004,35.857],[129.1996,35.847],[129.1996,35.8467],[129.199,35.8442],[129.1991,35.8435],[129.1991,35.8433],[129.1993,35.8428],[129.1994,35.842],[129.2012,35.8363],[129.1995,35.842],[129.2047,35.8423],[129.2007,35.8448],[129.203,35.8463],[129.2116,35.8473],[129.2101,35.8547],[129.2092,35.8557],[129.2099,35.8569],[129.2093,35.8572],[129.2082,35.8579],[129.2023,35.8611],[129.2015,35.8601],[129.2004,35.857]]]},"properties":{"name":"흥무초괘릉초사방초양동초모아초영지초신라초서라벌초모량초천포초연안초옥산초석계초안강초아화초의곡초화랑초공동(일방)통학구역","office":"경상북도경주교육지원청"}},
{"type":"Feature","geometry":{"type":"Polygon","coordinates":[[[129.338,36.084],[129.3407,36.0868],[129.3441,36.092],[129.344,36.0942],[129.3439,36.0964],[129.3437,36.0967],[129.3372,36.0993],[129.3438,36.0964],[129.3358,36.0964],[129.3327,36.0935],[129.2978,36.0942],[129.2981,36.0933],[129.2854,36.0878],[129.2813,36.0868],[129.2785,36.0862],[129.2801,36.0859],[129.2788,36.085],[129.2824,36.0851],[129.29,36.0842],[129.2974,36.0845],[129.3052,36.0824],[129.3091,36.0848],[129.3183,36.0833],[129.3266,36.0824],[129.3317,36.0825],[129.338,36.084]]]},"properties":{"name":"초서초통학구역","office":"경상북도포항교육지원청"}},
{"type":"Feature","geometry":{"type":"Polygon","coordinates":[[[128.4234,36.1339],[128.4239,36.1338],[128.4235,36.1336],[128.4265,36.1319],[128.4253,36.1248],[128.4302,36.1238],[128.4341,36.1249],[128.4348,36.1243],[128.4412,36.1204],[128.4517,36.1146],[128.4584,36.1121],[128.4596,36.1165],[128.4689,36.1199],[128.4732,36.1289],[128.4714,36.1289],[128.4732,36.1291],[128.4696,36.1289],[128.4579,36.1315],[128.45,36.1366],[128.4373,36.1378],[128.4383,36.1431],[128.4443,36.1443],[128.4388,36.1443],[128.4351,36.1434],[128.4288,36.1431],[128.4288,36.1361],[128.4234,36.1339]]]},"properties":{"name":"해마루초장천초공동(일방)통학구역","office":"경상북도구미교육지원청"}},
{"type":"Feature","geometry":{"type":"Polygon","coordinates":[[[129.2183,35.8292],[129.2195,35.8291],[129.2183,35.8292],[129.2195,35.8213],[129.2248,35.8182],[129.2271,35.8167],[129.2272,35.8166],[129.228,35.8169],[129.2318,35.8183],[129.2346,35.8206],[129.2417,35.8191],[129.2475,35.8242],[129.2662,35.8254],[129.2664,35.8245],[129.2667,35.8251],[129.2676,35.8284],[129.2654,35.8312],[129.2654,35.8391],[129.2668,35.8467],[129.2698,35.8514],[129.2717,35.8512],[129.2773,35.8555],[129.2774,35.8561],[129.2745,35.8617],[129.2678,35.8612],[129.2617,35.867],[129.2529,35.8707],[129.2491,35.8733],[129.2445,35.8731],[129.2444,35.8735],[129.2443,35.8731],[129.2437,35.8703],[129.2409,35.8675],[129.243,35.8657],[129.2421,35.8594],[129.242,35.8591],[129.2432,35.8591],[129.2432,35.8588],[129.2472,35.8541],[129.2583,35.8517],[129.2603,35.8496],[129.2587,35.8473],[129.2451,35.8414],[129.2427,35.8411],[129.2349,35.8431],[129.2291,35.8449],[129.2277,35.8455],[129.2261,35.8463],[129.219,35.8507],[129.2176,35.8516],[129.2174,35.851],[129.2173,35.8444],[129.2176,35.8409],[129.2183,35.8387],[129.2226,35.8416],[129.2291,35.8414],[129.229,35.8323],[129.2287,35.8311],[129.2282,35.8308],[129.226,35.8301],[129.2228,35.831],[129.2206,35.829],[129.2183,35.8292]]]},"properties":{"name":"화랑초통학구역","office":"경상북도경주교육지원청"}},
{"type":"Feature","geometry":{"type":"Polygon","coordinates":[[[129.2217,35.9052],[129.222,35.9069],[129.2091,35.9132],[129.2027,35.9137],[129.1986,35.9139],[129.1977,35.9137],[129.194,35.9113],[129.1942,35.9103],[129.1944,35.9007],[129.1992,35.8949],[129.1957,35.8897],[129.1885,35.8853],[129.1912,35.8827],[129.1962,35.8787],[129.1958,35.8785],[129.2018,35.874],[129.2007,35.8699],[129.201,35.8699],[129.2029,35.8697],[129.2035,35.8703],[129.2073,35.8685],[129.2121,35.875],[129.2152,35.8807],[129.2178,35.8854],[129.2199,35.8872],[129.2232,35.8886],[129.2218,35.8913],[129.2229,35.8962],[129.2214,35.9035],[129.2217,35.9052]]]},"properties":{"name":"금장초괘릉초사방초양동초모아초영지초신라초서라벌초모량초천포초연안초옥산초석계초안강초아화초의곡초화랑초공동(일방)통학구역","office":"경상북도경주교육지원청"}},
{"type":"Feature","geometry":{"type":"Polygon","coordinates":[[[129.2289,35.8542],[129.2269,35.8604],[129.2238,35.8676],[129.2204,35.8602],[129.2154,35.8625],[129.2129,35.8636],[129.2082,35.8579],[129.2093,35.8572],[129.2099,35.8569],[129.2164,35.8529],[129.2193,35.8512],[129.2234,35.8521],[129.2242,35.8541],[129.2289,35.8542]]]},"properties":{"name":"황성초괘릉초사방초양동초모아초영지초신라초서라벌초모량초천포초연안초옥산초석계초안강초아화초의곡초화랑초공동(일방)통학구역","office":"경상북도경주교육지원청"}},
{"type":"Feature","geometry":{"type":"Polygon","coordinates":[[[129.2389,36.0514],[129.236,36.0453],[129.236,36.0452],[129.2378,36.039],[129.2403,36.0307],[129.2388,36.0271],[129.2407,36.0184],[129.248,36.018],[129.25,36.0103],[129.2589,36.0075],[129.2669,36.0121],[129.2627,36.0209],[129.2589,36.0229],[129.255,36.0307],[129.2577,36.0389],[129.2655,36.043],[129.2788,36.0346],[129.2792,36.0351],[129.2793,36.0345],[129.28,36.036],[129.2844,36.0472],[129.2802,36.0575],[129.283,36.062],[129.2862,36.0619],[129.2863,36.0627],[129.2865,36.0644],[129.2865,36.07],[129.2824,36.0734],[129.2794,36.075],[129.2768,36.0795],[129.2761,36.0808],[129.2754,36.0806],[129.2699,36.0794],[129.2644,36.0767],[129.2633,36.0751],[129.2542,36.0758],[129.2508,36.073],[129.2466,36.0738],[129.2435,36.0705],[129.2424,36.0688],[129.2417,36.0587],[129.239,36.053],[129.2379,36.0523],[129.2389,36.0514]]]},"properties":{"name":"안강제일초괘릉초사방초양동초모아초영지초신라초서라벌초모량초천포초연안초옥산초석계초안강초아화초의곡초화랑초공동(일방)통학구역","office":"경상북도경주교육지원청"}},
{"type":"Feature","geometry":{"type":"Polygon","coordinates":[[[128.2896,36.0428],[128.2892,36.0418],[128.2888,36.0431],[128.2833,36.0468],[128.2699,36.0486],[128.261,36.0485],[128.2566,36.0518],[128.2491,36.0482],[128.2396,36.049],[128.2309,36.0537],[128.2305,36.0537],[128.2262,36.0536],[128.2234,36.055],[128.2221,36.0543],[128.223,36.0554],[128.2192,36.0526],[128.2128,36.0483],[128.2124,36.0473],[128.206,36.0451],[128.1936,36.045],[128.1957,36.0339],[128.1949,36.0276],[128.1984,36.0218],[128.2079,36.0223],[128.2136,36.0202],[128.2164,36.0146],[128.2135,36.0085],[128.2171,35.9982],[128.2195,35.9949],[128.221,35.9886],[128.2288,35.9827],[128.2337,35.9625],[128.2391,35.9578],[128.2437,35.9527],[128.246,35.9503],[128.2479,35.9491],[128.2512,35.954],[128.2552,35.9587],[128.2578,35.9512],[128.2609,35.9435],[128.2642,35.9423],[128.2732,35.9457],[128.2749,35.9531],[128.2824,35.9557],[128.2838,35.9553],[128.2835,35.956],[128.2841,35.9583],[128.2844,35.9598],[128.2819,35.9641],[128.2815,35.9641],[128.2769,35.9639],[128.2706,35.9665],[128.2764,35.9729],[128.2765,35.9799],[128.2804,35.9822],[128.2767,35.9873],[128.2791,35.991],[128.2856,35.9932],[128.2826,35.9977],[128.2815,36.0079],[128.2857,36.0138],[128.2867,36.0219],[128.2926,36.0306],[128.296,36.0309],[128.2982,36.031],[128.296,36.031],[128.2896,36.0406],[128.2896,36.0428]]]},"properties":{"name":"초전초통학구역","office":"경상북도성주교육지원청"}},
{"type":"Feature","geometry":{"type":"Polygon","coordinates":[[[129.1488,35.8597],[129.1571,35.8644],[129.1609,35.8629],[129.1739,35.8601],[129.175,35.865],[129.1763,35.8657],[129.1803,35.8704],[129.1827,35.8712],[129.1837,35.8716],[129.1827,35.8722],[129.1832,35.8763],[129.1859,35.8788],[129.1896,35.8788],[129.1946,35.8794],[129.1948,35.8794],[129.195,35.8791],[129.1954,35.8782],[129.1958,35.8785],[129.1962,35.8787],[129.1912,35.8827],[129.1885,35.8853],[129.1957,35.8897],[129.1992,35.8949],[129.1944,35.9007],[129.1942,35.9103],[129.1939,35.9113],[129.1929,35.9138],[129.1877,35.9174],[129.1839,35.9223],[129.1836,35.9226],[129.1825,35.9233],[129.1798,35.9249],[129.1797,35.925],[129.1779,35.9251],[129.1778,35.925],[129.1735,35.9255],[129.161,35.9309],[129.153,35.9293],[129.15,35.9343],[129.1374,35.931],[129.1354,35.9315],[129.1336,35.9276],[129.1304,35.9241],[129.1241,35.9229],[129.1189,35.9195],[129.1157,35.917],[129.1103,35.9125],[129.1101,35.911],[129.1153,35.9045],[129.1157,35.902],[129.12,35.9007],[129.1267,35.8911],[129.1339,35.8891],[129.1372,35.883],[129.1356,35.8776],[129.1382,35.8705],[129.1363,35.8683],[129.1373,35.8661],[129.1387,35.8638],[129.144,35.8624],[129.1488,35.8597]]]},"properties":{"name":"현곡초괘릉초사방초양동초모아초영지초신라초서라벌초모량초천포초연안초옥산초석계초안강초아화초의곡초화랑초공동(일방)통학구역","office":"경상북도경주교육지원청"}},
{"type":"Feature","geometry":{"type":"Polygon","coordinates":[[[129.3474,35.7043],[129.347,35.7019],[129.3452,35.6977],[129.3432,35.6957],[129.339,35.6934],[129.3365,35.6925],[129.3353,35.6924],[129.3304,35.6934],[129.3303,35.6933],[129.3303,35.6934],[129.3302,35.6929],[129.33,35.6921],[129.3295,35.6917],[129.3271,35.6897],[129.3235,35.6867],[129.3226,35.6858],[129.3214,35.684],[129.3208,35.6827],[129.3207,35.6822],[129.3208,35.6792],[129.3305,35.6702],[129.3418,35.6707],[129.3536,35.6794],[129.3641,35.6789],[129.3652,35.686],[129.3655,35.6971],[129.3669,35.7024],[129.3661,35.7045],[129.3532,35.7119],[129.3485,35.7059],[129.3474,35.7043]]]},"properties":{"name":"모화초괘릉초사방초양동초모아초영지초신라초서라벌초모량초천포초연안초옥산초석계초안강초아화초의곡초화랑초공동(일방)통학구역","office":"경상북도경주교육지원청"}},
{"type":"Feature","geometry":{"type":"Polygon","coordinates":[[[129.2388,35.8822],[129.2387,35.8822],[129.2384,35.8825],[129.235,35.8835],[129.2346,35.8851],[129.2362,35.8895],[129.2378,35.8921],[129.2361,35.8895],[129.2351,35.8875],[129.2341,35.8855],[129.2274,35.877],[129.2255,35.8783],[129.2254,35.878],[129.2236,35.8727],[129.2258,35.8723],[129.2249,35.8701],[129.2238,35.8676],[129.2269,35.8604],[129.2289,35.8542],[129.2272,35.8605],[129.2278,35.8613],[129.2321,35.8601],[129.2323,35.8591],[129.241,35.8591],[129.242,35.8591],[129.2421,35.8594],[129.243,35.8657],[129.2409,35.8675],[129.2437,35.8703],[129.2443,35.8731],[129.2443,35.874],[129.2436,35.8764],[129.2427,35.8783],[129.2394,35.8816],[129.2388,35.8822]]]},"properties":{"name":"용강초괘릉초사방초양동초모아초영지초신라초서라벌초모량초천포초연안초옥산초석계초안강초아화초의곡초화랑초공동(일방)통학구역","office":"경상북도경주교육지원청"}},
{"type":"Feature","geometry":{"type":"Polygon","coordinates":[[[129.2199,35.8872],[129.2178,35.8854],[129.2152,35.8807],[129.2196,35.8781],[129.2198,35.878],[129.2208,35.8781],[129.2248,35.8783],[129.2254,35.878],[129.2255,35.8783],[129.2274,35.877],[129.2341,35.8855],[129.2351,35.8875],[129.2361,35.8895],[129.2378,35.8921],[129.2414,35.9037],[129.2415,35.9044],[129.2403,35.9072],[129.2393,35.9072],[129.24,35.9077],[129.2379,35.9072],[129.2376,35.9063],[129.2353,35.8983],[129.2344,35.8968],[129.2302,35.8919],[129.2274,35.8904],[129.2232,35.8886],[129.2199,35.8872]]]},"properties":{"name":"황남초괘릉초사방초양동초모아초영지초신라초서라벌초모량초천포초연안초옥산초석계초안강초아화초의곡초화랑초공동(일방)통학구역","office":"경상북도경주교육지원청"}},
{"type":"Feature","geometry":{"type":"Polygon","coordinates":[[[129.2041,36.0126],[129.2007,36.0129],[129.1992,36.0132],[129.1959,36.0148],[129.1923,36.0198],[129.1927,36.0286],[129.1891,36.0323],[129.1784,36.0274],[129.1736,36.0253],[129.1736,36.0249],[129.1738,36.0249],[129.1738,36.0248],[129.1736,36.0246],[129.1735,36.0246],[129.1735,36.0243],[129.1743,36.0195],[129.1734,36.0155],[129.1743,36.0138],[129.1741,36.0145],[129.1745,36.0139],[129.1857,36.005],[129.1935,36.0044],[129.1928,36.0014],[129.197,36.0008],[129.2013,35.9971],[129.2068,35.9987],[129.2131,36.0084],[129.2181,36.0055],[129.2195,36.0087],[129.2215,36.0097],[129.2164,36.0093],[129.2111,36.013],[129.2041,36.0126]]]},"properties":{"name":"산대초괘릉초사방초양동초모아초영지초신라초서라벌초모량초천포초연안초옥산초석계초안강초아화초의곡초화랑초공동(일방)통학구역","office":"경상북도경주교육지원청"}},
{"type":"Feature","geometry":{"type":"Polygon","coordinates":[[[128.3008,36.1386],[128.2942,36.1356],[128.3016,36.1298],[128.3052,36.1256],[128.3083,36.1234],[128.3157,36.1222],[128.3215,36.1267],[128.3297,36.1296],[128.3236,36.1322],[128.3234,36.1323],[128.3222,36.1319],[128.3221,36.1319],[128.3169,36.1341],[128.3172,36.1335],[128.3167,36.1337],[128.3157,36.1329],[128.3099,36.1339],[128.3062,36.1356],[128.3008,36.1386]]]},"properties":{"name":"원남초통학구역","office":"경상북도구미교육지원청"}},
{"type":"Feature","geometry":{"type":"Polygon","coordinates":[[[128.2165,36.8149],[128.2119,36.8117],[128.1937,36.8171],[128.1848,36.8166],[128.1713,36.8221],[128.1626,36.821],[128.1531,36.8224],[128.149,36.8286],[128.1418,36.8333],[128.1336,36.8328],[128.134,36.8284],[128.1184,36.8215],[128.1099,36.8215],[128.1097,36.8154],[128.1058,36.8059],[128.093,36.8029],[128.0953,36.7938],[128.0991,36.7917],[128.1026,36.7862],[128.1051,36.7793],[128.1125,36.7773],[128.1199,36.7784],[128.1295,36.785],[128.1379,36.7791],[128.1421,36.772],[128.1555,36.776],[128.1593,36.7671],[128.1695,36.7707],[128.1775,36.7666],[128.1805,36.7629],[128.1799,36.757],[128.1876,36.76],[128.1988,36.7561],[128.2058,36.7602],[128.2066,36.7634],[128.2062,36.7674],[128.2091,36.7852],[128.2121,36.7879],[128.2235,36.7909],[128.2241,36.791],[128.2258,36.791],[128.2298,36.7911],[128.2322,36.7907],[128.2333,36.7955],[128.2314,36.8038],[128.2242,36.8068],[128.2165,36.8149]]]},"properties":{"name":"용흥초통학구역","office":"경상북도문경교육지원청"}},
{"type":"Feature","geometry":{"type":"Polygon","coordinates":[[[128.3958,35.9416],[128.3926,35.9639],[128.3926,35.9641],[128.3921,35.9733],[128.3905,35.9806],[128.3905,35.9819],[128.3942,35.9999],[128.3942,36],[128.395,36.0041],[128.3955,36.0066],[128.3899,36.0076],[128.3853,36.0039],[128.3786,36.0025],[128.3622,36.0116],[128.3605,36.0131],[128.3508,36.0117],[128.3451,36.0152],[128.3326,36.0158],[128.328,36.0188],[128.3217,36.0183],[128.3163,36.0178],[128.3149,36.0153],[128.3106,36.007],[128.3141,36.0028],[128.3134,35.995],[128.3132,35.9933],[128.3137,35.9923],[128.3153,35.9889],[128.3189,35.9827],[128.3232,35.9804],[128.3247,35.9797],[128.3392,35.9756],[128.3403,35.9638],[128.3438,35.9599],[128.3474,35.9553],[128.348,35.9548],[128.3487,35.9547],[128.3493,35.9544],[128.35,35.9547],[128.353,35.9561],[128.3618,35.9551],[128.362,35.9539],[128.3653,35.9498],[128.3687,35.942],[128.3758,35.9417],[128.3797,35.9386],[128.3873,35.9389],[128.3958,35.9416]]]},"properties":{"name":"약동초통학구역","office":"경상북도칠곡교육지원청"}},
{"type":"Feature","geometry":{"type":"Polygon","coordinates":[[[128.1866,36.1577],[128.1875,36.1568],[128.1871,36.1555],[128.1867,36.1518],[128.1879,36.1455],[128.1945,36.1428],[128.1997,36.1401],[128.201,36.14],[128.2008,36.1398],[128.2048,36.1426],[128.2162,36.1491],[128.2212,36.1469],[128.2212,36.147],[128.226,36.1531],[128.2254,36.157],[128.2334,36.1577],[128.2337,36.1632],[128.2315,36.1665],[128.2282,36.1674],[128.2281,36.1674],[128.2276,36.1675],[128.2211,36.1668],[128.2196,36.1656],[128.2149,36.1675],[128.2139,36.1696],[128.2137,36.1695],[128.2138,36.1697],[128.2133,36.1692],[128.2123,36.168],[128.2096,36.1667],[128.2071,36.1656],[128.2061,36.1651],[128.1928,36.1625],[128.1866,36.1577]]]},"properties":{"name":"아포초율곡초공동통학구역","office":"경상북도김천교육지원청"}},
{"type":"Feature","geometry":{"type":"Polygon","coordinates":[[[128.3274,36.1346],[128.3294,36.1342],[128.3296,36.1342],[128.337,36.1327],[128.3372,36.1327],[128.3378,36.1323],[128.3378,36.1326],[128.3378,36.1351],[128.3411,36.1423],[128.3394,36.1495],[128.3362,36.1497],[128.3336,36.1489],[128.3337,36.147],[128.331,36.1464],[128.3309,36.1493],[128.3308,36.1493],[128.328,36.1494],[128.3279,36.1495],[128.3268,36.1428],[128.3293,36.1406],[128.3275,36.1378],[128.3274,36.1346]]]},"properties":{"name":"도산초지산초공동(일방)통학구역","office":"경상북도구미교육지원청"}},
{"type":"Feature","geometry":{"type":"Polygon","coordinates":[[[128.4563,36.1553],[128.4514,36.1579],[128.4464,36.1583],[128.4426,36.1657],[128.4349,36.1653],[128.4351,36.1548],[128.435,36.1545],[128.431,36.149],[128.4306,36.148],[128.4306,36.1479],[128.4305,36.1478],[128.4305,36.1477],[128.4288,36.1433],[128.4288,36.1431],[128.4351,36.1434],[128.4388,36.1443],[128.4374,36.1443],[128.4387,36.1449],[128.4391,36.1479],[128.448,36.1479],[128.4481,36.1535],[128.4492,36.1545],[128.4539,36.1539],[128.4563,36.1553]],[[128.4351,36.1612],[128.4394,36.1578],[128.4354,36.1594],[128.4351,36.1612]]]},"properties":{"name":"산동초구미인덕초구미원당초공동통학구역","office":"경상북도구미교육지원청"}},
{"type":"Feature","geometry":{"type":"Polygon","coordinates":[[[129.3742,36.0193],[129.3724,36.0269],[129.3672,36.0282],[129.3632,36.0283],[129.363,36.028],[129.3627,36.0277],[129.3609,36.0256],[129.363,36.0275],[129.3628,36.0222],[129.369,36.0213],[129.3698,36.0182],[129.3742,36.0193]]]},"properties":{"name":"대해초통학구역","office":"경상북도포항교육지원청"}},
{"type":"Feature","geometry":{"type":"Polygon","coordinates":[[[128.507,36.3036],[128.5108,36.3007],[128.518,36.3019],[128.525,36.3],[128.5293,36.2938],[128.5428,36.2939],[128.5485,36.2973],[128.554,36.3026],[128.5512,36.315],[128.5555,36.3234],[128.5665,36.3253],[128.5649,36.331],[128.5685,36.3343],[128.5698,36.3341],[128.569,36.335],[128.5665,36.3376],[128.5618,36.3433],[128.5626,36.3474],[128.5586,36.3519],[128.5589,36.356],[128.5496,36.3691],[128.549,36.3745],[128.5395,36.3851],[128.5284,36.3831],[128.5304,36.3826],[128.527,36.3657],[128.5267,36.3584],[128.5311,36.3503],[128.5353,36.3457],[128.5358,36.3452],[128.5365,36.3437],[128.5375,36.3415],[128.5378,36.3408],[128.5376,36.3406],[128.5359,36.3393],[128.536,36.3345],[128.5246,36.3252],[128.52,36.3194],[128.5138,36.3092],[128.5078,36.3088],[128.507,36.3036]]]},"properties":{"name":"도리원초비안초공동통학구역","office":"경상북도의성교육지원청"}},
{"type":"Feature","geometry":{"type":"Polygon","coordinates":[[[128.3274,36.1346],[128.3275,36.1378],[128.3293,36.1406],[128.3268,36.1428],[128.3279,36.1495],[128.3257,36.1519],[128.3195,36.154],[128.3203,36.1524],[128.3211,36.1507],[128.3175,36.1457],[128.3216,36.1425],[128.316,36.1389],[128.316,36.1351],[128.3165,36.1348],[128.3169,36.1341],[128.3221,36.1319],[128.3222,36.1319],[128.3234,36.1323],[128.3236,36.1322],[128.3241,36.1325],[128.3244,36.1327],[128.3232,36.1337],[128.324,36.1352],[128.3274,36.1346]],[[128.3245,36.1458],[128.3208,36.1456],[128.3256,36.1501],[128.3245,36.1458]]]},"properties":{"name":"도량초통학구역","office":"경상북도구미교육지원청"}},
{"type":"Feature","geometry":{"type":"Polygon","coordinates":[[[129.2007,35.8699],[129.2,35.8642],[129.1863,35.8701],[129.1827,35.8712],[129.1803,35.8704],[129.1763,35.8657],[129.175,35.865],[129.1739,35.8601],[129.1741,35.8585],[129.174,35.8576],[129.1743,35.8574],[129.1743,35.8572],[129.181,35.8532],[129.1906,35.8513],[129.1962,35.8469],[129.1996,35.847],[129.2004,35.857],[129.2015,35.8601],[129.2023,35.8611],[129.2072,35.8684],[129.2073,35.8685],[129.2035,35.8703],[129.2029,35.8697],[129.201,35.8699],[129.2007,35.8699]]]},"properties":{"name":"나원초통학구역","office":"경상북도경주교육지원청"}},
{"type":"Feature","geometry":{"type":"Polygon","coordinates":[[[128.7773,36.5498],[128.7732,36.547],[128.7719,36.5463],[128.7685,36.5458],[128.7637,36.5457],[128.7634,36.5457],[128.7676,36.5431],[128.7638,36.5363],[128.7517,36.5358],[128.7491,36.5336],[128.7485,36.5243],[128.7435,36.513],[128.7463,36.5059],[128.7482,36.4931],[128.7483,36.4892],[128.7501,36.4872],[128.7505,36.486],[128.7536,36.4847],[128.7617,36.4828],[128.7674,36.4807],[128.7685,36.4798],[128.77,36.4784],[128.7704,36.4763],[128.7776,36.4674],[128.7808,36.467],[128.782,36.4646],[128.7818,36.4654],[128.7822,36.4647],[128.7888,36.4652],[128.7918,36.4666],[128.7934,36.469],[128.7905,36.4835],[128.7938,36.4858],[128.7956,36.4931],[128.801,36.4954],[128.8009,36.5046],[128.7989,36.51],[128.812,36.517],[128.8097,36.5311],[128.8108,36.5347],[128.8092,36.5359],[128.8065,36.5356],[128.7994,36.5359],[128.7869,36.5399],[128.7854,36.5407],[128.783,36.543],[128.7791,36.5505],[128.7773,36.5498]]]},"properties":{"name":"남선초통학구역","office":"경상북도안동교육지원청"}},
{"type":"Feature","geometry":{"type":"Polygon","coordinates":[[[128.728,35.8174],[128.7289,35.8158],[128.7255,35.8148],[128.7248,35.8154],[128.7173,35.8084],[128.7203,35.8058],[128.7248,35.7997],[128.732,35.7976],[128.7349,35.7984],[128.735,35.7983],[128.7352,35.7992],[128.736,35.8051],[128.7363,35.8071],[128.7366,35.809],[128.737,35.8128],[128.7333,35.8179],[128.733,35.8189],[128.728,35.8174]]]},"properties":{"name":"옥곡초용성초공동(일방)통학구역","office":"경상북도경산교육지원청"}},
{"type":"Feature","geometry":{"type":"Polygon","coordinates":[[[128.7529,35.814],[128.7513,35.8146],[128.7486,35.8128],[128.7479,35.8129],[128.7466,35.8127],[128.7442,35.8101],[128.7432,35.8089],[128.7448,35.8091],[128.7454,35.8081],[128.7506,35.8095],[128.7519,35.8064],[128.746,35.807],[128.754,35.8032],[128.7537,35.7978],[128.7622,35.8026],[128.7618,35.8098],[128.7619,35.8099],[128.7606,35.8104],[128.759,35.8135],[128.7557,35.8128],[128.7529,35.814]]]},"properties":{"name":"평산초용성초공동(일방)통학구역","office":"경상북도경산교육지원청"}},
{"type":"Feature","geometry":{"type":"Polygon","coordinates":[[[128.6198,35.7028],[128.6138,35.7102],[128.6169,35.7168],[128.6101,35.7262],[128.6149,35.7303],[128.6139,35.7369],[128.6075,35.739],[128.6005,35.7364],[128.5942,35.7371],[128.5896,35.7315],[128.5824,35.7383],[128.5717,35.7346],[128.5635,35.7359],[128.561,35.7297],[128.5525,35.7266],[128.5441,35.7194],[128.5333,35.7165],[128.5279,35.7127],[128.5339,35.7033],[128.5319,35.6966],[128.5353,35.6941],[128.5313,35.6879],[128.5341,35.6817],[128.5384,35.6785],[128.5473,35.6778],[128.5652,35.6822],[128.5695,35.6876],[128.5782,35.6866],[128.5864,35.6783],[128.588,35.6644],[128.5985,35.6598],[128.6044,35.6578],[128.6052,35.6605],[128.6044,35.6696],[128.6032,35.6739],[128.6052,35.6776],[128.6089,35.6852],[128.6114,35.6901],[128.6106,35.6914],[128.6112,35.6984],[128.6198,35.7028]]]},"properties":{"name":"덕산초통학구역","office":"경상북도청도교육지원청"}},
{"type":"Feature","geometry":{"type":"Polygon","coordinates":[[[128.4088,36.1182],[128.4131,36.1131],[128.4271,36.1169],[128.4347,36.1161],[128.4344,36.1115],[128.4494,36.1092],[128.4496,36.108],[128.4529,36.1089],[128.4586,36.1113],[128.4574,36.1115],[128.4584,36.1121],[128.4517,36.1146],[128.4412,36.1204],[128.4348,36.1243],[128.4341,36.1249],[128.4302,36.1238],[128.4253,36.1248],[128.417,36.1196],[128.4114,36.1176],[128.4106,36.1175],[128.4088,36.1182]]]},"properties":{"name":"황상초통학구역","office":"경상북도구미교육지원청"}},
{"type":"Feature","geometry":{"type":"Polygon","coordinates":[[[128.1775,36.6269],[128.1821,36.6341],[128.1875,36.6377],[128.1865,36.6427],[128.1864,36.643],[128.1857,36.6428],[128.1856,36.6432],[128.1764,36.6456],[128.1745,36.6533],[128.1656,36.6583],[128.1643,36.6665],[128.1598,36.6683],[128.1552,36.6655],[128.1441,36.6647],[128.1396,36.6587],[128.134,36.6541],[128.1379,36.6535],[128.1378,36.649],[128.1295,36.6459],[128.1209,36.6473],[128.1166,36.6443],[128.1152,36.6446],[128.1158,36.6444],[128.1151,36.6444],[128.1131,36.6391],[128.1146,36.6363],[128.1155,36.6346],[128.1156,36.6344],[128.1154,36.6343],[128.1154,36.6342],[128.1262,36.6319],[128.1461,36.6391],[128.1618,36.6314],[128.163,36.6277],[128.1708,36.6234],[128.1734,36.6256],[128.1775,36.6269]]]},"properties":{"name":"신기초통학구역","office":"경상북도문경교육지원청"}},
{"type":"Feature","geometry":{"type":"Polygon","coordinates":[[[128.8192,36.5397],[128.8166,36.5378],[128.8092,36.5359],[128.8108,36.5347],[128.8097,36.5311],[128.812,36.517],[128.7989,36.51],[128.8009,36.5046],[128.801,36.4954],[128.7956,36.4931],[128.7938,36.4858],[128.7905,36.4835],[128.7934,36.469],[128.7918,36.4666],[128.7913,36.4657],[128.7924,36.4659],[128.7989,36.461],[128.8097,36.4593],[128.8129,36.4535],[128.8132,36.4538],[128.8227,36.4531],[128.823,36.4522],[128.8242,36.4525],[128.8305,36.4523],[128.8321,36.4523],[128.8364,36.4633],[128.8452,36.4626],[128.8497,36.4672],[128.8573,36.4682],[128.8578,36.474],[128.867,36.4783],[128.8729,36.4887],[128.8784,36.4859],[128.8841,36.4911],[128.8871,36.4983],[128.883,36.4991],[128.8736,36.5048],[128.8667,36.506],[128.8612,36.5129],[128.8569,36.5133],[128.85,36.5202],[128.8553,36.526],[128.8505,36.5353],[128.8443,36.5358],[128.8387,36.5323],[128.8331,36.5331],[128.8275,36.5372],[128.8222,36.5386],[128.822,36.5397],[128.8198,36.5397],[128.8192,36.5397]]]},"properties":{"name":"임하초통학구역","office":"경상북도안동교육지원청"}},
{"type":"Feature","geometry":{"type":"Polygon","coordinates":[[[128.9562,35.9867],[128.9522,35.9902],[128.9528,35.9864],[128.9562,35.9867]]]},"properties":{"name":"포은초영천동부초공동(일방)통학구역","office":"경상북도영천교육지원청"}},
{"type":"Feature","geometry":{"type":"Polygon","coordinates":[[[128.8277,35.9094],[128.8255,35.9136],[128.818,35.907],[128.8152,35.9061],[128.818,35.9069],[128.8197,35.9075],[128.8254,35.9089],[128.8273,35.9094],[128.8277,35.9094]]]},"properties":{"name":"금락초통학구역","office":"경상북도경산교육지원청"}},
{"type":"Feature","geometry":{"type":"Polygon","coordinates":[[[128.3718,36.1175],[128.3718,36.1153],[128.3855,36.1154],[128.3856,36.1226],[128.3866,36.1237],[128.3796,36.1263],[128.3795,36.1263],[128.374,36.1247],[128.3706,36.1264],[128.3696,36.1246],[128.3694,36.1238],[128.3717,36.1236],[128.3717,36.1219],[128.3718,36.1175]]]},"properties":{"name":"비산초신기초공동(일방)통학구역","office":"경상북도구미교육지원청"}},
{"type":"Feature","geometry":{"type":"Polygon","coordinates":[[[128.3534,35.6906],[128.3518,35.704],[128.3589,35.7087],[128.382,35.7015],[128.3971,35.7002],[128.4122,35.6958],[128.4255,35.6992],[128.434,35.7071],[128.4339,35.7213],[128.4325,35.7246],[128.4161,35.7361],[128.4122,35.7323],[128.4082,35.7316],[128.4091,35.7242],[128.4014,35.7199],[128.3926,35.7233],[128.3843,35.7289],[128.3778,35.7306],[128.3721,35.7357],[128.3678,35.7315],[128.3597,35.7307],[128.3505,35.7329],[128.3453,35.7326],[128.3434,35.7315],[128.3433,35.7313],[128.3439,35.73],[128.3435,35.7277],[128.3423,35.7249],[128.3403,35.7201],[128.3328,35.7152],[128.3305,35.7067],[128.3306,35.7066],[128.3317,35.7065],[128.3375,35.7021],[128.34,35.6977],[128.3435,35.6913],[128.3534,35.6906]]]},"properties":{"name":"개진초통학구역","office":"경상북도고령교육지원청"}},
{"type":"Feature","geometry":{"type":"Polygon","coordinates":[[[128.3782,36.322],[128.3752,36.3245],[128.3675,36.3313],[128.3657,36.3381],[128.3617,36.3403],[128.3538,36.3421],[128.346,36.3469],[128.3371,36.3493],[128.3308,36.3499],[128.3326,36.3453],[128.3257,36.3426],[128.3115,36.33],[128.3054,36.3315],[128.3051,36.3375],[128.3018,36.3435],[128.2936,36.3486],[128.2889,36.3472],[128.2907,36.3474],[128.289,36.3467],[128.2878,36.3355],[128.2847,36.3319],[128.2836,36.3196],[128.2855,36.3171],[128.2899,36.3138],[128.2921,36.3128],[128.2927,36.3124],[128.3175,36.3008],[128.3245,36.2962],[128.3297,36.2926],[128.3387,36.2864],[128.3411,36.2841],[128.3422,36.2725],[128.3409,36.2683],[128.3602,36.2745],[128.361,36.2703],[128.3647,36.2698],[128.3709,36.2714],[128.3765,36.2699],[128.386,36.2627],[128.3919,36.2637],[128.3998,36.2587],[128.4076,36.2573],[128.4187,36.2582],[128.4216,36.2619],[128.4211,36.2677],[128.4263,36.2733],[128.4259,36.2765],[128.4185,36.2803],[128.4105,36.2871],[128.4054,36.2874],[128.396,36.2931],[128.3879,36.3042],[128.3893,36.3096],[128.3804,36.3122],[128.3792,36.3196],[128.3782,36.322]]]},"properties":{"name":"도개초통학구역","office":"경상북도구미교육지원청"}},
{"type":"Feature","geometry":{"type":"Polygon","coordinates":[[[128.7214,36.801],[128.7233,36.8001],[128.7283,36.7901],[128.7323,36.7918],[128.7343,36.7991],[128.7382,36.799],[128.7431,36.7976],[128.7483,36.8093],[128.7544,36.8071],[128.7586,36.8101],[128.7632,36.8063],[128.763,36.802],[128.7672,36.8032],[128.7815,36.8073],[128.7861,36.8124],[128.7943,36.8146],[128.7997,36.8224],[128.803,36.8232],[128.8057,36.8213],[128.8093,36.8211],[128.8176,36.8267],[128.822,36.8323],[128.8235,36.8323],[128.8301,36.8337],[128.8289,36.8391],[128.8313,36.8397],[128.8336,36.8399],[128.8313,36.8399],[128.8282,36.8428],[128.8258,36.8472],[128.8239,36.8477],[128.8184,36.8473],[128.8135,36.8423],[128.8032,36.8507],[128.7985,36.8524],[128.7977,36.8642],[128.7917,36.8666],[128.7916,36.8666],[128.7859,36.8602],[128.7787,36.8666],[128.7791,36.8672],[128.7789,36.867],[128.779,36.8673],[128.7733,36.8675],[128.7712,36.8697],[128.7715,36.8785],[128.7705,36.8787],[128.7667,36.8796],[128.7582,36.8791],[128.7554,36.8778],[128.7538,36.877],[128.7555,36.8767],[128.7572,36.8724],[128.7526,36.8618],[128.7418,36.8608],[128.733,36.8541],[128.739,36.849],[128.7366,36.8441],[128.7356,36.8376],[128.7283,36.8306],[128.7209,36.8311],[128.7159,36.8275],[128.7186,36.8186],[128.7276,36.8187],[128.7276,36.8117],[128.7235,36.8023],[128.7213,36.801],[128.7214,36.801]]]},"properties":{"name":"상운초통학구역","office":"경상북도봉화교육지원청"}},
{"type":"Feature","geometry":{"type":"Polygon","coordinates":[[[128.6559,36.3149],[128.6504,36.3126],[128.6345,36.3093],[128.6257,36.3196],[128.63,36.3304],[128.6275,36.333],[128.6268,36.3332],[128.6264,36.3336],[128.6254,36.3337],[128.624,36.3339],[128.6201,36.3332],[128.6122,36.3351],[128.6057,36.3363],[128.6013,36.3321],[128.5916,36.3274],[128.5867,36.3312],[128.5724,36.3337],[128.569,36.335],[128.5698,36.3341],[128.5685,36.3343],[128.5649,36.331],[128.5665,36.3253],[128.5555,36.3234],[128.5512,36.315],[128.554,36.3026],[128.5485,36.2973],[128.5453,36.2906],[128.5499,36.2842],[128.5518,36.275],[128.5668,36.2742],[128.5758,36.2799],[128.5888,36.2773],[128.5945,36.2777],[128.5976,36.2713],[128.6089,36.2712],[128.6163,36.2674],[128.6245,36.2667],[128.6326,36.2619],[128.6351,36.2633],[128.6401,36.2779],[128.6517,36.2803],[128.6621,36.2931],[128.6612,36.2973],[128.6692,36.3046],[128.6698,36.3065],[128.6703,36.3069],[128.6692,36.3072],[128.668,36.3127],[128.6578,36.3157],[128.6559,36.3149]]]},"properties":{"name":"도리원초통학구역","office":"경상북도의성교육지원청"}},
{"type":"Feature","geometry":{"type":"Polygon","coordinates":[[[128.4031,36.047],[128.4035,36.0472],[128.4032,36.0468],[128.4055,36.0373],[128.4046,36.0329],[128.3995,36.0234],[128.3999,36.0232],[128.4052,36.0213],[128.4127,36.0142],[128.4207,36.0208],[128.4301,36.0206],[128.431,36.0213],[128.4309,36.0202],[128.4333,36.0231],[128.4366,36.0204],[128.4517,36.0214],[128.454,36.0273],[128.4612,36.028],[128.4645,36.0283],[128.47,36.0265],[128.471,36.0266],[128.4745,36.0349],[128.4823,36.0382],[128.4867,36.0434],[128.4928,36.0455],[128.4942,36.0458],[128.4928,36.0456],[128.4862,36.052],[128.4807,36.0541],[128.4832,36.0603],[128.4625,36.0603],[128.4514,36.0621],[128.4413,36.0601],[128.436,36.057],[128.432,36.0604],[128.4136,36.0636],[128.4154,36.0707],[128.4144,36.0716],[128.4076,36.0709],[128.4009,36.0726],[128.3993,36.0731],[128.3992,36.0731],[128.3991,36.0729],[128.3961,36.068],[128.3897,36.0675],[128.3893,36.0675],[128.3909,36.0667],[128.3945,36.0595],[128.4052,36.0532],[128.404,36.0477],[128.4031,36.047]]]},"properties":{"name":"석적초통학구역","office":"경상북도칠곡교육지원청"}},
{"type":"Feature","geometry":{"type":"Polygon","coordinates":[[[128.6117,36.5836],[128.6086,36.5857],[128.6047,36.5868],[128.6035,36.5943],[128.6064,36.5959],[128.6072,36.5968],[128.6059,36.5972],[128.6038,36.5979],[128.6051,36.6022],[128.607,36.6051],[128.6081,36.6155],[128.6057,36.6181],[128.6086,36.6243],[128.6072,36.6294],[128.6107,36.6487],[128.6043,36.6524],[128.5991,36.6519],[128.5958,36.6524],[128.5781,36.6499],[128.5635,36.6451],[128.5585,36.647],[128.5559,36.6501],[128.5556,36.6504],[128.5552,36.6504],[128.5528,36.6508],[128.5485,36.6496],[128.539,36.6432],[128.541,36.6377],[128.5334,36.63],[128.5249,36.6285],[128.5243,36.6225],[128.5232,36.6213],[128.5247,36.6206],[128.5249,36.6205],[128.5291,36.6185],[128.533,36.6155],[128.5328,36.6107],[128.5325,36.6071],[128.5472,36.606],[128.5539,36.5988],[128.5619,36.5839],[128.5514,36.5862],[128.5368,36.5878],[128.5337,36.5836],[128.53,36.5811],[128.5297,36.5795],[128.5297,36.5793],[128.5334,36.5796],[128.5407,36.5696],[128.5447,36.5555],[128.5518,36.5551],[128.5515,36.559],[128.5515,36.5596],[128.5519,36.56],[128.5535,36.5615],[128.5544,36.5623],[128.555,36.5625],[128.5563,36.5629],[128.5588,36.5637],[128.5596,36.5636],[128.5632,36.5631],[128.5668,36.5626],[128.5692,36.5615],[128.5731,36.5597],[128.575,36.5588],[128.5867,36.5511],[128.5958,36.5531],[128.5994,36.5617],[128.5999,36.562],[128.6012,36.5628],[128.6031,36.564],[128.6037,36.5641],[128.6077,36.5648],[128.6124,36.5656],[128.6138,36.5655],[128.6147,36.5656],[128.6117,36.574],[128.6149,36.5761],[128.6149,36.5762],[128.6135,36.5828],[128.6117,36.5836]]]},"properties":{"name":"풍산초통학구역","office":"경상북도안동교육지원청"}},
{"type":"Feature","geometry":{"type":"Polygon","coordinates":[[[128.8259,36.9708],[128.8247,36.9719],[128.8177,36.9774],[128.8115,36.9811],[128.8113,36.9811],[128.8112,36.981],[128.8095,36.9778],[128.803,36.9773],[128.7953,36.9698],[128.7904,36.9702],[128.784,36.9645],[128.7864,36.9611],[128.7825,36.9487],[128.7844,36.9443],[128.7773,36.9397],[128.7688,36.9367],[128.7648,36.9299],[128.7636,36.9235],[128.7623,36.9239],[128.7629,36.9228],[128.7643,36.9201],[128.7683,36.9161],[128.7653,36.9081],[128.7627,36.8997],[128.7694,36.8973],[128.7688,36.8957],[128.7697,36.8933],[128.77,36.8922],[128.7705,36.8933],[128.78,36.8962],[128.784,36.8983],[128.7847,36.9052],[128.7981,36.9003],[128.8075,36.903],[128.8152,36.9071],[128.8154,36.9072],[128.8176,36.9045],[128.817,36.9033],[128.8241,36.8985],[128.8285,36.8995],[128.8306,36.9],[128.8317,36.8998],[128.8335,36.8993],[128.8353,36.9018],[128.8366,36.9101],[128.8411,36.911],[128.8382,36.9179],[128.8414,36.9247],[128.8381,36.9289],[128.8474,36.9333],[128.8497,36.9379],[128.8518,36.9382],[128.852,36.9387],[128.8524,36.94],[128.8527,36.9408],[128.8525,36.9419],[128.8524,36.943],[128.8521,36.9437],[128.8495,36.9482],[128.8439,36.9507],[128.8448,36.9632],[128.8286,36.9688],[128.8259,36.9708]]]},"properties":{"name":"동양초통학구역","office":"경상북도봉화교육지원청"}},
{"type":"Feature","geometry":{"type":"Polygon","coordinates":[[[129.3023,36.141],[129.303,36.1406],[129.3022,36.1406],[129.2992,36.1378],[129.3032,36.1235],[129.3024,36.1192],[129.2955,36.1146],[129.2837,36.1097],[129.279,36.1044],[129.2764,36.0983],[129.2761,36.091],[129.2785,36.0862],[129.2813,36.0868],[129.2854,36.0878],[129.2981,36.0933],[129.2978,36.0942],[129.3028,36.0953],[129.3033,36.0957],[129.3035,36.096],[129.3037,36.0961],[129.3053,36.1021],[129.3134,36.1051],[129.3209,36.1088],[129.3287,36.1091],[129.3272,36.1101],[129.3289,36.1105],[129.3296,36.1179],[129.3339,36.1184],[129.3296,36.118],[129.3208,36.1176],[129.3219,36.1211],[129.3129,36.1243],[129.3129,36.1301],[129.3042,36.1407],[129.3023,36.141]]]},"properties":{"name":"흥해서부초통학구역","office":"경상북도포항교육지원청"}},
{"type":"Feature","geometry":{"type":"Polygon","coordinates":[[[128.5802,36.0337],[128.5808,36.033],[128.5839,36.0324],[128.5863,36.0344],[128.5865,36.0343],[128.5893,36.0332],[128.5902,36.0326],[128.5945,36.0317],[128.5993,36.0272],[128.6003,36.0268],[128.6022,36.0261],[128.6026,36.0259],[128.6083,36.0254],[128.6214,36.0252],[128.6213,36.0326],[128.6277,36.045],[128.6293,36.0527],[128.6284,36.0598],[128.6327,36.0668],[128.6276,36.069],[128.6315,36.0754],[128.6282,36.0798],[128.6182,36.0769],[128.5979,36.075],[128.5976,36.0669],[128.5945,36.0628],[128.587,36.0636],[128.5835,36.0679],[128.573,36.0612],[128.5689,36.062],[128.5638,36.0698],[128.5677,36.0798],[128.569,36.0885],[128.5676,36.0956],[128.5628,36.0996],[128.5652,36.1096],[128.5628,36.1111],[128.5472,36.1089],[128.5345,36.1127],[128.5264,36.1116],[128.5204,36.1146],[128.5141,36.1114],[128.5078,36.1099],[128.513,36.1088],[128.5184,36.1024],[128.5199,36.0971],[128.5136,36.0899],[128.5111,36.0916],[128.5074,36.085],[128.5077,36.0751],[128.5041,36.0658],[128.5046,36.0654],[128.5059,36.065],[128.5088,36.0642],[128.5093,36.0641],[128.5143,36.0674],[128.5187,36.0681],[128.5218,36.0668],[128.5227,36.067],[128.5248,36.0662],[128.526,36.0656],[128.5321,36.0598],[128.5386,36.0573],[128.542,36.0548],[128.5421,36.0521],[128.5417,36.0479],[128.5518,36.0428],[128.5556,36.0452],[128.5656,36.0464],[128.5718,36.0445],[128.5723,36.0395],[128.5775,36.0368],[128.5798,36.0342],[128.5802,36.0337]]]},"properties":{"name":"가산초통학구역","office":"경상북도칠곡교육지원청"}},
{"type":"Feature","geometry":{"type":"Polygon","coordinates":[[[128.3601,36.0568],[128.3588,36.0569],[128.354,36.0529],[128.3445,36.0495],[128.3318,36.0376],[128.3275,36.0314],[128.3185,36.0296],[128.3162,36.0303],[128.3108,36.0281],[128.3103,36.0268],[128.3156,36.0194],[128.317,36.0191],[128.3163,36.0178],[128.3217,36.0183],[128.328,36.0188],[128.3326,36.0158],[128.3451,36.0152],[128.3508,36.0117],[128.3605,36.0131],[128.3592,36.0141],[128.3605,36.0145],[128.363,36.0162],[128.3624,36.0237],[128.3729,36.0283],[128.3726,36.0315],[128.3763,36.0322],[128.3775,36.0329],[128.3793,36.0334],[128.393,36.0327],[128.3918,36.0237],[128.3991,36.0215],[128.3992,36.0218],[128.3992,36.0215],[128.3994,36.0221],[128.3999,36.0232],[128.3995,36.0234],[128.4046,36.0329],[128.4055,36.0373],[128.4032,36.0468],[128.4035,36.0472],[128.4031,36.047],[128.4,36.0457],[128.3917,36.0478],[128.3867,36.0473],[128.3785,36.0474],[128.3758,36.0467],[128.367,36.0526],[128.3601,36.0568]]]},"properties":{"name":"약목초통학구역","office":"경상북도칠곡교육지원청"}},
{"type":"Feature","geometry":{"type":"Polygon","coordinates":[[[128.7258,35.6697],[128.7226,35.6723],[128.7222,35.6741],[128.7208,35.6749],[128.72,35.6754],[128.7194,35.6815],[128.7095,35.6866],[128.7091,35.6959],[128.7075,35.697],[128.7078,35.6965],[128.7072,35.6967],[128.7004,35.6951],[128.6933,35.6889],[128.6919,35.6843],[128.6864,35.6786],[128.6914,35.6739],[128.6921,35.6698],[128.6893,35.668],[128.6928,35.6628],[128.6877,35.6598],[128.6872,35.6593],[128.6836,35.6556],[128.6827,35.655],[128.6819,35.6544],[128.6823,35.6546],[128.682,35.6543],[128.6818,35.6487],[128.6862,35.645],[128.6936,35.6467],[128.6993,35.6374],[128.6983,35.63],[128.7022,35.6178],[128.7052,35.6133],[128.7054,35.6133],[128.7052,35.6132],[128.7057,35.6133],[128.7058,35.6134],[128.7079,35.6135],[128.7207,35.6145],[128.7208,35.6147],[128.7209,35.615],[128.7209,35.6154],[128.7207,35.6206],[128.7168,35.6261],[128.7175,35.6346],[128.7157,35.6435],[128.7219,35.648],[128.7232,35.6594],[128.7202,35.6631],[128.7255,35.6693],[128.7265,35.6691],[128.7258,35.6697]]]},"properties":{"name":"화양초통학구역","office":"경상북도청도교육지원청"}},
{"type":"Feature","geometry":{"type":"Polygon","coordinates":[[[128.3245,36.1458],[128.3256,36.1501],[128.3208,36.1456],[128.3245,36.1458]]]},"properties":{"name":"야은초통학구역","office":"경상북도구미교육지원청"}},
{"type":"Feature","geometry":{"type":"Polygon","coordinates":[[[128.8062,35.8587],[128.8075,35.8586],[128.8062,35.8581],[128.8051,35.8527],[128.8,35.8523],[128.7965,35.8524],[128.7937,35.8492],[128.7948,35.8467],[128.7928,35.8472],[128.7948,35.8467],[128.7954,35.8467],[128.7971,35.848],[128.8027,35.8473],[128.8074,35.849],[128.8101,35.8509],[128.8117,35.8465],[128.8191,35.8462],[128.8215,35.8445],[128.8308,35.8389],[128.8334,35.8381],[128.838,35.8401],[128.8384,35.8403],[128.8396,35.8403],[128.8402,35.843],[128.8359,35.853],[128.8312,35.8579],[128.8312,35.8689],[128.8308,35.8688],[128.831,35.8692],[128.8297,35.8686],[128.8249,35.8618],[128.8131,35.8648],[128.8092,35.8593],[128.8062,35.8587]]]},"properties":{"name":"진성초통학구역","office":"경상북도경산교육지원청"}},
{"type":"Feature","geometry":{"type":"Polygon","coordinates":[[[128.3683,36.7512],[128.3684,36.75],[128.369,36.7511],[128.3766,36.7468],[128.3835,36.7474],[128.3879,36.7444],[128.3921,36.7461],[128.3945,36.7455],[128.3966,36.7465],[128.3998,36.7486],[128.4002,36.7471],[128.4105,36.7505],[128.4116,36.7602],[128.4331,36.7707],[128.433,36.7785],[128.4388,36.7895],[128.434,36.7941],[128.4276,36.7945],[128.423,36.8083],[128.4204,36.8114],[128.4205,36.8115],[128.4204,36.8116],[128.4034,36.8121],[128.3944,36.8149],[128.3813,36.8139],[128.3733,36.8077],[128.37,36.8009],[128.372,36.7963],[128.3667,36.7837],[128.3652,36.7715],[128.3678,36.7676],[128.3633,36.7613],[128.3649,36.7566],[128.3681,36.755],[128.3683,36.7512]]]},"properties":{"name":"상리초통학구역","office":"경상북도예천교육지원청"}},
{"type":"Feature","geometry":{"type":"Polygon","coordinates":[[[128.4534,36.5352],[128.4402,36.5286],[128.4363,36.5225],[128.4316,36.5216],[128.4328,36.5204],[128.4311,36.5203],[128.437,36.5163],[128.432,36.5111],[128.4336,36.5047],[128.4451,36.4954],[128.4533,36.491],[128.4575,36.4939],[128.4621,36.4909],[128.4641,36.4989],[128.4747,36.4987],[128.4764,36.5143],[128.4863,36.5147],[128.4889,36.5171],[128.4961,36.5162],[128.4988,36.5118],[128.4993,36.5109],[128.4993,36.512],[128.5057,36.5167],[128.5101,36.5173],[128.5116,36.5177],[128.5173,36.5217],[128.5213,36.5215],[128.528,36.5284],[128.5268,36.5327],[128.5265,36.5326],[128.524,36.5329],[128.5165,36.5351],[128.5162,36.5352],[128.5153,36.5358],[128.5141,36.5366],[128.5139,36.5367],[128.513,36.5385],[128.5225,36.5436],[128.5234,36.5454],[128.5232,36.5461],[128.523,36.5465],[128.5181,36.5487],[128.5162,36.5494],[128.5089,36.5501],[128.5041,36.5508],[128.4907,36.5455],[128.4779,36.5419],[128.4569,36.5382],[128.4534,36.5365],[128.4534,36.5352]]]},"properties":{"name":"신성초통학구역","office":"경상북도안동교육지원청"}},
{"type":"Feature","geometry":{"type":"Polygon","coordinates":[[[128.7368,36.784],[128.7331,36.779],[128.7307,36.7759],[128.7312,36.7753],[128.727,36.7714],[128.7237,36.7678],[128.7225,36.7658],[128.7215,36.7653],[128.7231,36.7647],[128.7202,36.7613],[128.7089,36.7578],[128.7031,36.7507],[128.6983,36.7458],[128.7026,36.7421],[128.7057,36.7396],[128.7076,36.7353],[128.7115,36.73],[128.7055,36.7238],[128.7014,36.72],[128.703,36.712],[128.6987,36.7067],[128.6881,36.701],[128.6765,36.702],[128.6669,36.7127],[128.6519,36.7109],[128.6438,36.7157],[128.6431,36.7173],[128.6426,36.7175],[128.6425,36.7176],[128.6414,36.7182],[128.6388,36.7185],[128.6365,36.719],[128.6297,36.7197],[128.6279,36.7167],[128.633,36.7103],[128.6344,36.7057],[128.641,36.7026],[128.64,36.6983],[128.6409,36.6944],[128.6455,36.688],[128.6452,36.6855],[128.6445,36.684],[128.6427,36.6816],[128.6425,36.6814],[128.64,36.6798],[128.6365,36.6791],[128.6356,36.6791],[128.6327,36.6808],[128.621,36.6831],[128.6174,36.6794],[128.6126,36.6735],[128.6053,36.6721],[128.6043,36.6629],[128.6057,36.6625],[128.6089,36.6626],[128.6143,36.6614],[128.6193,36.6593],[128.6202,36.6593],[128.6241,36.6591],[128.6246,36.6591],[128.6249,36.6593],[128.6303,36.6624],[128.6352,36.6612],[128.6392,36.6659],[128.6477,36.6671],[128.6516,36.6688],[128.6507,36.6724],[128.658,36.6725],[128.6589,36.6712],[128.6661,36.6704],[128.6644,36.6611],[128.6847,36.6552],[128.6959,36.656],[128.7034,36.6584],[128.7057,36.6532],[128.7044,36.6472],[128.707,36.6411],[128.7079,36.6401],[128.7149,36.6425],[128.7158,36.6472],[128.721,36.6555],[128.7246,36.652],[128.7344,36.6533],[128.7388,36.6516],[128.7394,36.649],[128.74,36.6485],[128.7401,36.6483],[128.7425,36.6462],[128.7428,36.6461],[128.7435,36.646],[128.7504,36.6446],[128.7503,36.644],[128.7504,36.6441],[128.7516,36.6452],[128.7545,36.6451],[128.7568,36.6508],[128.7542,36.6586],[128.7554,36.6651],[128.746,36.6659],[128.742,36.6681],[128.7388,36.6785],[128.7481,36.6864],[128.7488,36.6859],[128.7488,36.687],[128.7488,36.6885],[128.7474,36.6888],[128.7469,36.6889],[128.7452,36.6914],[128.7453,36.692],[128.7461,36.6937],[128.747,36.6946],[128.7485,36.6988],[128.7597,36.7144],[128.7417,36.7201],[128.7353,36.7244],[128.7333,36.7314],[128.7369,36.744],[128.743,36.7499],[128.743,36.7559],[128.7364,36.7665],[128.7409,36.7725],[128.7432,36.7756],[128.7412,36.7798],[128.7377,36.7833],[128.7368,36.784]]]},"properties":{"name":"북후초통학구역","office":"경상북도안동교육지원청"}},
{"type":"Feature","geometry":{"type":"Polygon","coordinates":[[[128.449,36.8486],[128.4415,36.8376],[128.4341,36.8341],[128.432,36.8241],[128.426,36.8184],[128.4253,36.8148],[128.4205,36.8115],[128.4204,36.8114],[128.423,36.8083],[128.4276,36.7945],[128.434,36.7941],[128.4388,36.7895],[128.433,36.7785],[128.4331,36.7707],[128.4116,36.7602],[128.4105,36.7505],[128.4002,36.7471],[128.3998,36.7486],[128.3966,36.7465],[128.3945,36.7455],[128.3967,36.7463],[128.413,36.7287],[128.4182,36.7255],[128.419,36.7136],[128.4224,36.7138],[128.4302,36.711],[128.4326,36.7128],[128.441,36.7157],[128.4451,36.711],[128.4482,36.71],[128.4556,36.717],[128.4613,36.7219],[128.4631,36.7261],[128.4633,36.7266],[128.4635,36.727],[128.4641,36.7277],[128.4666,36.7311],[128.4667,36.7312],[128.4677,36.7352],[128.4723,36.7392],[128.478,36.7504],[128.4727,36.7536],[128.4733,36.7611],[128.476,36.7611],[128.4759,36.7685],[128.4719,36.7724],[128.475,36.7767],[128.4765,36.7866],[128.4749,36.7981],[128.4712,36.8035],[128.4732,36.8174],[128.4826,36.8299],[128.4816,36.8347],[128.4628,36.847],[128.4587,36.8456],[128.449,36.8486]]]},"properties":{"name":"은풍초통학구역","office":"경상북도예천교육지원청"}},
{"type":"Feature","geometry":{"type":"Polygon","coordinates":[[[128.1448,36.4848],[128.147,36.4802],[128.1463,36.4723],[128.1563,36.4704],[128.1535,36.4632],[128.154,36.4581],[128.1556,36.4583],[128.1551,36.4595],[128.1589,36.4614],[128.1663,36.4646],[128.168,36.4658],[128.169,36.4664],[128.1679,36.4666],[128.1683,36.47],[128.1921,36.4715],[128.1807,36.488],[128.1799,36.4934],[128.1816,36.5035],[128.1819,36.507],[128.1783,36.5115],[128.1744,36.5123],[128.1672,36.5115],[128.1559,36.4995],[128.1556,36.495],[128.1575,36.49],[128.1546,36.4888],[128.1523,36.4904],[128.1498,36.4896],[128.1483,36.4888],[128.1466,36.4875],[128.1448,36.4848]]]},"properties":{"name":"백원초통학구역","office":"경상북도상주교육지원청"}},
{"type":"Feature","geometry":{"type":"Polygon","coordinates":[[[129.3351,36.1075],[129.3361,36.1075],[129.3351,36.1072],[129.3372,36.0993],[129.3437,36.0967],[129.3439,36.0964],[129.344,36.0942],[129.3441,36.092],[129.3407,36.0868],[129.3457,36.0915],[129.3512,36.0847],[129.3581,36.0822],[129.3603,36.0856],[129.3554,36.09],[129.3539,36.0944],[129.3566,36.1021],[129.3548,36.1078],[129.3581,36.1069],[129.358,36.1081],[129.352,36.1111],[129.3455,36.1086],[129.3425,36.1074],[129.3378,36.108],[129.3351,36.1075]]]},"properties":{"name":"흥해남산초통학구역","office":"경상북도포항교육지원청"}},
{"type":"Feature","geometry":{"type":"Polygon","coordinates":[[[128.7947,35.8348],[128.7947,35.8347],[128.7947,35.8339],[128.7951,35.8336],[128.7952,35.8334],[128.8001,35.8304],[128.8008,35.8276],[128.8039,35.8244],[128.8012,35.8179],[128.8046,35.8136],[128.8048,35.8137],[128.8049,35.8132],[128.8052,35.8123],[128.8053,35.8119],[128.803,35.8086],[128.8098,35.8059],[128.8104,35.7994],[128.8131,35.7963],[128.8135,35.7962],[128.8148,35.7967],[128.8179,35.798],[128.8184,35.7982],[128.8256,35.7969],[128.8277,35.7977],[128.8327,35.7997],[128.833,35.7995],[128.8332,35.7995],[128.8406,35.7961],[128.8423,35.7956],[128.8515,35.7922],[128.8425,35.7963],[128.8476,35.8055],[128.8525,35.8107],[128.8521,35.816],[128.857,35.8201],[128.8558,35.8301],[128.8431,35.8335],[128.8411,35.8376],[128.8386,35.8387],[128.8384,35.8402],[128.8384,35.8403],[128.838,35.8401],[128.8334,35.8381],[128.8308,35.8389],[128.8215,35.8445],[128.8191,35.8462],[128.8117,35.8465],[128.8101,35.8509],[128.8074,35.849],[128.8027,35.8473],[128.7971,35.848],[128.7954,35.8467],[128.7948,35.8467],[128.7928,35.8472],[128.7897,35.848],[128.7887,35.842],[128.7898,35.8389],[128.7899,35.8385],[128.7902,35.8384],[128.7932,35.8379],[128.7947,35.8376],[128.7949,35.8371],[128.7947,35.8348]]]},"properties":{"name":"자인초통학구역","office":"경상북도경산교육지원청"}},
{"type":"Feature","geometry":{"type":"Polygon","coordinates":[[[128.7289,36.4481],[128.7271,36.4434],[128.7239,36.4366],[128.7198,36.4336],[128.7312,36.4327],[128.7411,36.424],[128.7426,36.4199],[128.7369,36.4168],[128.7404,36.4061],[128.7304,36.4036],[128.7324,36.3952],[128.7371,36.3894],[128.7375,36.3879],[128.7376,36.3857],[128.7375,36.3854],[128.7374,36.3852],[128.7376,36.3853],[128.74,36.3813],[128.7407,36.3789],[128.7409,36.3766],[128.74,36.3726],[128.7414,36.3624],[128.7487,36.3533],[128.7447,36.3505],[128.7522,36.3419],[128.769,36.3418],[128.7693,36.3459],[128.7717,36.347],[128.7772,36.3467],[128.777,36.347],[128.7771,36.347],[128.777,36.3471],[128.7768,36.3473],[128.7793,36.3543],[128.7791,36.3618],[128.7837,36.3672],[128.7803,36.3736],[128.7849,36.3771],[128.7872,36.3826],[128.7851,36.3887],[128.7879,36.3924],[128.7856,36.3978],[128.7918,36.4017],[128.7965,36.4093],[128.8007,36.415],[128.7977,36.4189],[128.8033,36.4226],[128.8023,36.4267],[128.8034,36.432],[128.8103,36.4376],[128.8125,36.4531],[128.8129,36.4535],[128.8097,36.4593],[128.7989,36.461],[128.7924,36.4659],[128.7913,36.4657],[128.7918,36.4666],[128.7888,36.4652],[128.7822,36.4647],[128.7818,36.4654],[128.782,36.4646],[128.7826,36.4624],[128.7817,36.4597],[128.7741,36.4619],[128.7661,36.466],[128.7619,36.4689],[128.7585,36.4649],[128.7565,36.4529],[128.7455,36.4535],[128.7385,36.4484],[128.729,36.4483],[128.7289,36.4481]]]},"properties":{"name":"점곡초통학구역","office":"경상북도의성교육지원청"}},
{"type":"Feature","geometry":{"type":"Polygon","coordinates":[[[128.4988,36.5118],[128.4961,36.5162],[128.4889,36.5171],[128.4863,36.5147],[128.4764,36.5143],[128.4747,36.4987],[128.4641,36.4989],[128.4621,36.4909],[128.4575,36.4939],[128.4533,36.491],[128.4541,36.4833],[128.4611,36.4819],[128.4765,36.4734],[128.4759,36.4674],[128.4835,36.4627],[128.4841,36.4553],[128.4906,36.4531],[128.4937,36.4458],[128.5014,36.4414],[128.4984,36.4327],[128.5067,36.4279],[128.5102,36.4229],[128.5147,36.4217],[128.5285,36.4228],[128.532,36.4257],[128.5328,36.4321],[128.5296,36.4371],[128.5313,36.4392],[128.5316,36.4395],[128.5319,36.4395],[128.5421,36.4391],[128.5458,36.4414],[128.5514,36.4386],[128.5603,36.4478],[128.5664,36.4524],[128.5656,36.4593],[128.5607,36.4632],[128.5601,36.4662],[128.559,36.4722],[128.5524,36.4759],[128.5531,36.4828],[128.5513,36.4891],[128.5436,36.4903],[128.5391,36.4955],[128.5264,36.4988],[128.5129,36.4979],[128.5054,36.4991],[128.5007,36.5074],[128.4994,36.5094],[128.4988,36.5118]]]},"properties":{"name":"안평초신평분교장통학구역","office":"경상북도의성교육지원청"}},
{"type":"Feature","geometry":{"type":"Polygon","coordinates":[[[129.3611,35.9816],[129.3609,35.9789],[129.357,35.9802],[129.3509,35.9812],[129.3526,35.9804],[129.3507,35.9805],[129.3489,35.9793],[129.3308,35.9781],[129.3369,35.9672],[129.3348,35.9661],[129.3277,35.9609],[129.322,35.9593],[129.3199,35.9581],[129.3195,35.955],[129.3204,35.9537],[129.3195,35.9505],[129.3178,35.9481],[129.3185,35.9459],[129.3192,35.9436],[129.3277,35.9389],[129.3327,35.9306],[129.3296,35.9266],[129.3329,35.9227],[129.3353,35.9193],[129.3366,35.9162],[129.3335,35.9057],[129.3362,35.8969],[129.3377,35.8976],[129.3376,35.8957],[129.3435,35.9001],[129.3531,35.9042],[129.3547,35.9103],[129.364,35.9193],[129.3623,35.9222],[129.3667,35.9296],[129.3707,35.9317],[129.3749,35.9351],[129.3807,35.9481],[129.3835,35.9483],[129.3897,35.957],[129.393,35.9599],[129.3929,35.9616],[129.3922,35.9633],[129.3907,35.9647],[129.3905,35.967],[129.3901,35.9705],[129.39,35.9712],[129.3898,35.9705],[129.3862,35.9637],[129.374,35.9688],[129.3766,35.9744],[129.3668,35.9738],[129.3609,35.9759],[129.361,35.9789],[129.3611,35.9813],[129.3611,35.9816]]]},"properties":{"name":"남성초통학구역","office":"경상북도포항교육지원청"}},
{"type":"Feature","geometry":{"type":"Polygon","coordinates":[[[128.8756,35.8518],[128.8755,35.8519],[128.872,35.8429],[128.8587,35.8361],[128.8558,35.8301],[128.857,35.8201],[128.8521,35.816],[128.8525,35.8107],[128.8476,35.8055],[128.8425,35.7963],[128.8515,35.7922],[128.8557,35.7949],[128.8587,35.7838],[128.856,35.7775],[128.8625,35.7708],[128.8568,35.7574],[128.8574,35.7573],[128.8568,35.7572],[128.8587,35.7571],[128.8662,35.7582],[128.8704,35.7522],[128.8761,35.748],[128.8861,35.751],[128.8925,35.7554],[128.898,35.7622],[128.9015,35.7536],[128.9042,35.7486],[128.9163,35.7576],[128.925,35.7608],[128.9314,35.7596],[128.94,35.7717],[128.9397,35.7746],[128.9459,35.7824],[128.9449,35.7889],[128.9499,35.7934],[128.9515,35.8008],[128.9569,35.8053],[128.954,35.8119],[128.9595,35.8257],[128.9654,35.8347],[128.97,35.8363],[128.9707,35.8367],[128.9717,35.8373],[128.9709,35.8379],[128.9684,35.8406],[128.9631,35.8425],[128.9592,35.8419],[128.9519,35.8345],[128.9446,35.8301],[128.9404,35.8355],[128.9332,35.8373],[128.9181,35.8358],[128.9096,35.8316],[128.9024,35.8372],[128.8964,35.8371],[128.8924,35.8447],[128.8854,35.8429],[128.8822,35.8466],[128.8781,35.8506],[128.8765,35.851],[128.8756,35.8518]]]},"properties":{"name":"용성초통학구역","office":"경상북도경산교육지원청"}},
{"type":"Feature","geometry":{"type":"Polygon","coordinates":[[[128.3577,36.5334],[128.358,36.5319],[128.3583,36.5305],[128.3538,36.5271],[128.3475,36.5276],[128.341,36.5243],[128.3456,36.5141],[128.3412,36.505],[128.336,36.4994],[128.3387,36.4899],[128.3313,36.4855],[128.3205,36.4714],[128.3146,36.4708],[128.3086,36.4638],[128.3117,36.461],[128.3137,36.4547],[128.3138,36.4541],[128.3139,36.4525],[128.3185,36.4468],[128.3236,36.4432],[128.3265,36.4369],[128.3216,36.4323],[128.3217,36.4236],[128.3314,36.4212],[128.3325,36.4188],[128.333,36.4106],[128.3361,36.4092],[128.3387,36.4075],[128.3391,36.4073],[128.3405,36.407],[128.3441,36.4079],[128.3491,36.4137],[128.3493,36.4139],[128.3507,36.4138],[128.3516,36.4138],[128.3518,36.4138],[128.353,36.4127],[128.3568,36.4206],[128.3719,36.4127],[128.3841,36.4169],[128.3873,36.4223],[128.3801,36.4307],[128.3814,36.435],[128.39,36.439],[128.3946,36.4384],[128.3999,36.4449],[128.4085,36.4398],[128.4172,36.4423],[128.4228,36.4416],[128.4187,36.4486],[128.4236,36.4535],[128.4264,36.4617],[128.4205,36.4672],[128.4158,36.4812],[128.4115,36.4869],[128.4042,36.4907],[128.397,36.4916],[128.3942,36.4985],[128.3865,36.5002],[128.3821,36.5045],[128.3755,36.503],[128.3728,36.5045],[128.3705,36.5078],[128.3698,36.5098],[128.3709,36.5162],[128.3682,36.519],[128.3679,36.527],[128.3666,36.5295],[128.3663,36.5297],[128.3662,36.5297],[128.365,36.5305],[128.364,36.5308],[128.3588,36.533],[128.3577,36.5334]]]},"properties":{"name":"다인초통학구역","office":"경상북도의성교육지원청"}},
{"type":"Feature","geometry":{"type":"Polygon","coordinates":[[[128.3407,36.5789],[128.3363,36.5835],[128.3388,36.5881],[128.3365,36.5973],[128.3312,36.6003],[128.3265,36.6085],[128.3301,36.613],[128.3243,36.6236],[128.3314,36.6239],[128.3385,36.6208],[128.3394,36.6265],[128.3348,36.6352],[128.3325,36.64],[128.3314,36.641],[128.3303,36.6419],[128.327,36.6446],[128.3193,36.6447],[128.3217,36.6472],[128.3217,36.6476],[128.3211,36.6487],[128.3205,36.649],[128.3186,36.6532],[128.32,36.656],[128.3175,36.6559],[128.3162,36.6569],[128.309,36.6566],[128.3082,36.6567],[128.309,36.6561],[128.3079,36.652],[128.3096,36.6444],[128.305,36.6375],[128.2983,36.6359],[128.2944,36.6299],[128.2868,36.6278],[128.2873,36.6211],[128.2844,36.6192],[128.2787,36.6163],[128.2733,36.6156],[128.2722,36.6095],[128.2606,36.6114],[128.2636,36.6049],[128.2702,36.6006],[128.2713,36.5997],[128.2746,36.5971],[128.2749,36.5969],[128.275,36.5968],[128.2822,36.588],[128.2856,36.5777],[128.2959,36.5783],[128.2956,36.5648],[128.296,36.5649],[128.2959,36.5647],[128.2964,36.5649],[128.2983,36.5655],[128.3027,36.566],[128.3065,36.5657],[128.3054,36.5664],[128.3068,36.5665],[128.3094,36.5759],[128.3158,36.5799],[128.3194,36.5779],[128.3177,36.5762],[128.3176,36.5757],[128.3178,36.5745],[128.3192,36.5736],[128.3198,36.5734],[128.3271,36.5741],[128.334,36.5764],[128.3407,36.5789]]]},"properties":{"name":"용궁초통학구역","office":"경상북도예천교육지원청"}},
{"type":"Feature","geometry":{"type":"Polygon","coordinates":[[[128.1051,36.7793],[128.1026,36.7862],[128.0991,36.7917],[128.0953,36.7938],[128.0838,36.7993],[128.0854,36.8042],[128.0718,36.8146],[128.0659,36.817],[128.0593,36.8136],[128.054,36.8052],[128.0561,36.7984],[128.055,36.7927],[128.0512,36.7888],[128.0448,36.7711],[128.0412,36.7683],[128.0324,36.7552],[128.0323,36.7476],[128.0424,36.7407],[128.0507,36.7367],[128.0556,36.7304],[128.068,36.7222],[128.0727,36.7122],[128.071,36.7084],[128.0777,36.7061],[128.0857,36.7091],[128.0984,36.7103],[128.1048,36.7085],[128.1138,36.7121],[128.1189,36.7212],[128.1249,36.7191],[128.138,36.7187],[128.14,36.7198],[128.1338,36.7305],[128.1392,36.7369],[128.1413,36.7425],[128.141,36.7436],[128.1408,36.7442],[128.1407,36.7445],[128.1396,36.7452],[128.1385,36.7459],[128.1384,36.746],[128.1337,36.7461],[128.1271,36.7523],[128.1274,36.754],[128.1266,36.7559],[128.1253,36.7589],[128.124,36.762],[128.1237,36.7622],[128.1167,36.7663],[128.1127,36.7715],[128.1047,36.7787],[128.1051,36.7793]]]},"properties":{"name":"문경초통학구역","office":"경상북도문경교육지원청"}},
{"type":"Feature","geometry":{"type":"Polygon","coordinates":[[[128.2283,36.5868],[128.2282,36.5858],[128.2244,36.5753],[128.2203,36.573],[128.2197,36.5712],[128.2197,36.5708],[128.217,36.5589],[128.2172,36.5391],[128.2223,36.5347],[128.2358,36.53],[128.2524,36.5353],[128.2652,36.5319],[128.2668,36.533],[128.2677,36.5352],[128.2675,36.5372],[128.2621,36.5462],[128.265,36.552],[128.2858,36.5525],[128.2914,36.5516],[128.2969,36.5535],[128.2936,36.5591],[128.2959,36.5647],[128.296,36.5649],[128.2956,36.5648],[128.2959,36.5783],[128.2856,36.5777],[128.2822,36.588],[128.275,36.5968],[128.2749,36.5969],[128.2746,36.5971],[128.2712,36.5996],[128.2682,36.5969],[128.2592,36.5948],[128.2592,36.5896],[128.2575,36.5874],[128.2508,36.5931],[128.2357,36.5912],[128.2355,36.5877],[128.2284,36.5868],[128.2283,36.5863],[128.2283,36.5868]]]},"properties":{"name":"영순초통학구역","office":"경상북도문경교육지원청"}},
{"type":"Feature","geometry":{"type":"Polygon","coordinates":[[[128.6331,35.641],[128.6332,35.641],[128.6331,35.6409],[128.6273,35.6361],[128.6242,35.6342],[128.6294,35.6281],[128.6287,35.6251],[128.6206,35.6237],[128.6234,35.618],[128.62,35.6072],[128.6113,35.6019],[128.6043,35.5999],[128.5933,35.5924],[128.5928,35.5881],[128.5932,35.5844],[128.6,35.5804],[128.6147,35.5817],[128.6168,35.5839],[128.6307,35.5874],[128.6365,35.5847],[128.6441,35.5931],[128.6591,35.5974],[128.6644,35.5938],[128.6742,35.5961],[128.6783,35.5947],[128.6915,35.5962],[128.693,35.6025],[128.6966,35.6097],[128.6999,35.6106],[128.7052,35.6132],[128.7054,35.6133],[128.7052,35.6133],[128.7022,35.6178],[128.6983,35.63],[128.6993,35.6374],[128.6936,35.6467],[128.6862,35.645],[128.6818,35.6487],[128.682,35.6543],[128.6823,35.6546],[128.6819,35.6544],[128.6786,35.6524],[128.6779,35.6519],[128.6582,35.648],[128.6485,35.6429],[128.6394,35.6448],[128.6383,35.6446],[128.6336,35.6411],[128.6333,35.6411],[128.6331,35.641]]]},"properties":{"name":"각남초통학구역","office":"경상북도청도교육지원청"}},
{"type":"Feature","geometry":{"type":"Polygon","coordinates":[[[128.14,36.7198],[128.138,36.7187],[128.1249,36.7191],[128.1189,36.7212],[128.1138,36.7121],[128.1048,36.7085],[128.0984,36.7103],[128.0857,36.7091],[128.0777,36.7061],[128.0828,36.7005],[128.0834,36.6805],[128.0899,36.6785],[128.0896,36.669],[128.0968,36.6713],[128.0949,36.6762],[128.0987,36.6787],[128.1083,36.6778],[128.1074,36.6746],[128.1071,36.6639],[128.1124,36.6613],[128.1166,36.6536],[128.1099,36.6473],[128.1152,36.6446],[128.1166,36.6443],[128.1209,36.6473],[128.1295,36.6459],[128.1378,36.649],[128.1379,36.6535],[128.134,36.6541],[128.1396,36.6587],[128.1441,36.6647],[128.1552,36.6655],[128.1598,36.6683],[128.1613,36.669],[128.1639,36.6754],[128.1673,36.6763],[128.1688,36.6845],[128.1764,36.6882],[128.1853,36.6955],[128.1886,36.701],[128.1976,36.7069],[128.1992,36.71],[128.183,36.7158],[128.1761,36.723],[128.1714,36.7229],[128.1679,36.7239],[128.1617,36.7225],[128.1511,36.716],[128.1442,36.7202],[128.14,36.7198]]]},"properties":{"name":"동성초통학구역","office":"경상북도문경교육지원청"}},
{"type":"Feature","geometry":{"type":"Polygon","coordinates":[[[128.3307,36.6975],[128.3309,36.6966],[128.3332,36.6965],[128.3344,36.6947],[128.3367,36.6937],[128.3369,36.6936],[128.3372,36.6946],[128.348,36.6915],[128.3521,36.6904],[128.3532,36.6898],[128.3536,36.6893],[128.3548,36.6854],[128.3659,36.6768],[128.3712,36.6782],[128.3824,36.6723],[128.3858,36.6639],[128.3947,36.6634],[128.4124,36.6653],[128.4141,36.6668],[128.4192,36.6685],[128.4277,36.6716],[128.429,36.6733],[128.4308,36.6776],[128.4323,36.6909],[128.4388,36.6926],[128.4413,36.6874],[128.452,36.692],[128.4614,36.6994],[128.4641,36.706],[128.4642,36.7098],[128.4645,36.7104],[128.4655,36.7112],[128.467,36.7118],[128.4696,36.712],[128.47,36.7122],[128.4726,36.7136],[128.4725,36.7151],[128.4711,36.7213],[128.4689,36.7259],[128.4633,36.7266],[128.4631,36.7261],[128.4613,36.7219],[128.4556,36.717],[128.4482,36.71],[128.4451,36.711],[128.441,36.7157],[128.4326,36.7128],[128.4302,36.711],[128.4224,36.7138],[128.419,36.7136],[128.4182,36.7255],[128.413,36.7287],[128.3967,36.7463],[128.3945,36.7455],[128.3921,36.7461],[128.3879,36.7444],[128.3835,36.7474],[128.3766,36.7468],[128.369,36.7511],[128.3684,36.75],[128.3683,36.7512],[128.3673,36.748],[128.3617,36.7407],[128.3391,36.7409],[128.3328,36.7357],[128.3347,36.7233],[128.3321,36.7182],[128.3358,36.7131],[128.3349,36.7036],[128.3311,36.6993],[128.3313,36.6977],[128.3307,36.6975]]]},"properties":{"name":"용문초통학구역","office":"경상북도예천교육지원청"}},
{"type":"Feature","geometry":{"type":"Polygon","coordinates":[[[129.3724,36.0269],[129.3696,36.0371],[129.3621,36.0352],[129.3631,36.0291],[129.3672,36.0282],[129.3724,36.0269]]]},"properties":{"name":"포항영흥초통학구역","office":"경상북도포항교육지원청"}},
{"type":"Feature","geometry":{"type":"Polygon","coordinates":[[[128.4669,36.0754],[128.468,36.0729],[128.4696,36.0723],[128.47,36.0719],[128.4764,36.0716],[128.4869,36.0676],[128.4984,36.0666],[128.5041,36.0658],[128.5077,36.0751],[128.5074,36.085],[128.5111,36.0916],[128.5136,36.0899],[128.5199,36.0971],[128.5184,36.1024],[128.513,36.1088],[128.5078,36.1099],[128.5047,36.1123],[128.4969,36.1156],[128.4928,36.1256],[128.4869,36.1226],[128.482,36.1235],[128.4779,36.1267],[128.478,36.1284],[128.4732,36.1291],[128.4714,36.1289],[128.4732,36.1289],[128.4689,36.1199],[128.4596,36.1165],[128.4584,36.1121],[128.4574,36.1115],[128.4586,36.1113],[128.4604,36.1109],[128.468,36.1078],[128.4795,36.1016],[128.4757,36.0978],[128.4771,36.0927],[128.465,36.0833],[128.4669,36.0754]]]},"properties":{"name":"학림초통학구역","office":"경상북도칠곡교육지원청"}},
{"type":"Feature","geometry":{"type":"Polygon","coordinates":[[[128.2335,36.6388],[128.2331,36.6407],[128.2368,36.6499],[128.2423,36.6505],[128.242,36.6564],[128.2471,36.66],[128.2459,36.6706],[128.2494,36.6748],[128.2415,36.679],[128.2339,36.6793],[128.2354,36.6857],[128.2227,36.6956],[128.2215,36.7003],[128.2233,36.709],[128.2154,36.7119],[128.2019,36.7126],[128.1992,36.71],[128.1976,36.7069],[128.1886,36.701],[128.1853,36.6955],[128.1764,36.6882],[128.1688,36.6845],[128.1673,36.6763],[128.1639,36.6754],[128.1613,36.669],[128.1598,36.6683],[128.1643,36.6665],[128.1656,36.6583],[128.1745,36.6533],[128.1764,36.6456],[128.1856,36.6432],[128.1857,36.6428],[128.1864,36.643],[128.187,36.6432],[128.1916,36.6444],[128.1975,36.6426],[128.1985,36.6413],[128.2007,36.638],[128.2023,36.6295],[128.2097,36.6162],[128.2124,36.6186],[128.2181,36.619],[128.2223,36.6218],[128.2259,36.6178],[128.2257,36.615],[128.2272,36.6158],[128.2307,36.6194],[128.2274,36.6233],[128.2332,36.6279],[128.2285,36.6322],[128.2338,36.636],[128.2334,36.6369],[128.233,36.6378],[128.2335,36.6388]]]},"properties":{"name":"호계초통학구역","office":"경상북도문경교육지원청"}},
{"type":"Feature","geometry":{"type":"Polygon","coordinates":[[[128.395,36.0041],[128.3956,36.0066],[128.399,36.0168],[128.3992,36.0215],[128.3992,36.0218],[128.3991,36.0215],[128.3918,36.0237],[128.393,36.0327],[128.3793,36.0334],[128.3775,36.0329],[128.3763,36.0322],[128.3726,36.0315],[128.3729,36.0283],[128.3624,36.0237],[128.363,36.0162],[128.3605,36.0145],[128.3592,36.0141],[128.3605,36.0131],[128.3622,36.0116],[128.3786,36.0025],[128.3853,36.0039],[128.3899,36.0076],[128.3955,36.0066],[128.395,36.0041]]]},"properties":{"name":"관호초통학구역","office":"경상북도칠곡교육지원청"}},
{"type":"Feature","geometry":{"type":"Polygon","coordinates":[[[129.3518,36.0333],[129.3525,36.0318],[129.3532,36.0293],[129.351,36.0251],[129.3517,36.0247],[129.3541,36.0267],[129.358,36.0255],[129.3609,36.0256],[129.3627,36.0277],[129.363,36.028],[129.3632,36.0283],[129.3672,36.0282],[129.3631,36.0291],[129.3621,36.0352],[129.3598,36.0348],[129.3592,36.0363],[129.3564,36.031],[129.3526,36.0318],[129.3518,36.0333]]]},"properties":{"name":"포항남부초통학구역","office":"경상북도포항교육지원청"}},
{"type":"Feature","geometry":{"type":"Polygon","coordinates":[[[128.3687,35.942],[128.3653,35.9498],[128.362,35.9539],[128.3618,35.9551],[128.353,35.9561],[128.35,35.9547],[128.3493,35.9544],[128.3487,35.9547],[128.348,35.9548],[128.3482,35.9547],[128.3479,35.9547],[128.3409,35.9476],[128.3343,35.9451],[128.332,35.9394],[128.3348,35.9349],[128.3326,35.9218],[128.3346,35.9159],[128.3237,35.9047],[128.3124,35.9008],[128.3122,35.8951],[128.2958,35.8907],[128.2883,35.8896],[128.2878,35.8898],[128.2881,35.8894],[128.2914,35.8849],[128.2905,35.881],[128.2963,35.877],[128.2945,35.8717],[128.2944,35.8665],[128.3034,35.8627],[128.3045,35.8595],[128.3167,35.8598],[128.3225,35.861],[128.322,35.8682],[128.3296,35.8662],[128.3349,35.8675],[128.338,35.8742],[128.3477,35.8785],[128.3557,35.8778],[128.3585,35.8783],[128.3611,35.8784],[128.3585,35.8785],[128.3582,35.8843],[128.3611,35.8974],[128.3676,35.9013],[128.3659,35.9087],[128.3676,35.9152],[128.3753,35.9215],[128.374,35.9308],[128.3649,35.9365],[128.3687,35.942]]]},"properties":{"name":"선남초통학구역","office":"경상북도성주교육지원청"}},
{"type":"Feature","geometry":{"type":"Polygon","coordinates":[[[127.9846,36.377],[127.9805,36.3743],[127.9767,36.3727],[127.9661,36.3759],[127.9603,36.3672],[127.962,36.3641],[127.9541,36.3605],[127.943,36.3609],[127.9382,36.3644],[127.9349,36.3601],[127.9298,36.3616],[127.9346,36.3568],[127.9367,36.3517],[127.9203,36.3538],[127.9065,36.3523],[127.8964,36.3528],[127.8931,36.3584],[127.8856,36.3547],[127.8826,36.3459],[127.8701,36.3435],[127.8678,36.3373],[127.8546,36.3306],[127.8507,36.3208],[127.8458,36.3181],[127.8415,36.31],[127.8469,36.3008],[127.8456,36.2937],[127.8492,36.2888],[127.851,36.2745],[127.8609,36.2771],[127.8764,36.2758],[127.8826,36.2737],[127.8887,36.2874],[127.8921,36.2919],[127.9029,36.301],[127.905,36.3003],[127.9068,36.3122],[127.9148,36.3195],[127.9138,36.3232],[127.9216,36.3271],[127.9295,36.3229],[127.9389,36.3297],[127.9507,36.3303],[127.966,36.3276],[127.9829,36.3314],[127.9901,36.3286],[127.9957,36.3307],[128.0043,36.3376],[128.0152,36.3419],[128.0186,36.346],[128.0261,36.3449],[128.0319,36.3466],[128.0345,36.3503],[128.0335,36.3527],[128.0339,36.3539],[128.0335,36.3565],[128.0331,36.3591],[128.0328,36.3594],[128.0301,36.3614],[128.0295,36.3619],[128.0239,36.3617],[128.0227,36.3631],[128.0192,36.3649],[128.018,36.3754],[128.0156,36.3797],[128.01,36.3792],[128.0058,36.381],[128.0021,36.3863],[127.9916,36.3834],[127.989,36.3784],[127.9846,36.377]]]},"properties":{"name":"모서초통학구역","office":"경상북도상주교육지원청"}},
{"type":"Feature","geometry":{"type":"Polygon","coordinates":[[[129.3199,35.9581],[129.3199,35.9582],[129.3154,35.9597],[129.312,35.9665],[129.3023,35.9813],[129.3031,35.9863],[129.3033,35.9951],[129.3043,35.9957],[129.3032,35.9956],[129.2976,35.9947],[129.2945,35.9946],[129.293,35.995],[129.2971,35.9954],[129.2985,36.0018],[129.2966,36.0048],[129.2954,36.0107],[129.2837,36.0235],[129.2785,36.0248],[129.2752,36.0204],[129.2722,36.0194],[129.2707,36.0073],[129.2703,36.0016],[129.2688,35.9917],[129.2689,35.9833],[129.2652,35.9811],[129.2693,35.9808],[129.2732,35.9819],[129.278,35.9749],[129.2789,35.9697],[129.2712,35.9657],[129.2673,35.9619],[129.2718,35.9601],[129.2718,35.9595],[129.2626,35.9589],[129.2622,35.9589],[129.262,35.9569],[129.263,35.9515],[129.2687,35.9481],[129.2706,35.9435],[129.2736,35.9448],[129.2752,35.9456],[129.2866,35.9448],[129.2934,35.949],[129.3036,35.9477],[129.3014,35.9433],[129.3082,35.9445],[129.3113,35.9444],[129.3185,35.9459],[129.3178,35.9481],[129.3195,35.9505],[129.3204,35.9537],[129.3195,35.955],[129.3199,35.9581]]]},"properties":{"name":"강동초통학구역","office":"경상북도경주교육지원청"}},
{"type":"Feature","geometry":{"type":"Polygon","coordinates":[[[129.377,36.0334],[129.3709,36.0328],[129.3743,36.0195],[129.3786,36.0203],[129.375,36.013],[129.3788,36.0202],[129.3839,36.0291],[129.3842,36.0295],[129.3837,36.0292],[129.377,36.0334]]]},"properties":{"name":"송림초통학구역","office":"경상북도포항교육지원청"}},
{"type":"Feature","geometry":{"type":"Polygon","coordinates":[[[129.2934,36.2765],[129.2909,36.2794],[129.2838,36.2749],[129.2722,36.2752],[129.2611,36.2692],[129.2601,36.2654],[129.2526,36.2567],[129.2564,36.2479],[129.2521,36.2443],[129.2442,36.2449],[129.244,36.2342],[129.2467,36.2259],[129.2533,36.2239],[129.2628,36.2178],[129.2689,36.2189],[129.2725,36.2322],[129.2827,36.2441],[129.2923,36.2502],[129.2993,36.2456],[129.3027,36.2458],[129.3161,36.2345],[129.3164,36.2306],[129.3274,36.2294],[129.3438,36.2244],[129.3476,36.2117],[129.3513,36.209],[129.3489,36.2086],[129.3513,36.2088],[129.3634,36.209],[129.3702,36.2137],[129.3795,36.2176],[129.3854,36.2181],[129.3796,36.2308],[129.3855,36.2395],[129.3795,36.2427],[129.3741,36.2499],[129.3736,36.2563],[129.3759,36.268],[129.3683,36.2675],[129.3588,36.2717],[129.3526,36.2723],[129.3463,36.2702],[129.3429,36.27],[129.3392,36.2666],[129.3229,36.2693],[129.3157,36.2718],[129.3041,36.2679],[129.3002,36.2737],[129.2934,36.2765]]]},"properties":{"name":"송라초통학구역","office":"경상북도포항교육지원청"}},
{"type":"Feature","geometry":{"type":"Polygon","coordinates":[[[128.1532,36.2936],[128.1525,36.2942],[128.1485,36.2979],[128.1324,36.3035],[128.1267,36.3096],[128.1186,36.3118],[128.1119,36.3114],[128.1038,36.3064],[128.097,36.3078],[128.093,36.3132],[128.0906,36.326],[128.0846,36.3259],[128.0714,36.3289],[128.0663,36.3256],[128.0528,36.326],[128.0502,36.3353],[128.0437,36.3386],[128.0466,36.3414],[128.0473,36.3421],[128.0462,36.3419],[128.0461,36.3442],[128.0345,36.3503],[128.0319,36.3466],[128.0261,36.3449],[128.0283,36.3446],[128.0262,36.3435],[128.0238,36.3269],[128.0141,36.3225],[128.012,36.3186],[128.014,36.3095],[128.0226,36.3105],[128.0232,36.3058],[128.0187,36.2953],[128.0215,36.2907],[128.0173,36.2832],[128.0109,36.2802],[128.0108,36.2721],[128.019,36.2673],[128.0262,36.2679],[128.0318,36.2617],[128.0464,36.2568],[128.0519,36.2579],[128.0583,36.2548],[128.0587,36.255],[128.0665,36.2592],[128.0738,36.2623],[128.0786,36.2638],[128.0827,36.2602],[128.0892,36.2567],[128.0906,36.2531],[128.0907,36.2529],[128.0914,36.2537],[128.0967,36.2523],[128.1053,36.2409],[128.1081,36.2369],[128.1086,36.2361],[128.1087,36.2372],[128.1214,36.2462],[128.1206,36.2532],[128.1311,36.2512],[128.1357,36.2544],[128.1388,36.2587],[128.1373,36.2629],[128.1328,36.2678],[128.1348,36.2764],[128.1377,36.2799],[128.1399,36.2864],[128.1491,36.289],[128.1539,36.293],[128.1532,36.2936]]]},"properties":{"name":"옥산초통학구역","office":"경상북도상주교육지원청"}},
{"type":"Feature","geometry":{"type":"Polygon","coordinates":[[[128.1196,36.0779],[128.1199,36.0779],[128.1194,36.0767],[128.1162,36.0699],[128.1143,36.0657],[128.1134,36.063],[128.1132,36.0601],[128.1135,36.0575],[128.1175,36.0472],[128.1237,36.0434],[128.1231,36.0397],[128.1233,36.0387],[128.1266,36.0329],[128.1301,36.0301],[128.1337,36.0279],[128.1421,36.0264],[128.146,36.0276],[128.1504,36.0337],[128.1568,36.0352],[128.164,36.032],[128.1648,36.0316],[128.1643,36.0325],[128.1693,36.0357],[128.1705,36.0367],[128.1726,36.0456],[128.1684,36.0553],[128.1669,36.0554],[128.1627,36.0608],[128.1528,36.0701],[128.1488,36.0763],[128.1493,36.0837],[128.1475,36.0957],[128.1471,36.0981],[128.1432,36.1049],[128.1398,36.1019],[128.1253,36.1008],[128.1244,36.0951],[128.1213,36.0861],[128.1196,36.0779]]]},"properties":{"name":"감천초통학구역","office":"경상북도김천교육지원청"}},
{"type":"Feature","geometry":{"type":"Polygon","coordinates":[[[128.7333,35.8179],[128.737,35.8128],[128.7368,35.809],[128.7391,35.8084],[128.7442,35.8101],[128.7466,35.8127],[128.7479,35.8129],[128.7482,35.813],[128.7479,35.8131],[128.7431,35.8186],[128.7425,35.824],[128.7373,35.8238],[128.7333,35.8179]]]},"properties":{"name":"경산초통학구역","office":"경상북도경산교육지원청"}},
{"type":"Feature","geometry":{"type":"Polygon","coordinates":[[[128.1453,36.6077],[128.1471,36.6032],[128.1543,36.6005],[128.1616,36.5985],[128.1642,36.5974],[128.165,36.5971],[128.171,36.597],[128.1728,36.5958],[128.1775,36.5954],[128.1869,36.5993],[128.1894,36.5987],[128.19,36.5984],[128.191,36.597],[128.1909,36.5977],[128.1915,36.5972],[128.2039,36.5938],[128.2059,36.5967],[128.2017,36.5991],[128.2016,36.6004],[128.196,36.6024],[128.1876,36.6179],[128.1818,36.6227],[128.1812,36.6224],[128.1816,36.623],[128.1774,36.6204],[128.1801,36.6131],[128.1741,36.6077],[128.1675,36.6106],[128.1592,36.6075],[128.1536,36.6091],[128.1453,36.6077]]]},"properties":{"name":"점촌중앙초통학구역","office":"경상북도문경교육지원청"}},
{"type":"Feature","geometry":{"type":"Polygon","coordinates":[[[128.1776,36.182],[128.1583,36.1795],[128.1571,36.182],[128.1573,36.1809],[128.1565,36.1819],[128.1495,36.1763],[128.1469,36.1711],[128.1384,36.1711],[128.1385,36.1647],[128.1351,36.1594],[128.1355,36.157],[128.1356,36.1562],[128.1361,36.1562],[128.1387,36.1563],[128.1461,36.1503],[128.1435,36.1464],[128.1462,36.1424],[128.1509,36.1413],[128.1524,36.1385],[128.1546,36.1404],[128.1548,36.137],[128.156,36.1375],[128.163,36.14],[128.1648,36.1407],[128.17,36.143],[128.171,36.1435],[128.1713,36.1438],[128.1757,36.1479],[128.1755,36.1481],[128.1731,36.1497],[128.1716,36.1539],[128.1668,36.1614],[128.1729,36.1644],[128.1797,36.1763],[128.1779,36.181],[128.1776,36.182]]]},"properties":{"name":"개령서부초통학구역","office":"경상북도김천교육지원청"}},
{"type":"Feature","geometry":{"type":"Polygon","coordinates":[[[128.8757,35.8889],[128.8748,35.8892],[128.8742,35.8894],[128.8733,35.8894],[128.8711,35.8914],[128.8706,35.8919],[128.8703,35.8921],[128.87,35.8943],[128.858,35.8996],[128.8516,35.8969],[128.8578,35.8908],[128.8502,35.8847],[128.8431,35.8904],[128.841,35.8845],[128.8359,35.8791],[128.835,35.8785],[128.8355,35.8782],[128.8367,35.8766],[128.838,35.8724],[128.8315,35.87],[128.831,35.8692],[128.8308,35.8688],[128.8312,35.8689],[128.8312,35.8579],[128.8359,35.853],[128.8402,35.843],[128.8396,35.8403],[128.8384,35.8403],[128.8384,35.8402],[128.8386,35.8387],[128.8411,35.8376],[128.8431,35.8335],[128.8558,35.8301],[128.8587,35.8361],[128.872,35.8429],[128.8755,35.8519],[128.8747,35.8564],[128.8757,35.8602],[128.8701,35.8677],[128.8614,35.8721],[128.859,35.8776],[128.8663,35.8836],[128.8709,35.8842],[128.8753,35.8884],[128.8757,35.8889]]]},"properties":{"name":"다문초통학구역","office":"경상북도경산교육지원청"}},
{"type":"Feature","geometry":{"type":"Polygon","coordinates":[[[127.9095,36.3958],[127.9037,36.3909],[127.8935,36.3891],[127.8902,36.3809],[127.8839,36.3793],[127.8831,36.3742],[127.8865,36.3636],[127.8931,36.3584],[127.8964,36.3528],[127.9065,36.3523],[127.9203,36.3538],[127.9367,36.3517],[127.9346,36.3568],[127.9298,36.3616],[127.9349,36.3601],[127.9382,36.3644],[127.943,36.3609],[127.9541,36.3605],[127.962,36.3641],[127.9603,36.3672],[127.9661,36.3759],[127.9767,36.3727],[127.9805,36.3743],[127.9846,36.377],[127.9859,36.3779],[127.9843,36.3776],[127.9803,36.3808],[127.9775,36.3873],[127.9707,36.3928],[127.9701,36.3948],[127.9754,36.3982],[127.9804,36.4006],[127.9952,36.3986],[127.9996,36.4081],[127.9919,36.411],[127.9877,36.4176],[127.9925,36.4235],[127.9824,36.4213],[127.9772,36.4243],[127.9611,36.4288],[127.9639,36.4221],[127.9625,36.4177],[127.9568,36.4178],[127.9506,36.4099],[127.9379,36.4042],[127.9351,36.3941],[127.9095,36.3958]]]},"properties":{"name":"화동초통학구역","office":"경상북도상주교육지원청"}},
{"type":"Feature","geometry":{"type":"Polygon","coordinates":[[[128.2368,36.4136],[128.2446,36.4092],[128.2454,36.409],[128.2472,36.4087],[128.252,36.4108],[128.2622,36.4097],[128.2731,36.4039],[128.2787,36.3961],[128.2896,36.3992],[128.2958,36.403],[128.3022,36.4031],[128.3118,36.4005],[128.3176,36.3924],[128.3175,36.3876],[128.3266,36.3862],[128.327,36.3867],[128.3271,36.386],[128.3293,36.389],[128.3336,36.3979],[128.3386,36.4074],[128.3388,36.4074],[128.3387,36.4075],[128.3361,36.4092],[128.333,36.4106],[128.3325,36.4188],[128.3314,36.4212],[128.3217,36.4236],[128.3216,36.4323],[128.3265,36.4369],[128.3236,36.4432],[128.3185,36.4468],[128.3139,36.4525],[128.3135,36.4546],[128.3077,36.4562],[128.2996,36.4635],[128.2911,36.4618],[128.2806,36.4635],[128.2792,36.4718],[128.2674,36.4776],[128.262,36.477],[128.2531,36.4704],[128.2468,36.4677],[128.2449,36.4614],[128.2478,36.4576],[128.2567,36.4551],[128.2606,36.4471],[128.2534,36.4351],[128.2479,36.4326],[128.2367,36.4325],[128.237,36.4337],[128.2366,36.4325],[128.2349,36.4291],[128.2327,36.4259],[128.2315,36.4247],[128.2315,36.4211],[128.2332,36.418],[128.2354,36.4161],[128.2357,36.4157],[128.2368,36.4136]]]},"properties":{"name":"중동초통학구역","office":"경상북도상주교육지원청"}},
{"type":"Feature","geometry":{"type":"Polygon","coordinates":[[[128.0466,36.3414],[128.0437,36.3386],[128.0502,36.3353],[128.0528,36.326],[128.0663,36.3256],[128.0714,36.3289],[128.0846,36.3259],[128.0906,36.326],[128.0988,36.332],[128.103,36.3412],[128.1043,36.3522],[128.1031,36.3573],[128.1093,36.3586],[128.1069,36.364],[128.1155,36.365],[128.1167,36.3684],[128.1193,36.3711],[128.1196,36.3714],[128.1179,36.3783],[128.1206,36.3871],[128.1136,36.3907],[128.117,36.3927],[128.1155,36.3962],[128.1222,36.3997],[128.1192,36.3983],[128.1155,36.3962],[128.1127,36.3937],[128.1106,36.3901],[128.1059,36.3906],[128.0982,36.3852],[128.0902,36.3875],[128.0824,36.3897],[128.0811,36.3896],[128.0782,36.3878],[128.0736,36.3889],[128.0588,36.383],[128.0555,36.3778],[128.0546,36.3697],[128.0563,36.3496],[128.0493,36.3425],[128.0466,36.3414]]]},"properties":{"name":"외남초통학구역","office":"경상북도상주교육지원청"}},
{"type":"Feature","geometry":{"type":"Polygon","coordinates":[[[129.2073,35.8685],[129.2072,35.8684],[129.2023,35.8611],[129.2082,35.8579],[129.2129,35.8636],[129.2154,35.8626],[129.2172,35.8657],[129.2165,35.8702],[129.2194,35.8713],[129.2236,35.8727],[129.2254,35.878],[129.2248,35.8783],[129.2208,35.8781],[129.2198,35.878],[129.2196,35.8781],[129.2152,35.8807],[129.2121,35.875],[129.2073,35.8685]]]},"properties":{"name":"유림초괘릉초사방초양동초모아초영지초신라초서라벌초모량초천포초연안초옥산초석계초안강초아화초의곡초화랑초공동(일방)통학구역","office":"경상북도경주교육지원청"}},
{"type":"Feature","geometry":{"type":"Polygon","coordinates":[[[129.2249,35.8701],[129.2258,35.8723],[129.2236,35.8727],[129.2194,35.8713],[129.2165,35.8702],[129.2172,35.8657],[129.2154,35.8626],[129.2129,35.8636],[129.2154,35.8625],[129.2204,35.8602],[129.2238,35.8676],[129.2213,35.8682],[129.2218,35.8706],[129.2249,35.8701]]]},"properties":{"name":"용황초괘릉초사방초양동초모아초영지초신라초서라벌초모량초천포초연안초옥산초석계초공동(일방)통학구역","office":"경상북도경주교육지원청"}},
{"type":"Feature","geometry":{"type":"Polygon","coordinates":[[[128.3606,36.202],[128.3597,36.2074],[128.3637,36.2115],[128.3638,36.2119],[128.3647,36.2169],[128.3644,36.2182],[128.3642,36.2186],[128.359,36.2224],[128.3557,36.2264],[128.3546,36.2259],[128.3516,36.2254],[128.3378,36.2229],[128.3371,36.216],[128.3329,36.2148],[128.3166,36.2272],[128.3166,36.2298],[128.3079,36.2273],[128.3,36.2185],[128.2932,36.219],[128.2833,36.2238],[128.2755,36.2212],[128.2755,36.2178],[128.2762,36.2167],[128.2837,36.2089],[128.2803,36.2029],[128.2769,36.2022],[128.2646,36.2045],[128.2587,36.2028],[128.2594,36.2017],[128.2624,36.1974],[128.2713,36.1956],[128.2697,36.1906],[128.273,36.1858],[128.2732,36.1723],[128.281,36.1727],[128.29,36.1703],[128.2924,36.1709],[128.3018,36.1736],[128.3031,36.1725],[128.313,36.1734],[128.3249,36.1777],[128.3274,36.1775],[128.3279,36.1774],[128.3279,36.1773],[128.3281,36.1774],[128.3283,36.1778],[128.3293,36.1797],[128.3287,36.1875],[128.3384,36.1909],[128.341,36.1993],[128.348,36.2016],[128.3606,36.202]]]},"properties":{"name":"고아초통학구역","office":"경상북도구미교육지원청"}},
{"type":"Feature","geometry":{"type":"Polygon","coordinates":[[[128.3288,36.1759],[128.328,36.1737],[128.3279,36.1732],[128.3283,36.1689],[128.3333,36.163],[128.335,36.163],[128.3352,36.1625],[128.3392,36.1614],[128.3398,36.1588],[128.34,36.1589],[128.34,36.1581],[128.3394,36.1495],[128.3503,36.1514],[128.3617,36.1501],[128.3607,36.154],[128.3637,36.1599],[128.3554,36.1622],[128.3557,36.1664],[128.3474,36.168],[128.3472,36.1679],[128.347,36.1677],[128.3465,36.1676],[128.3438,36.1668],[128.3426,36.1665],[128.3408,36.1667],[128.3397,36.1668],[128.3393,36.1668],[128.3375,36.1695],[128.3281,36.1732],[128.3288,36.1759]],[[128.3425,36.1521],[128.3426,36.1539],[128.3478,36.1532],[128.3457,36.1507],[128.3425,36.1521]]]},"properties":{"name":"구미문성초남계초구운초공동(일방)통학구역","office":"경상북도구미교육지원청"}},
{"type":"Feature","geometry":{"type":"Polygon","coordinates":[[[128.3458,36.1229],[128.3457,36.1229],[128.3429,36.1237],[128.3427,36.1207],[128.3451,36.1204],[128.3477,36.1224],[128.3458,36.1229]]]},"properties":{"name":"금오초송정초공동통학구역","office":"경상북도구미교육지원청"}},
{"type":"Feature","geometry":{"type":"Polygon","coordinates":[[[129.48,35.8535],[129.4752,35.8501],[129.4679,35.8512],[129.4552,35.8468],[129.4537,35.8424],[129.4548,35.8351],[129.4531,35.8256],[129.4623,35.8182],[129.4638,35.8082],[129.4614,35.8043],[129.4633,35.7994],[129.4596,35.7914],[129.4558,35.7907],[129.4536,35.7838],[129.466,35.7724],[129.4675,35.7598],[129.4787,35.7512],[129.4814,35.746],[129.4796,35.7438],[129.4829,35.7432],[129.4942,35.7523],[129.491,35.7548],[129.494,35.7611],[129.4942,35.777],[129.491,35.7843],[129.4915,35.7892],[129.5013,35.7937],[129.4991,35.7998],[129.5026,35.8013],[129.5035,35.8074],[129.5101,35.8117],[129.5133,35.8166],[129.5084,35.824],[129.5162,35.8357],[129.5177,35.8419],[129.5078,35.8383],[129.4988,35.8403],[129.4875,35.8455],[129.4803,35.8531],[129.4797,35.8527],[129.48,35.8535]]]},"properties":{"name":"감포초통학구역","office":"경상북도경주교육지원청"}},
{"type":"Feature","geometry":{"type":"Polygon","coordinates":[[[129.1632,35.8203],[129.1621,35.8208],[129.1619,35.8208],[129.1616,35.8209],[129.1583,35.8211],[129.1586,35.8209],[129.1607,35.8195],[129.1591,35.8194],[129.1591,35.8149],[129.1577,35.8125],[129.1573,35.8125],[129.1572,35.8125],[129.1571,35.8124],[129.1572,35.8124],[129.1622,35.7998],[129.1554,35.7862],[129.1504,35.7839],[129.1456,35.7747],[129.1336,35.7733],[129.1363,35.7682],[129.1341,35.7638],[129.1433,35.7592],[129.1508,35.7586],[129.1552,35.7606],[129.1723,35.7574],[129.1723,35.7677],[129.1825,35.7691],[129.1864,35.7751],[129.1895,35.7795],[129.1951,35.7802],[129.1968,35.782],[129.1996,35.7853],[129.2004,35.7867],[129.201,35.7874],[129.2011,35.7882],[129.2024,35.8018],[129.2027,35.8048],[129.203,35.8078],[129.2038,35.8105],[129.2039,35.8107],[129.2038,35.8108],[129.2019,35.8136],[129.1995,35.8171],[129.1992,35.8175],[129.1886,35.8119],[129.1714,35.8168],[129.1655,35.8195],[129.1632,35.8203]]]},"properties":{"name":"신라초통학구역","office":"경상북도경주교육지원청"}},
{"type":"Feature","geometry":{"type":"Polygon","coordinates":[[[129.5378,36.0283],[129.5375,36.0284],[129.5316,36.0309],[129.5244,36.0317],[129.5114,36.0405],[129.5052,36.0369],[129.503,36.0249],[129.4957,36.0229],[129.4887,36.0164],[129.4756,36.0135],[129.4566,36],[129.4561,35.9931],[129.45,35.991],[129.4309,35.9943],[129.4284,35.9906],[129.4292,35.9876],[129.4313,35.9861],[129.4286,35.9792],[129.4298,35.9797],[129.4296,35.9786],[129.4301,35.9766],[129.4315,35.9749],[129.4411,35.9681],[129.441,35.9596],[129.4473,35.9558],[129.4508,35.9555],[129.4565,35.9605],[129.457,35.9616],[129.4576,35.9605],[129.4586,35.9652],[129.4642,35.971],[129.4736,35.9757],[129.4823,35.9714],[129.4817,35.9663],[129.4847,35.9599],[129.4903,35.9566],[129.4914,35.952],[129.5007,35.9492],[129.5026,35.9401],[129.5067,35.94],[129.5075,35.9382],[129.5129,35.9447],[129.5161,35.9454],[129.5155,35.9476],[129.5177,35.9495],[129.5157,35.9533],[129.5087,35.9573],[129.5032,35.9666],[129.5022,35.9739],[129.5053,35.976],[129.5058,35.9825],[129.5027,35.9905],[129.5058,35.9985],[129.5229,36.014],[129.5326,36.0127],[129.5321,36.0232],[129.5377,36.0276],[129.5374,36.0278],[129.5378,36.0283]]]},"properties":{"name":"동해초통학구역","office":"경상북도포항교육지원청"}},
{"type":"Feature","geometry":{"type":"Polygon","coordinates":[[[128.3065,36.5657],[128.3027,36.566],[128.2983,36.5655],[128.2964,36.5649],[128.2959,36.5647],[128.2936,36.5591],[128.2969,36.5535],[128.2914,36.5516],[128.2858,36.5525],[128.265,36.552],[128.2621,36.5462],[128.2675,36.5372],[128.2677,36.5352],[128.2677,36.5351],[128.2686,36.5279],[128.2709,36.5192],[128.2666,36.5163],[128.2647,36.5107],[128.2662,36.4976],[128.2698,36.4902],[128.2663,36.4837],[128.262,36.477],[128.2674,36.4776],[128.2792,36.4718],[128.2806,36.4635],[128.2911,36.4618],[128.2996,36.4635],[128.3077,36.4562],[128.3135,36.4546],[128.3139,36.4525],[128.3138,36.4541],[128.3137,36.4547],[128.3117,36.461],[128.3086,36.4638],[128.3146,36.4708],[128.3205,36.4714],[128.3313,36.4855],[128.3387,36.4899],[128.336,36.4994],[128.3412,36.505],[128.3456,36.5141],[128.341,36.5243],[128.3475,36.5276],[128.3538,36.5271],[128.3583,36.5305],[128.358,36.5319],[128.3577,36.5334],[128.3576,36.534],[128.35,36.5377],[128.3459,36.5424],[128.337,36.5468],[128.3237,36.5476],[128.322,36.5481],[128.3212,36.5484],[128.3209,36.5485],[128.3187,36.5514],[128.318,36.5554],[128.317,36.5594],[128.3165,36.5604],[128.3151,36.5616],[128.3115,36.5632],[128.3091,36.5641],[128.3065,36.5657]]]},"properties":{"name":"풍양초통학구역","office":"경상북도예천교육지원청"}},
{"type":"Feature","geometry":{"type":"Polygon","coordinates":[[[128.2242,36.2303],[128.226,36.2314],[128.2316,36.2263],[128.235,36.2262],[128.2343,36.2269],[128.2353,36.2271],[128.2458,36.2258],[128.2557,36.2342],[128.2671,36.2344],[128.268,36.2365],[128.2624,36.2452],[128.2723,36.2496],[128.2698,36.258],[128.2736,36.2633],[128.2756,36.2681],[128.277,36.2692],[128.2742,36.272],[128.266,36.2726],[128.2638,36.2761],[128.2572,36.2771],[128.2556,36.2805],[128.2454,36.2864],[128.2366,36.2964],[128.2375,36.301],[128.2272,36.2988],[128.2228,36.295],[128.2135,36.3002],[128.2116,36.2998],[128.2123,36.3017],[128.2056,36.2987],[128.1988,36.2979],[128.1987,36.2979],[128.1965,36.2948],[128.2021,36.2898],[128.2016,36.2855],[128.2101,36.2832],[128.214,36.2762],[128.2228,36.2762],[128.2267,36.2782],[128.2353,36.2772],[128.2383,36.2731],[128.2416,36.2652],[128.2411,36.2618],[128.2358,36.2577],[128.2388,36.2509],[128.2378,36.2483],[128.2342,36.2463],[128.2291,36.2347],[128.2259,36.2315],[128.2242,36.2303]]]},"properties":{"name":"덕촌초통학구역","office":"경상북도구미교육지원청"}},
{"type":"Feature","geometry":{"type":"Polygon","coordinates":[[[128.2889,36.3472],[128.2821,36.3463],[128.2773,36.3501],[128.2789,36.3538],[128.2775,36.3576],[128.2769,36.3581],[128.27,36.3619],[128.2584,36.3625],[128.251,36.357],[128.2513,36.3513],[128.2466,36.3502],[128.2369,36.3352],[128.2326,36.333],[128.2309,36.3266],[128.2317,36.3194],[128.2287,36.3077],[128.2174,36.3059],[128.2136,36.3053],[128.2123,36.3017],[128.2116,36.2998],[128.2135,36.3002],[128.2228,36.295],[128.2272,36.2988],[128.2375,36.301],[128.2366,36.2964],[128.2454,36.2864],[128.2556,36.2805],[128.2572,36.2771],[128.2638,36.2761],[128.266,36.2726],[128.2742,36.272],[128.277,36.2692],[128.2785,36.2704],[128.2893,36.2731],[128.2946,36.2707],[128.2994,36.2752],[128.3042,36.2757],[128.3083,36.2855],[128.3139,36.2861],[128.3218,36.293],[128.3296,36.2925],[128.3245,36.2962],[128.3175,36.3008],[128.2927,36.3124],[128.2921,36.3128],[128.2899,36.3138],[128.2855,36.3171],[128.2836,36.3196],[128.2847,36.3319],[128.2878,36.3355],[128.289,36.3467],[128.2907,36.3474],[128.2889,36.3472]]]},"properties":{"name":"옥성초통학구역","office":"경상북도구미교육지원청"}},
{"type":"Feature","geometry":{"type":"Polygon","coordinates":[[[128.8087,36.0206],[128.8086,36.0209],[128.8081,36.0209],[128.8075,36.0206],[128.7975,36.0207],[128.7979,36.0144],[128.793,36.0113],[128.7872,36.0128],[128.7797,36.0101],[128.7755,36.0132],[128.764,36.0078],[128.7486,36.0064],[128.7403,35.9998],[128.7315,35.9976],[128.7347,35.9931],[128.74,35.9939],[128.7478,35.9909],[128.7487,35.9905],[128.7564,35.9902],[128.7653,35.9841],[128.772,35.9831],[128.7771,35.9855],[128.7886,35.9855],[128.8119,35.9734],[128.8114,35.9678],[128.813,35.9657],[128.8132,35.9655],[128.8221,35.9644],[128.8222,35.9644],[128.8231,35.9652],[128.8278,35.9639],[128.8365,35.9678],[128.8391,35.9645],[128.8394,35.9641],[128.8394,35.9647],[128.845,35.9691],[128.8369,35.9836],[128.8426,35.9849],[128.8549,35.9828],[128.8565,35.9862],[128.8565,35.9967],[128.8522,35.9977],[128.8528,36.0036],[128.8535,36.0034],[128.8532,36.0039],[128.8517,36.0073],[128.8467,36.011],[128.8401,36.0123],[128.8392,36.0121],[128.8396,36.0127],[128.8382,36.0119],[128.8354,36.0074],[128.834,36.0032],[128.8199,36.0037],[128.8129,36.007],[128.8132,36.0108],[128.8107,36.0155],[128.8087,36.0206]]]},"properties":{"name":"청통초통학구역","office":"경상북도영천교육지원청"}},
{"type":"Feature","geometry":{"type":"Polygon","coordinates":[[[128.9137,35.9507],[128.9121,35.952],[128.9073,35.952],[128.9061,35.955],[128.9049,35.9496],[128.9,35.9414],[128.8917,35.9394],[128.8887,35.9352],[128.8931,35.934],[128.8918,35.9257],[128.9094,35.917],[128.9109,35.9167],[128.9153,35.9164],[128.9161,35.9165],[128.9168,35.9167],[128.9234,35.9195],[128.9257,35.9209],[128.9268,35.9242],[128.9269,35.9246],[128.9233,35.9378],[128.9232,35.9457],[128.9189,35.9462],[128.9147,35.9509],[128.9137,35.9507]]]},"properties":{"name":"거여초통학구역","office":"경상북도영천교육지원청"}},
{"type":"Feature","geometry":{"type":"Polygon","coordinates":[[[129.1042,36.1167],[129.0981,36.1218],[129.0921,36.1203],[129.081,36.1176],[129.0779,36.1123],[129.0793,36.1109],[129.0768,36.1068],[129.0819,36.1027],[129.0722,36.0994],[129.0636,36.1012],[129.0484,36.1125],[129.0439,36.1179],[129.0365,36.1221],[129.0248,36.1247],[129.0118,36.1198],[129.0068,36.123],[129.0071,36.1241],[129.0064,36.1233],[129.0031,36.1201],[128.9972,36.1219],[128.9835,36.1147],[128.9761,36.1149],[128.9727,36.1111],[128.9769,36.1001],[128.9706,36.0878],[128.9645,36.0863],[128.9674,36.0753],[128.9727,36.0698],[128.9709,36.0614],[128.9679,36.0556],[128.9662,36.052],[128.9616,36.0499],[128.9605,36.0497],[128.9597,36.0499],[128.9594,36.0495],[128.9591,36.0489],[128.9589,36.0486],[128.9593,36.0474],[128.9597,36.0455],[128.9604,36.0441],[128.9722,36.0402],[128.9764,36.0361],[128.9788,36.0321],[128.9845,36.0303],[128.9916,36.0312],[128.9984,36.0382],[128.9979,36.0436],[129.0038,36.0436],[129.0096,36.0488],[129.0217,36.054],[129.0255,36.0589],[129.0373,36.06],[129.0421,36.0584],[129.0676,36.0573],[129.0754,36.055],[129.0849,36.0588],[129.0889,36.0649],[129.0947,36.0666],[129.1113,36.0775],[129.1128,36.0802],[129.1117,36.0798],[129.1121,36.082],[129.1051,36.0855],[129.094,36.0962],[129.0936,36.1042],[129.0995,36.1063],[129.1052,36.114],[129.1042,36.1167]]]},"properties":{"name":"평천초통학구역","office":"경상북도영천교육지원청"}},
{"type":"Feature","geometry":{"type":"Polygon","coordinates":[[[128.9684,35.8406],[128.9709,35.8379],[128.9717,35.8373],[128.9707,35.8367],[128.9712,35.8363],[128.9774,35.8327],[128.9775,35.8327],[128.9845,35.8338],[128.987,35.8345],[128.9873,35.8347],[128.9875,35.8372],[128.9911,35.8381],[128.9937,35.8404],[129.0043,35.8423],[129.0131,35.8445],[129.0134,35.8456],[129.014,35.8456],[129.0136,35.8461],[129.0131,35.8469],[129.0142,35.8471],[129.015,35.8488],[129.0156,35.85],[129.0188,35.8566],[129.0326,35.8707],[129.027,35.8893],[129.0261,35.9058],[129.035,35.9086],[129.0375,35.9125],[129.0457,35.9126],[129.0469,35.9184],[129.0548,35.9199],[129.0617,35.9309],[129.0582,35.933],[129.0622,35.938],[129.058,35.9398],[129.0544,35.9448],[129.0497,35.9463],[129.046,35.944],[129.042,35.9425],[129.033,35.9479],[129.0252,35.9486],[129.0176,35.9516],[129.007,35.9436],[129.0043,35.9421],[129.0017,35.9465],[128.999,35.9485],[128.9996,35.9475],[128.9985,35.948],[128.9895,35.9454],[128.9842,35.9397],[128.9862,35.9256],[128.982,35.9187],[128.9855,35.9141],[128.9846,35.9094],[128.9883,35.9056],[128.9893,35.8957],[128.987,35.8945],[128.9846,35.891],[128.9764,35.8894],[128.9722,35.8861],[128.9672,35.8846],[128.9654,35.8841],[128.9673,35.884],[128.9656,35.88],[128.9706,35.8742],[128.9692,35.8712],[128.9741,35.8587],[128.9689,35.8415],[128.9673,35.8418],[128.9684,35.8406]]]},"properties":{"name":"북안초통학구역","office":"경상북도영천교육지원청"}},
{"type":"Feature","geometry":{"type":"Polygon","coordinates":[[[128.0911,36.5349],[128.0896,36.5354],[128.0826,36.5386],[128.0829,36.546],[128.0756,36.5562],[128.0766,36.5583],[128.0748,36.5587],[128.0688,36.5583],[128.0676,36.561],[128.0669,36.5611],[128.0668,36.5612],[128.0662,36.5613],[128.0648,36.5614],[128.063,36.5613],[128.0624,36.561],[128.0581,36.5568],[128.056,36.5474],[128.0529,36.5462],[128.052,36.5459],[128.0481,36.5464],[128.0468,36.5465],[128.0446,36.5468],[128.0409,36.5482],[128.0405,36.5482],[128.0275,36.5474],[128.0165,36.544],[128.0047,36.5507],[127.9975,36.5498],[127.9956,36.5469],[127.9954,36.5466],[127.9947,36.5463],[127.992,36.545],[127.9912,36.5446],[127.9885,36.5448],[127.9851,36.5447],[127.9785,36.5433],[127.9806,36.5372],[127.9809,36.5362],[127.9807,36.5353],[127.9806,36.5351],[127.9806,36.5349],[127.9776,36.5331],[127.9809,36.529],[127.9811,36.528],[127.9812,36.5275],[127.9782,36.5198],[127.9798,36.5153],[127.9792,36.5142],[127.9789,36.5136],[127.9795,36.5138],[127.99,36.511],[128.0059,36.514],[128.0103,36.512],[128.0177,36.5149],[128.0241,36.5112],[128.0346,36.514],[128.0415,36.5107],[128.0506,36.5106],[128.0694,36.5145],[128.0751,36.5176],[128.0799,36.5097],[128.0885,36.5077],[128.0932,36.5052],[128.0942,36.5072],[128.094,36.5096],[128.0934,36.5129],[128.1013,36.5171],[128.1046,36.5215],[128.0988,36.5288],[128.0917,36.5334],[128.0928,36.5344],[128.0915,36.5348],[128.0911,36.5349]]]},"properties":{"name":"은척초통학구역","office":"경상북도상주교육지원청"}},
{"type":"Feature","geometry":{"type":"Polygon","coordinates":[[[128.1524,36.391],[128.1455,36.3944],[128.1443,36.3898],[128.1389,36.3845],[128.1376,36.3796],[128.1298,36.38],[128.1236,36.3754],[128.1196,36.3714],[128.1193,36.3711],[128.1195,36.3713],[128.1193,36.3711],[128.1277,36.368],[128.1295,36.3646],[128.1332,36.3605],[128.1428,36.3561],[128.1455,36.3478],[128.1551,36.3418],[128.1594,36.3354],[128.1695,36.3368],[128.1743,36.3331],[128.1747,36.3362],[128.1797,36.3383],[128.1871,36.3386],[128.189,36.3474],[128.1831,36.3532],[128.1837,36.3579],[128.1835,36.3594],[128.1833,36.3608],[128.175,36.3701],[128.1786,36.3788],[128.1704,36.3917],[128.1647,36.3919],[128.1617,36.3927],[128.1615,36.3926],[128.1612,36.3924],[128.1601,36.3916],[128.1593,36.3899],[128.1565,36.3862],[128.1565,36.3914],[128.1524,36.391]]]},"properties":{"name":"상주남부초통학구역","office":"경상북도상주교육지원청"}},
{"type":"Feature","geometry":{"type":"Polygon","coordinates":[[[128.609,36.4134],[128.6069,36.4113],[128.6058,36.4076],[128.6016,36.4077],[128.598,36.4089],[128.5952,36.4221],[128.5982,36.4316],[128.5878,36.4398],[128.5771,36.44],[128.57,36.4509],[128.5664,36.4524],[128.5603,36.4478],[128.5514,36.4386],[128.5458,36.4414],[128.5421,36.4391],[128.5319,36.4395],[128.5316,36.4395],[128.5313,36.4392],[128.5296,36.4371],[128.5328,36.4321],[128.532,36.4257],[128.5285,36.4228],[128.5147,36.4217],[128.5167,36.4158],[128.5142,36.4082],[128.5175,36.394],[128.5184,36.3871],[128.5284,36.3831],[128.5395,36.3851],[128.549,36.3745],[128.5496,36.3691],[128.5589,36.356],[128.5586,36.3519],[128.5626,36.3474],[128.5618,36.3433],[128.5665,36.3376],[128.569,36.335],[128.5724,36.3337],[128.5867,36.3312],[128.5916,36.3274],[128.6013,36.3321],[128.6057,36.3363],[128.6122,36.3351],[128.6201,36.3332],[128.624,36.3339],[128.6254,36.3337],[128.6264,36.3336],[128.628,36.3398],[128.6281,36.3399],[128.6297,36.3403],[128.6335,36.3396],[128.6423,36.3505],[128.6286,36.3573],[128.6202,36.3672],[128.6163,36.3672],[128.6155,36.3755],[128.6179,36.3846],[128.617,36.3921],[128.6186,36.4017],[128.6219,36.4092],[128.6114,36.413],[128.609,36.4134]]]},"properties":{"name":"안평초통학구역","office":"경상북도의성교육지원청"}},
{"type":"Feature","geometry":{"type":"Polygon","coordinates":[[[128.3606,36.202],[128.3622,36.2021],[128.3634,36.1987],[128.3638,36.1977],[128.3749,36.1856],[128.3805,36.1791],[128.3807,36.1789],[128.3811,36.1782],[128.383,36.175],[128.3832,36.1638],[128.3829,36.154],[128.3835,36.1638],[128.4032,36.1654],[128.4104,36.1673],[128.4178,36.166],[128.4211,36.1708],[128.4192,36.1736],[128.4248,36.1938],[128.4287,36.1952],[128.4305,36.2027],[128.4432,36.2069],[128.4424,36.217],[128.4378,36.2228],[128.434,36.2343],[128.4238,36.237],[128.4238,36.2422],[128.4177,36.2459],[128.4202,36.2521],[128.4162,36.2577],[128.4076,36.2573],[128.3998,36.2587],[128.3919,36.2637],[128.386,36.2627],[128.3765,36.2699],[128.3709,36.2714],[128.3647,36.2698],[128.361,36.2703],[128.3602,36.2745],[128.3409,36.2683],[128.3422,36.2725],[128.3407,36.2684],[128.3347,36.2541],[128.3346,36.2494],[128.3346,36.2492],[128.3398,36.2445],[128.3545,36.2261],[128.3546,36.2259],[128.3557,36.2264],[128.359,36.2224],[128.3642,36.2186],[128.3644,36.2182],[128.3647,36.2169],[128.3638,36.2119],[128.3637,36.2115],[128.3597,36.2074],[128.3606,36.202]]]},"properties":{"name":"해평초통학구역","office":"경상북도구미교육지원청"}},
{"type":"Feature","geometry":{"type":"Polygon","coordinates":[[[129.2103,36.4073],[129.204,36.4066],[129.203,36.4024],[129.1969,36.4007],[129.1936,36.3959],[129.1796,36.3865],[129.1624,36.3893],[129.1577,36.3844],[129.1567,36.3792],[129.1483,36.3776],[129.142,36.3788],[129.1304,36.3744],[129.1192,36.3669],[129.115,36.3661],[129.1022,36.3745],[129.0962,36.3767],[129.0861,36.3639],[129.0835,36.3524],[129.0844,36.3471],[129.0897,36.3441],[129.0988,36.3405],[129.0964,36.3347],[129.0956,36.3345],[129.0961,36.334],[129.0973,36.3327],[129.1098,36.3264],[129.1178,36.3276],[129.128,36.3331],[129.1342,36.3291],[129.1404,36.3281],[129.1505,36.3286],[129.1662,36.3346],[129.1694,36.3371],[129.1728,36.3368],[129.1747,36.3307],[129.1718,36.3284],[129.1764,36.3204],[129.1814,36.3167],[129.1755,36.3101],[129.1832,36.3002],[129.1975,36.3002],[129.2035,36.3027],[129.2081,36.301],[129.2151,36.3036],[129.2199,36.303],[129.2239,36.2999],[129.2243,36.2994],[129.2241,36.3],[129.2235,36.3019],[129.2313,36.3086],[129.2365,36.3166],[129.2408,36.3188],[129.2468,36.3179],[129.2518,36.3215],[129.2502,36.3244],[129.2538,36.3294],[129.2535,36.339],[129.2435,36.3461],[129.2285,36.3443],[129.2241,36.3466],[129.2208,36.3529],[129.2203,36.3587],[129.2165,36.3606],[129.2184,36.3692],[129.218,36.3719],[129.2183,36.3726],[129.2206,36.3748],[129.2278,36.3802],[129.2267,36.3837],[129.2201,36.3871],[129.2262,36.399],[129.2167,36.4037],[129.215,36.407],[129.2103,36.4073]]]},"properties":{"name":"이전초통학구역","office":"경상북도청송교육지원청"}},
{"type":"Feature","geometry":{"type":"Polygon","coordinates":[[[128.1696,36.2999],[128.1721,36.2991],[128.1797,36.3091],[128.1812,36.3224],[128.1752,36.3286],[128.1743,36.3331],[128.1695,36.3368],[128.1594,36.3354],[128.1551,36.3418],[128.1455,36.3478],[128.1428,36.3561],[128.1332,36.3605],[128.1295,36.3646],[128.1277,36.368],[128.1193,36.3711],[128.1195,36.3713],[128.1193,36.3711],[128.1167,36.3684],[128.1155,36.365],[128.1069,36.364],[128.1093,36.3586],[128.1031,36.3573],[128.1043,36.3522],[128.103,36.3412],[128.0988,36.332],[128.0906,36.326],[128.093,36.3132],[128.097,36.3078],[128.1038,36.3064],[128.1119,36.3114],[128.1186,36.3118],[128.1267,36.3096],[128.1324,36.3035],[128.1485,36.2979],[128.1525,36.2942],[128.1532,36.2936],[128.1588,36.2968],[128.1649,36.2971],[128.1696,36.2999]]]},"properties":{"name":"청리초통학구역","office":"경상북도상주교육지원청"}},
{"type":"Feature","geometry":{"type":"Polygon","coordinates":[[[129.2627,35.7381],[129.2583,35.7426],[129.2607,35.7492],[129.2576,35.7548],[129.2567,35.766],[129.253,35.7748],[129.2458,35.7705],[129.2349,35.7672],[129.2312,35.775],[129.2237,35.7817],[129.2232,35.7837],[129.2232,35.7829],[129.2229,35.7837],[129.2062,35.7798],[129.1969,35.7819],[129.1951,35.7802],[129.1895,35.7795],[129.1864,35.7751],[129.1825,35.7691],[129.1723,35.7677],[129.1723,35.7574],[129.1552,35.7606],[129.1508,35.7586],[129.1433,35.7592],[129.1341,35.7638],[129.1266,35.7566],[129.1136,35.7622],[129.1098,35.7597],[129.1092,35.7548],[129.1,35.752],[129.0906,35.7535],[129.0906,35.7549],[129.0902,35.7536],[129.0878,35.747],[129.0865,35.7414],[129.0904,35.7368],[129.0907,35.7278],[129.0868,35.7187],[129.09,35.7113],[129.0893,35.7075],[129.0903,35.7027],[129.1032,35.7064],[129.1157,35.7085],[129.1242,35.7083],[129.1262,35.7136],[129.1342,35.7121],[129.1395,35.7182],[129.1413,35.7241],[129.1461,35.7249],[129.154,35.722],[129.1603,35.7148],[129.1724,35.7139],[129.1784,35.7172],[129.1813,35.7238],[129.1866,35.7195],[129.1976,35.7158],[129.2086,35.7212],[129.218,35.7132],[129.2244,35.7096],[129.233,35.7076],[129.234,35.7039],[129.2414,35.7039],[129.2563,35.7008],[129.2623,35.7093],[129.2681,35.714],[129.2633,35.7218],[129.2658,35.7233],[129.2654,35.7256],[129.2638,35.7304],[129.2627,35.7381]]]},"properties":{"name":"내남초통학구역","office":"경상북도경주교육지원청"}},
{"type":"Feature","geometry":{"type":"Polygon","coordinates":[[[129.3978,36.1683],[129.3916,36.184],[129.3846,36.1838],[129.3765,36.1898],[129.3711,36.2009],[129.3722,36.2069],[129.3841,36.2122],[129.386,36.2175],[129.3795,36.2176],[129.3702,36.2137],[129.3634,36.209],[129.3513,36.2088],[129.3489,36.2086],[129.3545,36.2053],[129.3638,36.2033],[129.3601,36.1955],[129.3667,36.1834],[129.3577,36.1726],[129.3683,36.1714],[129.3738,36.1639],[129.3802,36.1626],[129.3846,36.1648],[129.3978,36.1683]]]},"properties":{"name":"월포초통학구역","office":"경상북도포항교육지원청"}},
{"type":"Feature","geometry":{"type":"Polygon","coordinates":[[[129.1958,35.8785],[129.1954,35.8782],[129.195,35.8791],[129.1948,35.8794],[129.1946,35.8794],[129.1896,35.8788],[129.1859,35.8788],[129.1832,35.8763],[129.1827,35.8722],[129.1837,35.8716],[129.1827,35.8712],[129.1863,35.8701],[129.2,35.8642],[129.2007,35.8699],[129.2018,35.874],[129.1958,35.8785]]]},"properties":{"name":"나원초현곡초공동통학구역","office":"경상북도경주교육지원청"}},
{"type":"Feature","geometry":{"type":"Polygon","coordinates":[[[128.5065,36.0244],[128.507,36.0261],[128.5081,36.0261],[128.5459,36.0269],[128.553,36.0355],[128.5518,36.0428],[128.5417,36.0479],[128.5421,36.0521],[128.542,36.0548],[128.5386,36.0573],[128.5321,36.0598],[128.526,36.0656],[128.5248,36.0662],[128.5227,36.067],[128.5218,36.0668],[128.5187,36.0681],[128.5143,36.0674],[128.5093,36.0641],[128.5088,36.0642],[128.5059,36.065],[128.5046,36.0654],[128.5041,36.0658],[128.4984,36.0666],[128.4869,36.0676],[128.4832,36.0603],[128.4807,36.0541],[128.4862,36.052],[128.4928,36.0456],[128.4942,36.0458],[128.4955,36.0462],[128.4961,36.046],[128.5007,36.0448],[128.5023,36.041],[128.502,36.0366],[128.4977,36.0328],[128.5046,36.0258],[128.5056,36.0251],[128.5065,36.0244]]]},"properties":{"name":"다부초통학구역","office":"경상북도칠곡교육지원청"}},
{"type":"Feature","geometry":{"type":"Polygon","coordinates":[[[129.2348,35.9543],[129.2348,35.9539],[129.2353,35.9523],[129.2399,35.9424],[129.2407,35.9364],[129.2344,35.9335],[129.2392,35.9292],[129.2377,35.9199],[129.2388,35.9195],[129.2384,35.9116],[129.2382,35.9116],[129.2379,35.9077],[129.2379,35.9072],[129.24,35.9077],[129.2445,35.9107],[129.2526,35.9157],[129.2563,35.9119],[129.2622,35.9114],[129.264,35.9164],[129.259,35.9224],[129.261,35.9296],[129.267,35.9348],[129.2754,35.9352],[129.2788,35.9387],[129.2736,35.9447],[129.2752,35.9456],[129.2736,35.9448],[129.2706,35.9435],[129.2687,35.9481],[129.263,35.9515],[129.262,35.9569],[129.2622,35.9589],[129.2626,35.9589],[129.2637,35.963],[129.2611,35.9715],[129.2521,35.9753],[129.2527,35.98],[129.2478,35.9821],[129.2474,35.9859],[129.2465,35.9857],[129.243,35.9835],[129.2419,35.9828],[129.2432,35.983],[129.2407,35.9796],[129.2428,35.9785],[129.2384,35.9734],[129.2383,35.9733],[129.2383,35.9732],[129.2374,35.9645],[129.235,35.9594],[129.2348,35.9543]]]},"properties":{"name":"모아초통학구역","office":"경상북도경주교육지원청"}},
{"type":"Feature","geometry":{"type":"Polygon","coordinates":[[[128.3312,36.0904],[128.3319,36.0922],[128.3301,36.0944],[128.33,36.0967],[128.3257,36.0995],[128.322,36.1079],[128.323,36.1183],[128.334,36.1205],[128.3349,36.1192],[128.3347,36.1197],[128.335,36.1193],[128.3366,36.1203],[128.3385,36.1203],[128.3427,36.1205],[128.3451,36.1204],[128.3427,36.1207],[128.3429,36.1237],[128.3457,36.1229],[128.3236,36.1322],[128.3297,36.1296],[128.3215,36.1267],[128.3157,36.1222],[128.3083,36.1234],[128.3052,36.1256],[128.3061,36.1245],[128.3048,36.1252],[128.2966,36.1228],[128.2927,36.1191],[128.2938,36.1141],[128.293,36.1078],[128.2924,36.0943],[128.2918,36.0938],[128.2912,36.0932],[128.2892,36.0911],[128.2965,36.0889],[128.3014,36.0885],[128.3028,36.0887],[128.3039,36.0875],[128.3052,36.0879],[128.311,36.0897],[128.3169,36.0899],[128.3241,36.0907],[128.3306,36.0914],[128.3312,36.0903],[128.3312,36.0904]]]},"properties":{"name":"금오초통학구역","office":"경상북도구미교육지원청"}},
{"type":"Feature","geometry":{"type":"Polygon","coordinates":[[[128.3425,36.1521],[128.3457,36.1507],[128.3478,36.1532],[128.3426,36.1539],[128.3425,36.1521]]]},"properties":{"name":"지산초구미문성초공동통학구역","office":"경상북도구미교육지원청"}},
{"type":"Feature","geometry":{"type":"Polygon","coordinates":[[[128.3352,36.1625],[128.3371,36.1572],[128.3398,36.1588],[128.3392,36.1614],[128.3352,36.1625]]]},"properties":{"name":"원호초구미문성초공동통학구역","office":"경상북도구미교육지원청"}},
{"type":"Feature","geometry":{"type":"Polygon","coordinates":[[[128.4762,35.9282],[128.4733,35.9232],[128.4728,35.9144],[128.4654,35.9086],[128.4678,35.9002],[128.4753,35.8945],[128.4889,35.8979],[128.4947,35.8908],[128.5039,35.8895],[128.5058,35.8967],[128.5051,35.9028],[128.5101,35.9099],[128.5169,35.9118],[128.5295,35.9236],[128.5353,35.9384],[128.5325,35.9505],[128.5348,35.9584],[128.5305,35.962],[128.5271,35.9752],[128.524,35.9752],[128.5222,35.9734],[128.5226,35.9648],[128.5213,35.9543],[128.5163,35.95],[128.507,35.9486],[128.5033,35.9453],[128.5038,35.9365],[128.5107,35.9311],[128.5048,35.9287],[128.4985,35.9305],[128.4971,35.9254],[128.4924,35.9249],[128.489,35.9267],[128.4886,35.9248],[128.4798,35.9283],[128.4762,35.9282]]]},"properties":{"name":"지천초통학구역","office":"경상북도칠곡교육지원청"}},
{"type":"Feature","geometry":{"type":"Polygon","coordinates":[[[129.1906,35.9564],[129.1862,35.9535],[129.1822,35.9448],[129.1848,35.9421],[129.1797,35.9323],[129.1788,35.9263],[129.1779,35.9251],[129.1797,35.925],[129.1798,35.9249],[129.1825,35.9233],[129.1836,35.9226],[129.1839,35.9223],[129.1877,35.9174],[129.1929,35.9138],[129.1939,35.9113],[129.1942,35.9103],[129.194,35.9113],[129.1977,35.9137],[129.1986,35.9139],[129.2027,35.9137],[129.2091,35.9132],[129.222,35.9069],[129.2217,35.9052],[129.2274,35.9046],[129.231,35.9079],[129.235,35.9086],[129.2364,35.9118],[129.2382,35.9116],[129.2384,35.9116],[129.2388,35.9195],[129.2377,35.9199],[129.2392,35.9292],[129.2344,35.9335],[129.2407,35.9364],[129.2399,35.9424],[129.2353,35.9523],[129.2348,35.9539],[129.2348,35.9543],[129.2348,35.9541],[129.2347,35.9543],[129.2103,35.9521],[129.1971,35.9576],[129.1906,35.9564]]]},"properties":{"name":"사방초통학구역","office":"경상북도경주교육지원청"}},
{"type":"Feature","geometry":{"type":"Polygon","coordinates":[[[128.1523,35.9665],[128.1504,35.967],[128.1529,35.9689],[128.1509,35.9758],[128.1558,35.979],[128.1577,35.9874],[128.1679,35.9891],[128.1708,35.9966],[128.1662,35.9995],[128.169,36.0112],[128.1734,36.0142],[128.168,36.0195],[128.1652,36.0307],[128.164,36.032],[128.1568,36.0352],[128.1504,36.0337],[128.146,36.0276],[128.1421,36.0264],[128.1337,36.0279],[128.1301,36.0301],[128.1266,36.0329],[128.1233,36.0387],[128.1231,36.0397],[128.1237,36.0434],[128.1175,36.0472],[128.1135,36.0575],[128.1132,36.0601],[128.1134,36.063],[128.1143,36.0657],[128.1162,36.0699],[128.1194,36.0767],[128.1199,36.0779],[128.1196,36.0779],[128.1182,36.0777],[128.1127,36.0838],[128.1034,36.0792],[128.0937,36.0741],[128.0939,36.0714],[128.0925,36.0688],[128.093,36.0667],[128.0972,36.0631],[128.0958,36.0567],[128.0907,36.0537],[128.0905,36.047],[128.0861,36.0395],[128.0824,36.0405],[128.0821,36.0368],[128.0773,36.0323],[128.0783,36.0312],[128.0738,36.0184],[128.0741,36.0023],[128.0782,35.9907],[128.0829,35.9898],[128.0828,35.9839],[128.0775,35.9782],[128.0891,35.9683],[128.094,35.9699],[128.0949,35.9697],[128.0988,35.969],[128.1007,35.9686],[128.1015,35.9682],[128.1072,35.9652],[128.1088,35.9634],[128.1108,35.9646],[128.1113,35.9645],[128.1126,35.9641],[128.1127,35.9641],[128.1182,35.9593],[128.1235,35.9622],[128.1315,35.96],[128.148,35.965],[128.1523,35.9665]]]},"properties":{"name":"조마초통학구역","office":"경상북도김천교육지원청"}},
{"type":"Feature","geometry":{"type":"Polygon","coordinates":[[[129.0452,36.3128],[129.0465,36.3131],[129.0454,36.3138],[129.0409,36.3279],[129.0339,36.3337],[129.0311,36.3483],[129.0353,36.355],[129.0371,36.3596],[129.0438,36.3633],[129.0428,36.3673],[129.0318,36.3751],[129.033,36.3798],[129.0271,36.3845],[129.0267,36.3879],[129.0257,36.3911],[129.025,36.3929],[129.0165,36.3931],[129.0001,36.3984],[128.9918,36.3985],[128.9835,36.4041],[128.9818,36.4044],[128.9753,36.3929],[128.9761,36.3899],[128.9696,36.3826],[128.9703,36.3797],[128.9671,36.377],[128.9649,36.3694],[128.9615,36.367],[128.9662,36.3611],[128.9629,36.3514],[128.9661,36.3462],[128.9622,36.3388],[128.9509,36.3359],[128.9479,36.329],[128.9345,36.3195],[128.933,36.3085],[128.9316,36.3064],[128.9304,36.3057],[128.9321,36.3056],[128.9358,36.3001],[128.9368,36.2934],[128.9292,36.2915],[128.9166,36.2798],[128.9114,36.2783],[128.9069,36.2706],[128.9157,36.2637],[128.9179,36.2562],[128.9226,36.2554],[128.9257,36.2491],[128.9203,36.2402],[128.9184,36.232],[128.9207,36.2276],[128.9249,36.2199],[128.9267,36.2178],[128.9313,36.2188],[128.942,36.222],[128.9477,36.2309],[128.9562,36.234],[128.9589,36.2383],[128.9756,36.2376],[128.9894,36.233],[128.9944,36.2344],[128.9964,36.2368],[128.9969,36.2374],[128.9971,36.2388],[128.9973,36.2396],[128.9974,36.2402],[128.996,36.2411],[128.9884,36.2461],[128.9881,36.2505],[128.9974,36.2588],[128.9923,36.2699],[128.9941,36.2721],[128.9909,36.2834],[128.997,36.2889],[128.9944,36.2932],[129.0019,36.3003],[129.0037,36.3057],[129.0015,36.3122],[129.003,36.3163],[129.013,36.3148],[129.0247,36.3176],[129.0318,36.3175],[129.0428,36.3122],[129.0452,36.3128]]]},"properties":{"name":"안덕초통학구역","office":"경상북도청송교육지원청"}},
{"type":"Feature","geometry":{"type":"Polygon","coordinates":[[[128.1936,35.8707],[128.1941,35.8717],[128.1953,35.8739],[128.1981,35.8786],[128.1992,35.882],[128.2099,35.8852],[128.2153,35.8885],[128.2197,35.887],[128.231,35.8843],[128.2338,35.8818],[128.2339,35.8817],[128.2433,35.8835],[128.2461,35.8862],[128.2422,35.8922],[128.2501,35.9003],[128.2482,35.9051],[128.2515,35.9099],[128.2515,35.9167],[128.2608,35.9259],[128.2596,35.9263],[128.2609,35.9272],[128.2516,35.9289],[128.245,35.9306],[128.245,35.9303],[128.244,35.9308],[128.2406,35.9295],[128.2357,35.9263],[128.2343,35.9233],[128.2345,35.919],[128.2288,35.9179],[128.226,35.9217],[128.2267,35.9272],[128.2204,35.9343],[128.2137,35.9347],[128.2104,35.9294],[128.1961,35.9306],[128.192,35.9282],[128.1859,35.9339],[128.1849,35.9404],[128.1789,35.9465],[128.1738,35.9435],[128.1684,35.9447],[128.1657,35.9489],[128.1658,35.9498],[128.1658,35.9494],[128.1658,35.9498],[128.1587,35.9455],[128.1611,35.9403],[128.1617,35.9272],[128.1563,35.92],[128.1578,35.916],[128.1632,35.9129],[128.1697,35.8965],[128.1755,35.8933],[128.176,35.8862],[128.1738,35.8811],[128.173,35.8808],[128.1742,35.8797],[128.18,35.8749],[128.1862,35.8735],[128.194,35.8717],[128.1936,35.8707]]]},"properties":{"name":"대가초통학구역","office":"경상북도성주교육지원청"}},
{"type":"Feature","geometry":{"type":"Polygon","coordinates":[[[129.243,35.9835],[129.2465,35.9857],[129.2474,35.9859],[129.2478,35.9821],[129.2527,35.98],[129.2521,35.9753],[129.2611,35.9715],[129.2637,35.963],[129.2626,35.9589],[129.2718,35.9595],[129.2718,35.9601],[129.2673,35.9619],[129.2712,35.9657],[129.2789,35.9697],[129.278,35.9749],[129.2732,35.9819],[129.2693,35.9808],[129.2652,35.9811],[129.2689,35.9833],[129.2688,35.9917],[129.2703,36.0016],[129.2707,36.0073],[129.2722,36.0194],[129.2752,36.0204],[129.2785,36.0248],[129.2794,36.0326],[129.2793,36.0345],[129.2792,36.0351],[129.2788,36.0346],[129.2655,36.043],[129.2577,36.0389],[129.255,36.0307],[129.2589,36.0229],[129.2627,36.0209],[129.2669,36.0121],[129.2589,36.0075],[129.25,36.0103],[129.248,36.018],[129.2407,36.0184],[129.2391,36.0156],[129.2389,36.0124],[129.2375,36.0075],[129.2339,36.0082],[129.2338,36.0074],[129.2338,36.0036],[129.2366,35.9977],[129.2434,35.9982],[129.2459,35.9939],[129.2466,35.9919],[129.2405,35.9898],[129.2395,35.9825],[129.243,35.9835]]]},"properties":{"name":"양동초통학구역","office":"경상북도경주교육지원청"}},
{"type":"Feature","geometry":{"type":"Polygon","coordinates":[[[129.3303,35.6934],[129.3303,35.6937],[129.3304,35.6942],[129.3294,35.6959],[129.3266,35.6969],[129.3184,35.6903],[129.3074,35.6854],[129.2909,35.6954],[129.2887,35.6955],[129.2863,35.6956],[129.2826,35.6984],[129.2724,35.6965],[129.2714,35.6918],[129.2625,35.6916],[129.2597,35.6723],[129.2547,35.6664],[129.2555,35.6605],[129.2599,35.6549],[129.2698,35.6511],[129.2749,35.6531],[129.2829,35.6517],[129.2964,35.6434],[129.3029,35.6478],[129.3043,35.657],[129.3111,35.6605],[129.3149,35.6582],[129.3278,35.6588],[129.3325,35.6665],[129.3305,35.6702],[129.3208,35.6792],[129.3207,35.6822],[129.3208,35.6827],[129.3214,35.684],[129.3226,35.6858],[129.3235,35.6867],[129.3271,35.6897],[129.3295,35.6917],[129.33,35.6921],[129.3302,35.6929],[129.3303,35.6934]]]},"properties":{"name":"석계초통학구역","office":"경상북도경주교육지원청"}},
{"type":"Feature","geometry":{"type":"Polygon","coordinates":[[[129.3774,36.0682],[129.3761,36.0681],[129.3736,36.071],[129.3738,36.0681],[129.3761,36.0637],[129.3767,36.0644],[129.3765,36.0636],[129.3773,36.065],[129.3774,36.0682]]]},"properties":{"name":"장성초통학구역","office":"경상북도포항교육지원청"}},
{"type":"Feature","geometry":{"type":"Polygon","coordinates":[[[128.3336,36.1489],[128.3362,36.1497],[128.3394,36.1495],[128.34,36.1581],[128.34,36.1589],[128.3398,36.1588],[128.3371,36.1572],[128.3352,36.1625],[128.335,36.163],[128.3333,36.163],[128.3283,36.1689],[128.3279,36.1732],[128.328,36.1737],[128.3288,36.1759],[128.3279,36.1773],[128.3279,36.1774],[128.3274,36.1775],[128.3249,36.1777],[128.313,36.1734],[128.3031,36.1725],[128.3018,36.1736],[128.303,36.1724],[128.3089,36.1647],[128.3145,36.164],[128.3195,36.154],[128.3257,36.1519],[128.3279,36.1495],[128.328,36.1494],[128.3308,36.1493],[128.3309,36.1493],[128.3308,36.1495],[128.3298,36.1518],[128.3319,36.1526],[128.334,36.1518],[128.3344,36.1501],[128.3336,36.1489]]]},"properties":{"name":"원호초남계초구운초공동(일방)통학구역","office":"경상북도구미교육지원청"}},
{"type":"Feature","geometry":{"type":"Polygon","coordinates":[[[127.9173,36.598],[127.92,36.5999],[127.9188,36.6087],[127.9118,36.6145],[127.9089,36.6255],[127.9022,36.6276],[127.8969,36.6263],[127.8891,36.6289],[127.8887,36.6396],[127.882,36.6464],[127.8799,36.6566],[127.8739,36.655],[127.8701,36.6455],[127.8635,36.6407],[127.8613,36.6356],[127.8506,36.6313],[127.8478,36.6249],[127.8512,36.6184],[127.8606,36.6174],[127.8653,36.6158],[127.8789,36.6062],[127.8794,36.6058],[127.8838,36.6009],[127.8844,36.5915],[127.8947,36.5947],[127.9057,36.5954],[127.9173,36.598]]]},"properties":{"name":"화북초입석분교장통학구역","office":"경상북도상주교육지원청"}},
{"type":"Feature","geometry":{"type":"Polygon","coordinates":[[[128.2328,36.1905],[128.2421,36.1977],[128.2423,36.1978],[128.2401,36.1993],[128.2376,36.1999],[128.2342,36.2033],[128.2354,36.2132],[128.2334,36.2183],[128.2365,36.2247],[128.235,36.2262],[128.2316,36.2263],[128.226,36.2314],[128.2242,36.2303],[128.2183,36.23],[128.2147,36.236],[128.2017,36.24],[128.1968,36.2447],[128.1884,36.244],[128.1723,36.2456],[128.1676,36.2536],[128.1595,36.2578],[128.1564,36.2565],[128.1439,36.257],[128.1411,36.2583],[128.1392,36.2606],[128.1388,36.2587],[128.1357,36.2544],[128.1311,36.2512],[128.1206,36.2532],[128.1214,36.2462],[128.1087,36.2372],[128.1086,36.2361],[128.1081,36.2369],[128.1085,36.2344],[128.1193,36.2169],[128.1177,36.2115],[128.1218,36.2085],[128.1313,36.2058],[128.1416,36.1923],[128.149,36.187],[128.1559,36.1892],[128.1571,36.182],[128.1583,36.1795],[128.1776,36.182],[128.1772,36.1846],[128.1733,36.1877],[128.1829,36.1971],[128.1922,36.1977],[128.1949,36.1964],[128.2001,36.1924],[128.2134,36.193],[128.2188,36.1971],[128.2273,36.1877],[128.2328,36.1905]]]},"properties":{"name":"위량초통학구역","office":"경상북도김천교육지원청"}},
{"type":"Feature","geometry":{"type":"Polygon","coordinates":[[[128.7964,36.7814],[128.799,36.7819],[128.8105,36.7848],[128.8133,36.7882],[128.8122,36.7955],[128.8067,36.801],[128.8045,36.8135],[128.8089,36.8166],[128.8057,36.8213],[128.803,36.8232],[128.7997,36.8224],[128.7943,36.8146],[128.7861,36.8124],[128.7815,36.8073],[128.7672,36.8032],[128.763,36.802],[128.7632,36.8063],[128.7586,36.8101],[128.7544,36.8071],[128.7483,36.8093],[128.7431,36.7976],[128.7382,36.799],[128.7343,36.7991],[128.7323,36.7918],[128.7283,36.7901],[128.7233,36.8001],[128.7214,36.801],[128.7185,36.7992],[128.7157,36.7972],[128.713,36.7947],[128.714,36.7919],[128.7117,36.7898],[128.7118,36.7898],[128.719,36.7744],[128.72,36.7659],[128.7225,36.7658],[128.7237,36.7678],[128.727,36.7714],[128.7312,36.7753],[128.7307,36.7759],[128.7331,36.779],[128.7368,36.784],[128.7377,36.7833],[128.7464,36.7858],[128.7495,36.7872],[128.7549,36.7808],[128.7652,36.7804],[128.7704,36.7839],[128.7733,36.7912],[128.7781,36.7884],[128.7925,36.7947],[128.7948,36.7912],[128.7963,36.7818],[128.7971,36.7818],[128.7964,36.7814]]]},"properties":{"name":"녹전초원천분교장통학구역","office":"경상북도안동교육지원청"}},
{"type":"Feature","geometry":{"type":"Polygon","coordinates":[[[128.745,36.2761],[128.7465,36.2779],[128.7486,36.2804],[128.7488,36.2827],[128.7366,36.2871],[128.729,36.2898],[128.7263,36.2998],[128.7257,36.3065],[128.7191,36.3098],[128.716,36.3049],[128.7059,36.3057],[128.6968,36.3008],[128.6826,36.3025],[128.6784,36.3072],[128.6713,36.3066],[128.6698,36.3065],[128.6692,36.3046],[128.6612,36.2973],[128.6621,36.2931],[128.6517,36.2803],[128.6401,36.2779],[128.6351,36.2633],[128.6406,36.2575],[128.6388,36.2477],[128.6395,36.2413],[128.6331,36.2387],[128.6367,36.2331],[128.6343,36.2137],[128.6394,36.2075],[128.6487,36.2181],[128.653,36.2171],[128.6598,36.2214],[128.6646,36.219],[128.6694,36.2094],[128.6827,36.2153],[128.6902,36.2122],[128.7012,36.2126],[128.7063,36.2146],[128.71,36.2217],[128.7047,36.2286],[128.7021,36.2368],[128.711,36.2383],[128.716,36.2418],[128.7206,36.2514],[128.7299,36.26],[128.7367,36.262],[128.7417,36.2672],[128.7421,36.2674],[128.7443,36.2679],[128.745,36.2761]]]},"properties":{"name":"금성초통학구역","office":"경상북도의성교육지원청"}},
{"type":"Feature","geometry":{"type":"Polygon","coordinates":[[[128.9939,36.5034],[128.9937,36.4986],[128.9829,36.4863],[128.9754,36.4836],[128.975,36.483],[128.974,36.479],[128.9812,36.4758],[128.9787,36.4714],[128.9853,36.4647],[128.9803,36.4641],[128.9745,36.4675],[128.9679,36.4621],[128.9693,36.4523],[128.9775,36.4455],[128.9732,36.4392],[128.973,36.4317],[128.9783,36.4215],[128.9832,36.4154],[128.9838,36.4046],[128.9828,36.4045],[128.9835,36.4041],[128.9918,36.3985],[129.0001,36.3984],[129.0165,36.3931],[129.025,36.3929],[129.0258,36.3911],[129.0323,36.3979],[129.0358,36.4071],[129.0359,36.4279],[129.038,36.428],[129.0398,36.4404],[129.0512,36.4456],[129.0585,36.4448],[129.0627,36.446],[129.0601,36.4564],[129.0591,36.4553],[129.0555,36.4609],[129.0484,36.4688],[129.0552,36.4765],[129.0622,36.477],[129.0622,36.4811],[129.0682,36.4862],[129.0667,36.494],[129.0697,36.503],[129.0657,36.508],[129.0668,36.5143],[129.0594,36.5109],[129.0515,36.5149],[129.0493,36.5068],[129.0348,36.5049],[129.0235,36.5097],[129.014,36.5098],[129.0154,36.5033],[129.0042,36.5015],[129.0001,36.5063],[128.9957,36.5051],[128.9939,36.5034]]]},"properties":{"name":"파천초통학구역","office":"경상북도청송교육지원청"}},
{"type":"Feature","geometry":{"type":"Polygon","coordinates":[[[128.8268,35.7388],[128.8286,35.7337],[128.8368,35.7264],[128.8367,35.7223],[128.8459,35.7149],[128.8578,35.7169],[128.8641,35.7175],[128.8662,35.7131],[128.8699,35.7014],[128.869,35.6986],[128.8696,35.6951],[128.8789,35.6875],[128.8798,35.6809],[128.8859,35.6723],[128.8893,35.6577],[128.8813,35.6518],[128.8778,35.6437],[128.881,35.6413],[128.8792,35.6359],[128.8848,35.634],[128.8872,35.6291],[128.9017,35.6332],[128.9151,35.6406],[128.9292,35.6368],[128.9411,35.6351],[128.9512,35.6302],[128.9536,35.6252],[128.9613,35.6206],[128.9609,35.6156],[128.9728,35.6134],[128.9826,35.6087],[128.9867,35.6091],[128.9971,35.615],[129.0061,35.6235],[129.018,35.6296],[129.0207,35.635],[129.0266,35.6364],[129.0364,35.6322],[129.0433,35.641],[129.0469,35.6505],[129.0432,35.6559],[129.042,35.6626],[129.0352,35.6753],[129.0387,35.6899],[129.0374,35.695],[129.0218,35.6889],[129.0071,35.6946],[129.004,35.6993],[129.0022,35.7075],[128.9973,35.7111],[128.9976,35.7173],[128.9915,35.7192],[128.9866,35.727],[128.9798,35.7311],[128.9781,35.7358],[128.9729,35.7374],[128.9756,35.7497],[128.9707,35.7547],[128.9747,35.7717],[128.9817,35.7736],[128.9902,35.7727],[128.998,35.7808],[128.9942,35.7843],[128.9948,35.7937],[128.9903,35.7999],[128.9971,35.8064],[129.0033,35.8168],[129.0042,35.8229],[129.0081,35.8262],[129.0089,35.8325],[129.0143,35.835],[129.017,35.8453],[129.0136,35.8461],[129.014,35.8456],[129.0134,35.8456],[129.0131,35.8445],[129.0043,35.8423],[128.9937,35.8404],[128.9911,35.8381],[128.9875,35.8372],[128.9873,35.8347],[128.987,35.8345],[128.9845,35.8338],[128.9775,35.8327],[128.9774,35.8327],[128.9712,35.8363],[128.9707,35.8367],[128.97,35.8363],[128.9654,35.8347],[128.9595,35.8257],[128.954,35.8119],[128.9569,35.8053],[128.9515,35.8008],[128.9499,35.7934],[128.9449,35.7889],[128.9459,35.7824],[128.9397,35.7746],[128.94,35.7717],[128.9314,35.7596],[128.925,35.7608],[128.9163,35.7576],[128.9042,35.7486],[128.9015,35.7536],[128.898,35.7622],[128.8925,35.7554],[128.8861,35.751],[128.8761,35.748],[128.8704,35.7522],[128.8662,35.7582],[128.8587,35.7571],[128.8568,35.7572],[128.8549,35.7568],[128.8548,35.7541],[128.8567,35.7529],[128.8584,35.7479],[128.8582,35.7472],[128.8561,35.7447],[128.85,35.7413],[128.845,35.7414],[128.8343,35.7456],[128.8317,35.7406],[128.8268,35.7388]]]},"properties":{"name":"금천초통학구역","office":"경상북도청도교육지원청"}},
{"type":"Feature","geometry":{"type":"Polygon","coordinates":[[[128.7993,35.746],[128.7974,35.7438],[128.7894,35.7437],[128.7893,35.7436],[128.7869,35.7394],[128.7855,35.7326],[128.7782,35.7312],[128.7733,35.727],[128.7737,35.7228],[128.7661,35.7188],[128.7657,35.7184],[128.7646,35.7173],[128.7643,35.717],[128.7639,35.7125],[128.7635,35.7086],[128.7656,35.7014],[128.7799,35.6961],[128.7847,35.6963],[128.7919,35.681],[128.7976,35.6806],[128.8061,35.6766],[128.8065,35.6688],[128.8069,35.6618],[128.8015,35.6603],[128.798,35.6484],[128.7906,35.6493],[128.7833,35.6475],[128.7817,35.6382],[128.7759,35.632],[128.779,35.6249],[128.7832,35.623],[128.7906,35.6086],[128.7863,35.6035],[128.7855,35.5989],[128.7862,35.5988],[128.7907,35.5979],[128.8001,35.5858],[128.8026,35.5891],[128.8096,35.589],[128.8238,35.5961],[128.8336,35.5974],[128.8426,35.589],[128.8541,35.5972],[128.8594,35.6062],[128.8648,35.609],[128.8681,35.6161],[128.8739,35.6216],[128.8754,35.6323],[128.8792,35.6359],[128.881,35.6413],[128.8778,35.6437],[128.8813,35.6518],[128.8893,35.6577],[128.8859,35.6723],[128.8798,35.6809],[128.8789,35.6875],[128.8696,35.6951],[128.869,35.6986],[128.8699,35.7014],[128.8662,35.7131],[128.8641,35.7175],[128.8578,35.7169],[128.8459,35.7149],[128.8367,35.7223],[128.8368,35.7264],[128.8286,35.7337],[128.8268,35.7388],[128.8156,35.7431],[128.81,35.7403],[128.8009,35.7458],[128.7991,35.7448],[128.7993,35.746]]]},"properties":{"name":"동산초통학구역","office":"경상북도청도교육지원청"}},
{"type":"Feature","geometry":{"type":"Polygon","coordinates":[[[128.8222,35.9644],[128.8221,35.9644],[128.8132,35.9655],[128.813,35.9657],[128.8114,35.9678],[128.8119,35.9734],[128.7886,35.9855],[128.7771,35.9855],[128.772,35.9831],[128.7653,35.9841],[128.7564,35.9902],[128.7487,35.9905],[128.7478,35.9909],[128.74,35.9939],[128.7347,35.9931],[128.731,35.9854],[128.7388,35.9768],[128.7462,35.9729],[128.743,35.9599],[128.738,35.9559],[128.7416,35.9505],[128.7432,35.9491],[128.7453,35.9473],[128.7645,35.9441],[128.7724,35.9451],[128.776,35.9419],[128.7864,35.9446],[128.7919,35.9486],[128.793,35.9491],[128.793,35.9479],[128.7963,35.9508],[128.8028,35.9513],[128.8055,35.9546],[128.8137,35.9574],[128.8222,35.9644]]]},"properties":{"name":"대동초통학구역","office":"경상북도경산교육지원청"}},
{"type":"Feature","geometry":{"type":"Polygon","coordinates":[[[128.7207,36.5652],[128.717,36.5636],[128.7079,36.5645],[128.7076,36.5631],[128.7073,36.5616],[128.7039,36.5596],[128.701,36.559],[128.6985,36.5588],[128.701,36.5588],[128.701,36.5551],[128.6987,36.5544],[128.7,36.5505],[128.7012,36.5513],[128.7029,36.5525],[128.7031,36.5526],[128.7037,36.5527],[128.7063,36.5534],[128.7168,36.5547],[128.7207,36.5589],[128.7207,36.5652]]]},"properties":{"name":"영가초통학구역","office":"경상북도안동교육지원청"}},
{"type":"Feature","geometry":{"type":"Polygon","coordinates":[[[128.4142,36.157],[128.417,36.1552],[128.4184,36.1536],[128.4206,36.1529],[128.4198,36.1536],[128.4212,36.1536],[128.4253,36.1647],[128.4349,36.1653],[128.4426,36.1657],[128.4464,36.1583],[128.4514,36.1579],[128.4563,36.1553],[128.4564,36.1553],[128.457,36.155],[128.4579,36.1553],[128.4658,36.1579],[128.4675,36.1567],[128.4724,36.1583],[128.4752,36.16],[128.4771,36.1627],[128.4733,36.1715],[128.4751,36.176],[128.4823,36.1801],[128.4882,36.1798],[128.4993,36.1756],[128.5021,36.1768],[128.5022,36.1806],[128.5022,36.1812],[128.5028,36.1818],[128.5034,36.1832],[128.503,36.1846],[128.5018,36.1861],[128.5018,36.1905],[128.4989,36.196],[128.4944,36.1978],[128.4921,36.2121],[128.4879,36.2147],[128.4894,36.2198],[128.4851,36.2243],[128.4845,36.2334],[128.4784,36.2347],[128.4716,36.2292],[128.4674,36.2303],[128.4509,36.2217],[128.4439,36.2212],[128.4424,36.217],[128.4432,36.2069],[128.4305,36.2027],[128.4287,36.1952],[128.4248,36.1938],[128.4192,36.1736],[128.4211,36.1708],[128.4178,36.166],[128.4104,36.1673],[128.4032,36.1654],[128.3835,36.1638],[128.3829,36.154],[128.3807,36.1484],[128.4028,36.1528],[128.4062,36.1517],[128.4116,36.1572],[128.4142,36.157]]]},"properties":{"name":"산동초통학구역","office":"경상북도구미교육지원청"}},
{"type":"Feature","geometry":{"type":"Polygon","coordinates":[[[128.3899,36.0792],[128.3901,36.0801],[128.3911,36.0837],[128.3955,36.091],[128.3982,36.0922],[128.3947,36.1163],[128.3917,36.1211],[128.3872,36.1243],[128.3866,36.1237],[128.3856,36.1226],[128.3855,36.1154],[128.3718,36.1153],[128.3718,36.1175],[128.3599,36.1178],[128.359,36.1195],[128.3585,36.1202],[128.3585,36.1194],[128.3583,36.1169],[128.3567,36.1118],[128.3591,36.1035],[128.3591,36.1034],[128.3591,36.1032],[128.3591,36.103],[128.3624,36.0979],[128.3621,36.0946],[128.362,36.0939],[128.3615,36.0899],[128.3616,36.0899],[128.3616,36.0898],[128.3709,36.0894],[128.378,36.0818],[128.3794,36.0766],[128.3821,36.0744],[128.3823,36.0745],[128.39,36.0801],[128.3899,36.0792]]]},"properties":{"name":"광평초통학구역","office":"경상북도구미교육지원청"}},
{"type":"Feature","geometry":{"type":"Polygon","coordinates":[[[128.8317,36.8998],[128.8306,36.9],[128.8285,36.8995],[128.8241,36.8985],[128.817,36.9033],[128.8176,36.9045],[128.8154,36.9072],[128.8152,36.9071],[128.8075,36.903],[128.7981,36.9003],[128.7847,36.9052],[128.784,36.8983],[128.78,36.8962],[128.7705,36.8933],[128.77,36.8922],[128.7697,36.8933],[128.7688,36.8893],[128.7761,36.8854],[128.7767,36.8853],[128.7763,36.8851],[128.7772,36.8852],[128.7813,36.8827],[128.7848,36.8707],[128.7818,36.8706],[128.7791,36.8672],[128.7787,36.8666],[128.7859,36.8602],[128.7916,36.8666],[128.7917,36.8666],[128.7977,36.8642],[128.7985,36.8524],[128.8032,36.8507],[128.8135,36.8423],[128.8184,36.8473],[128.8239,36.8477],[128.8258,36.8472],[128.8266,36.8494],[128.8233,36.8529],[128.8122,36.8608],[128.822,36.8614],[128.8247,36.8671],[128.8317,36.8641],[128.8366,36.8634],[128.8396,36.865],[128.8475,36.8671],[128.8446,36.8707],[128.8495,36.8769],[128.8497,36.8778],[128.8494,36.8789],[128.8472,36.8818],[128.8309,36.8892],[128.8326,36.8916],[128.8344,36.8919],[128.8355,36.893],[128.8361,36.8935],[128.8354,36.8942],[128.8352,36.8944],[128.8364,36.8962],[128.8378,36.899],[128.8377,36.899],[128.8371,36.8993],[128.8335,36.8993],[128.8322,36.8995],[128.8317,36.8998]]]},"properties":{"name":"봉성초통학구역","office":"경상북도봉화교육지원청"}},
{"type":"Feature","geometry":{"type":"Polygon","coordinates":[[[128.0244,36.4717],[128.0246,36.471],[128.0248,36.4693],[128.0326,36.4595],[128.0459,36.4615],[128.0495,36.4605],[128.049,36.4577],[128.0479,36.453],[128.0463,36.4498],[128.0453,36.4477],[128.0445,36.446],[128.0457,36.4483],[128.0497,36.4489],[128.0651,36.4407],[128.0757,36.4502],[128.0782,36.4527],[128.0857,36.4521],[128.0889,36.4457],[128.0966,36.4393],[128.1012,36.4424],[128.105,36.4499],[128.1159,36.4437],[128.1242,36.4479],[128.1305,36.445],[128.136,36.446],[128.1404,36.448],[128.1404,36.4491],[128.1408,36.4482],[128.1403,36.4507],[128.142,36.455],[128.1523,36.4579],[128.154,36.4581],[128.1535,36.4632],[128.1563,36.4704],[128.1463,36.4723],[128.147,36.4802],[128.1448,36.4848],[128.1415,36.4882],[128.1271,36.4788],[128.1245,36.4816],[128.1115,36.4825],[128.1105,36.4866],[128.108,36.5036],[128.1029,36.5074],[128.0942,36.5096],[128.0942,36.5072],[128.0932,36.5052],[128.0885,36.5077],[128.0799,36.5097],[128.0751,36.5176],[128.0694,36.5145],[128.0506,36.5106],[128.0415,36.5107],[128.0346,36.514],[128.0241,36.5112],[128.0177,36.5149],[128.0103,36.512],[128.0059,36.514],[127.99,36.511],[127.9795,36.5138],[127.9789,36.5136],[127.9792,36.5142],[127.9769,36.513],[127.9671,36.5173],[127.9647,36.5136],[127.956,36.5187],[127.9584,36.5231],[127.9528,36.5231],[127.9491,36.524],[127.9479,36.522],[127.9484,36.5149],[127.9509,36.5105],[127.9583,36.5119],[127.9655,36.5087],[127.974,36.5087],[127.9775,36.5038],[127.9776,36.49],[127.9885,36.4808],[127.9956,36.4833],[128.0009,36.4815],[128.009,36.4832],[128.0204,36.4792],[128.0239,36.4738],[128.0248,36.4717],[128.0244,36.4717]]]},"properties":{"name":"외서초통학구역","office":"경상북도상주교육지원청"}},
{"type":"Feature","geometry":{"type":"Polygon","coordinates":[[[128.8806,36.296],[128.8796,36.2963],[128.8778,36.287],[128.8773,36.2741],[128.8662,36.2749],[128.8627,36.268],[128.8521,36.2665],[128.8477,36.2635],[128.8489,36.2625],[128.8475,36.2627],[128.8505,36.2613],[128.8566,36.2546],[128.8718,36.2564],[128.8822,36.2527],[128.8842,36.2429],[128.8791,36.236],[128.8689,36.2321],[128.8806,36.2259],[128.8831,36.2186],[128.8959,36.2132],[128.8954,36.2043],[128.8867,36.2015],[128.8832,36.1984],[128.8842,36.1853],[128.8903,36.182],[128.8909,36.1762],[128.895,36.1732],[128.8973,36.1767],[128.9146,36.1798],[128.9196,36.1846],[128.93,36.1811],[128.9373,36.1794],[128.9499,36.169],[128.9627,36.1665],[128.969,36.1613],[128.9738,36.1618],[128.9784,36.1662],[128.9842,36.1679],[128.9895,36.1681],[128.9906,36.1752],[129.0012,36.1796],[129.0036,36.1875],[129.0003,36.19],[129.0016,36.2018],[128.9958,36.2052],[128.9949,36.211],[128.9906,36.2176],[128.9917,36.2239],[128.9869,36.2262],[128.9894,36.233],[128.9756,36.2376],[128.9589,36.2383],[128.9562,36.234],[128.9477,36.2309],[128.942,36.222],[128.9313,36.2188],[128.9267,36.2178],[128.9249,36.2199],[128.9207,36.2276],[128.9184,36.232],[128.9203,36.2402],[128.9257,36.2491],[128.9226,36.2554],[128.9179,36.2562],[128.9157,36.2637],[128.9069,36.2706],[128.9114,36.2783],[128.9166,36.2798],[128.9292,36.2915],[128.9368,36.2934],[128.9358,36.3001],[128.9321,36.3056],[128.9304,36.3057],[128.9316,36.3064],[128.9287,36.3058],[128.9283,36.3067],[128.9183,36.3047],[128.9127,36.2983],[128.8984,36.2957],[128.8895,36.2974],[128.8806,36.296]]]},"properties":{"name":"화목초통학구역","office":"경상북도청송교육지원청"}},
{"type":"Feature","geometry":{"type":"Polygon","coordinates":[[[128.47,36.0265],[128.4645,36.0283],[128.4612,36.028],[128.454,36.0273],[128.4517,36.0214],[128.4366,36.0204],[128.4333,36.0231],[128.4309,36.0202],[128.4307,36.0175],[128.4239,35.9927],[128.4191,35.9915],[128.418,35.9911],[128.4181,35.9892],[128.4238,35.9894],[128.4241,35.9874],[128.416,35.9835],[128.4132,35.9826],[128.4152,35.9824],[128.4133,35.9814],[128.4118,35.9792],[128.4114,35.977],[128.4133,35.9766],[128.4171,35.976],[128.4189,35.9752],[128.419,35.9753],[128.421,35.9784],[128.4258,35.9763],[128.4315,35.977],[128.4381,35.9731],[128.439,35.9771],[128.4432,35.98],[128.459,35.9801],[128.4668,35.9844],[128.4654,35.9907],[128.4662,35.9991],[128.4694,36.0005],[128.4722,36.0164],[128.4738,36.019],[128.4699,36.0262],[128.4705,36.0264],[128.47,36.0265]]]},"properties":{"name":"매원초통학구역","office":"경상북도칠곡교육지원청"}},
{"type":"Feature","geometry":{"type":"Polygon","coordinates":[[[128.8397,35.9348],[128.839,35.9331],[128.8399,35.9308],[128.8347,35.9216],[128.8345,35.9219],[128.8346,35.9216],[128.8391,35.9202],[128.8414,35.918],[128.837,35.9118],[128.8407,35.9095],[128.8412,35.9094],[128.8407,35.9094],[128.8418,35.9092],[128.8423,35.9092],[128.8518,35.9074],[128.8533,35.9085],[128.8564,35.9114],[128.8526,35.9199],[128.857,35.9243],[128.8618,35.9288],[128.8598,35.9407],[128.8595,35.9521],[128.8594,35.9537],[128.8588,35.9542],[128.857,35.9552],[128.8552,35.9544],[128.8551,35.9544],[128.8547,35.9542],[128.8488,35.953],[128.8459,35.9446],[128.8397,35.9415],[128.8403,35.9377],[128.8397,35.9348]]]},"properties":{"name":"계당초통학구역","office":"경상북도경산교육지원청"}},
{"type":"Feature","geometry":{"type":"Polygon","coordinates":[[[130.8641,37.498],[130.8672,37.498],[130.8673,37.4979],[130.8753,37.4943],[130.8801,37.4915],[130.893,37.4917],[130.9015,37.4908],[130.9089,37.4885],[130.9131,37.4884],[130.9102,37.496],[130.9154,37.5007],[130.9138,37.5076],[130.9181,37.5132],[130.9107,37.521],[130.9077,37.5296],[130.9036,37.5223],[130.894,37.5213],[130.885,37.5167],[130.8832,37.5076],[130.8744,37.5059],[130.873,37.5015],[130.8671,37.4985],[130.867,37.4985],[130.8641,37.498]]]},"properties":{"name":"저동초통학구역","office":"경상북도울릉교육지원청"}},
{"type":"Feature","geometry":{"type":"Polygon","coordinates":[[[128.1244,36.0951],[128.1253,36.1008],[128.1398,36.1019],[128.1432,36.1049],[128.1471,36.0981],[128.1476,36.0972],[128.1477,36.0984],[128.1556,36.099],[128.1581,36.1118],[128.162,36.1145],[128.1633,36.1218],[128.1582,36.1243],[128.1569,36.1284],[128.1589,36.133],[128.1649,36.1396],[128.163,36.1399],[128.1648,36.1407],[128.163,36.14],[128.156,36.1375],[128.1548,36.137],[128.1533,36.1365],[128.145,36.1325],[128.1424,36.1313],[128.1332,36.1268],[128.1317,36.1249],[128.1289,36.1165],[128.1279,36.1169],[128.1241,36.1122],[128.1248,36.1008],[128.1244,36.0951]]]},"properties":{"name":"김천동부초개령초위량초조마초감천초봉계초직지초개령서부초대룡초아천초공동(일방)통학구역","office":"경상북도김천교육지원청"}},
{"type":"Feature","geometry":{"type":"Polygon","coordinates":[[[128.1182,36.1291],[128.1175,36.1344],[128.1201,36.1341],[128.1211,36.134],[128.1228,36.1338],[128.1231,36.1338],[128.1272,36.1397],[128.1315,36.1374],[128.1282,36.14],[128.137,36.1386],[128.1369,36.1354],[128.1401,36.1313],[128.1424,36.1313],[128.145,36.1325],[128.1533,36.1365],[128.1548,36.137],[128.1546,36.1404],[128.1524,36.1385],[128.1509,36.1413],[128.1462,36.1424],[128.1435,36.1464],[128.1461,36.1503],[128.1387,36.1563],[128.1361,36.1562],[128.1356,36.1562],[128.1352,36.1573],[128.1273,36.1574],[128.1229,36.1604],[128.1164,36.1585],[128.1105,36.1531],[128.1105,36.1528],[128.1103,36.153],[128.1104,36.1525],[128.1106,36.1523],[128.1071,36.1319],[128.111,36.1322],[128.1111,36.1321],[128.1112,36.1321],[128.1157,36.1295],[128.1182,36.1291]]]},"properties":{"name":"김천신일초개령초위량초조마초감천초봉계초직지초개령서부초대룡초아천초공동(일방)통학구역","office":"경상북도김천교육지원청"}},
{"type":"Feature","geometry":{"type":"Polygon","coordinates":[[[128.7366,36.8441],[128.739,36.849],[128.733,36.8541],[128.7418,36.8608],[128.7526,36.8618],[128.7572,36.8724],[128.7555,36.8767],[128.7538,36.877],[128.7554,36.8778],[128.7474,36.8781],[128.7504,36.887],[128.7405,36.8904],[128.7306,36.8907],[128.7216,36.8904],[128.7146,36.8902],[128.7078,36.8865],[128.7068,36.8861],[128.7062,36.8784],[128.7084,36.8753],[128.7118,36.8728],[128.7195,36.8736],[128.7203,36.8677],[128.7233,36.8669],[128.7275,36.8642],[128.7242,36.8611],[128.7264,36.8548],[128.7321,36.8468],[128.7366,36.8441]]]},"properties":{"name":"내성초물야초봉성초동양초공동(일방)통학구역","office":"경상북도봉화교육지원청"}},
{"type":"Feature","geometry":{"type":"Polygon","coordinates":[[[128.7078,36.8865],[128.7146,36.8902],[128.7216,36.8904],[128.7306,36.8907],[128.7405,36.8904],[128.7504,36.887],[128.7474,36.8781],[128.7554,36.8778],[128.7582,36.8791],[128.7667,36.8796],[128.7705,36.8787],[128.7716,36.8793],[128.771,36.8808],[128.7729,36.8839],[128.7744,36.8838],[128.7763,36.8851],[128.7767,36.8853],[128.7761,36.8854],[128.7688,36.8893],[128.7697,36.8933],[128.7688,36.8957],[128.7694,36.8973],[128.7627,36.8997],[128.7653,36.9081],[128.7683,36.9161],[128.7643,36.9201],[128.7629,36.9228],[128.7591,36.9249],[128.7527,36.9258],[128.745,36.9179],[128.7367,36.9139],[128.7367,36.9091],[128.7299,36.9071],[128.7307,36.9102],[128.7237,36.9144],[128.7192,36.9094],[128.7103,36.9191],[128.7104,36.9239],[128.7063,36.9265],[128.7064,36.9277],[128.7054,36.932],[128.6974,36.9346],[128.6938,36.9314],[128.6959,36.9249],[128.6919,36.9212],[128.6921,36.9206],[128.6952,36.9157],[128.6988,36.9126],[128.7004,36.9099],[128.7033,36.9044],[128.704,36.8928],[128.7077,36.89],[128.7067,36.8873],[128.7077,36.8866],[128.7078,36.8865]]]},"properties":{"name":"봉화초통학구역","office":"경상북도봉화교육지원청"}},
{"type":"Feature","geometry":{"type":"Polygon","coordinates":[[[128.7791,36.8672],[128.7818,36.8706],[128.7848,36.8707],[128.7813,36.8827],[128.7772,36.8852],[128.7763,36.8851],[128.7744,36.8838],[128.7729,36.8839],[128.771,36.8808],[128.7716,36.8793],[128.7705,36.8787],[128.7715,36.8785],[128.7712,36.8697],[128.7733,36.8675],[128.779,36.8673],[128.7789,36.867],[128.7791,36.8672]]]},"properties":{"name":"봉화초상운초공동통학구역","office":"경상북도봉화교육지원청"}},
{"type":"Feature","geometry":{"type":"Polygon","coordinates":[[[128.0951,36.1163],[128.0995,36.1165],[128.0983,36.1238],[128.1006,36.13],[128.092,36.1282],[128.0903,36.1272],[128.0902,36.1269],[128.0902,36.1264],[128.0901,36.1259],[128.0897,36.1255],[128.0902,36.1256],[128.089,36.1246],[128.0884,36.1205],[128.0886,36.1201],[128.0899,36.1188],[128.0951,36.1163]]]},"properties":{"name":"김천부곡초개령초위량초조마초감천초봉계초직지초개령서부초대룡초아천초공동(일방)통학구역","office":"경상북도김천교육지원청"}},
{"type":"Feature","geometry":{"type":"Polygon","coordinates":[[[128.1231,36.1338],[128.1228,36.1338],[128.1211,36.134],[128.1201,36.1341],[128.1175,36.1344],[128.1182,36.1291],[128.1203,36.1297],[128.123,36.1301],[128.1256,36.1295],[128.1287,36.1295],[128.1252,36.1331],[128.1232,36.1338],[128.1231,36.1338]]]},"properties":{"name":"김천동신초개령초개령서부초위량초아천초봉계초직지초대룡초감천초조마초공동(일방)통학구역","office":"경상북도김천교육지원청"}},
{"type":"Feature","geometry":{"type":"Polygon","coordinates":[[[128.1757,36.1479],[128.1713,36.1438],[128.171,36.1435],[128.1721,36.1389],[128.1753,36.1361],[128.1766,36.1284],[128.1806,36.1287],[128.1814,36.1198],[128.1843,36.117],[128.1836,36.1182],[128.1847,36.1173],[128.1876,36.1173],[128.1877,36.1194],[128.1877,36.1213],[128.1877,36.1242],[128.186,36.1323],[128.1956,36.1342],[128.1995,36.1397],[128.1986,36.1403],[128.1997,36.1401],[128.1945,36.1428],[128.1879,36.1455],[128.1867,36.1518],[128.1871,36.1555],[128.1875,36.1568],[128.1866,36.1577],[128.1794,36.1521],[128.1757,36.1479]]]},"properties":{"name":"율곡초개령초위량초조마초감천초봉계초직지초개령서부초대룡초아천초공동(일방)통학구역","office":"경상북도김천교육지원청"}},
{"type":"Feature","geometry":{"type":"Polygon","coordinates":[[[128.1885,36.0312],[128.1957,36.0339],[128.1936,36.045],[128.206,36.0451],[128.2124,36.0473],[128.2128,36.0483],[128.2192,36.0526],[128.223,36.0554],[128.2252,36.0585],[128.2327,36.0628],[128.2277,36.0688],[128.2283,36.0726],[128.2207,36.0744],[128.2193,36.0797],[128.2112,36.0834],[128.2081,36.0877],[128.2087,36.0934],[128.2048,36.0983],[128.1957,36.1015],[128.1863,36.1068],[128.1814,36.1101],[128.1781,36.1151],[128.1866,36.1132],[128.1843,36.117],[128.1814,36.1198],[128.1806,36.1287],[128.1766,36.1284],[128.1753,36.1361],[128.1721,36.1389],[128.171,36.1435],[128.17,36.143],[128.1648,36.1407],[128.163,36.1399],[128.1649,36.1396],[128.1589,36.133],[128.1569,36.1284],[128.1582,36.1243],[128.1633,36.1218],[128.162,36.1145],[128.1581,36.1118],[128.1556,36.099],[128.1477,36.0984],[128.1476,36.0972],[128.1471,36.0981],[128.1475,36.0957],[128.1493,36.0837],[128.1488,36.0763],[128.1528,36.0701],[128.1627,36.0608],[128.1669,36.0554],[128.1684,36.0553],[128.1726,36.0456],[128.1705,36.0367],[128.1693,36.0357],[128.1699,36.036],[128.1694,36.0355],[128.1739,36.033],[128.1757,36.0322],[128.1784,36.0314],[128.1813,36.032],[128.1885,36.0312]]]},"properties":{"name":"농소초개령초위량초조마초감천초봉계초직지초개령서부초대룡초아천초공동(일방)통학구역","office":"경상북도김천교육지원청"}},
{"type":"Feature","geometry":{"type":"Polygon","coordinates":[[[128.287,36.0845],[128.2892,36.0911],[128.2912,36.0932],[128.2918,36.0938],[128.2834,36.0988],[128.2756,36.1035],[128.2696,36.0977],[128.2631,36.1048],[128.2623,36.1113],[128.2543,36.1173],[128.2564,36.1223],[128.2507,36.1315],[128.2463,36.1339],[128.2382,36.135],[128.2266,36.1413],[128.2261,36.1416],[128.2222,36.1417],[128.2212,36.1468],[128.2211,36.1468],[128.2212,36.1469],[128.2162,36.1491],[128.2048,36.1426],[128.2008,36.1398],[128.201,36.14],[128.1997,36.1401],[128.1986,36.1403],[128.1995,36.1397],[128.1956,36.1342],[128.186,36.1323],[128.1877,36.1242],[128.1877,36.1213],[128.1912,36.1194],[128.1877,36.1194],[128.1876,36.1173],[128.1847,36.1173],[128.1836,36.1182],[128.1843,36.117],[128.1866,36.1132],[128.1781,36.1151],[128.1814,36.1101],[128.1863,36.1068],[128.1957,36.1015],[128.2048,36.0983],[128.2087,36.0934],[128.2081,36.0877],[128.2112,36.0834],[128.2193,36.0797],[128.2207,36.0744],[128.2283,36.0726],[128.2277,36.0688],[128.2327,36.0628],[128.2252,36.0585],[128.223,36.0554],[128.2221,36.0543],[128.2234,36.055],[128.2262,36.0536],[128.2305,36.0537],[128.2309,36.0537],[128.2396,36.049],[128.2491,36.0482],[128.2566,36.0518],[128.261,36.0485],[128.2699,36.0486],[128.2833,36.0468],[128.2888,36.0431],[128.2892,36.0418],[128.2896,36.0428],[128.2936,36.0501],[128.2994,36.0512],[128.2999,36.0583],[128.3007,36.0628],[128.3006,36.0629],[128.3006,36.0631],[128.2963,36.0668],[128.2881,36.0747],[128.287,36.0845]]]},"properties":{"name":"운곡초개령초위량초조마초감천초봉계초직지초개령서부초대룡초아천초공동(일방)통학구역","office":"경상북도김천교육지원청"}},
{"type":"Feature","geometry":{"type":"Polygon","coordinates":[[[129.0601,36.4564],[129.0627,36.446],[129.0585,36.4448],[129.0512,36.4456],[129.0398,36.4404],[129.038,36.428],[129.0359,36.4279],[129.0358,36.4071],[129.0323,36.3979],[129.0258,36.3911],[129.025,36.3929],[129.0257,36.3911],[129.0267,36.3879],[129.0271,36.3845],[129.033,36.3798],[129.0318,36.3751],[129.0428,36.3673],[129.0438,36.3633],[129.0371,36.3596],[129.0353,36.355],[129.0311,36.3483],[129.0339,36.3337],[129.0409,36.3279],[129.0454,36.3138],[129.0465,36.3131],[129.0452,36.3128],[129.0503,36.3109],[129.0609,36.3065],[129.0625,36.308],[129.0625,36.3098],[129.0639,36.3107],[129.0672,36.3129],[129.0672,36.3183],[129.071,36.3232],[129.0845,36.3303],[129.0876,36.3341],[129.087,36.3351],[129.0803,36.3385],[129.0745,36.3504],[129.0673,36.3531],[129.0678,36.3594],[129.0685,36.3596],[129.0733,36.3641],[129.0715,36.3653],[129.062,36.3646],[129.0529,36.3665],[129.0483,36.3672],[129.0525,36.3733],[129.061,36.3718],[129.0676,36.3749],[129.0763,36.3717],[129.0816,36.3755],[129.0933,36.3799],[129.1009,36.3795],[129.1066,36.3875],[129.113,36.3913],[129.1151,36.3961],[129.1264,36.4009],[129.1342,36.4015],[129.1367,36.4057],[129.1465,36.4097],[129.1521,36.4093],[129.1596,36.4146],[129.162,36.4191],[129.17,36.4236],[129.1836,36.4279],[129.1867,36.4269],[129.1872,36.428],[129.186,36.4293],[129.1719,36.4345],[129.1683,36.4422],[129.1691,36.4465],[129.161,36.4538],[129.1563,36.4501],[129.1395,36.4516],[129.1344,36.4551],[129.11,36.4579],[129.1049,36.4627],[129.0924,36.4639],[129.0881,36.46],[129.0787,36.4666],[129.0689,36.4665],[129.0678,36.4651],[129.0638,36.4603],[129.0607,36.4571],[129.0601,36.4564]]]},"properties":{"name":"청송초통학구역","office":"경상북도청송교육지원청"}},
{"type":"Feature","geometry":{"type":"Polygon","coordinates":[[[128.6625,36.5485],[128.6721,36.543],[128.6824,36.539],[128.6885,36.5352],[128.6924,36.524],[128.6976,36.518],[128.6947,36.5134],[128.7008,36.5072],[128.7019,36.5006],[128.7015,36.4995],[128.7008,36.4991],[128.7002,36.4988],[128.6996,36.4985],[128.6984,36.4985],[128.6959,36.498],[128.6952,36.4971],[128.695,36.4967],[128.6952,36.4919],[128.6955,36.4867],[128.6963,36.485],[128.6972,36.4843],[128.7024,36.4833],[128.71,36.4768],[128.7112,36.4774],[128.7109,36.4762],[128.7137,36.4787],[128.7188,36.4824],[128.728,36.4764],[128.7343,36.4781],[128.7473,36.4889],[128.7476,36.4901],[128.7483,36.4892],[128.7482,36.4931],[128.7463,36.5059],[128.7435,36.513],[128.7485,36.5243],[128.7491,36.5336],[128.7517,36.5358],[128.7638,36.5363],[128.7676,36.5431],[128.7634,36.5457],[128.7629,36.5458],[128.7601,36.5465],[128.7529,36.5505],[128.7525,36.5507],[128.75,36.5523],[128.7367,36.5583],[128.749,36.5659],[128.7367,36.5583],[128.7362,36.5581],[128.7357,36.5578],[128.735,36.5575],[128.725,36.5558],[128.7168,36.5546],[128.7063,36.5532],[128.7037,36.5527],[128.7031,36.5526],[128.7029,36.5525],[128.7012,36.5513],[128.7,36.5505],[128.693,36.5457],[128.6909,36.5447],[128.6856,36.5442],[128.6795,36.55],[128.6812,36.5556],[128.6757,36.5597],[128.6713,36.5609],[128.6719,36.5621],[128.6713,36.5609],[128.6688,36.5567],[128.6687,36.5568],[128.6653,36.55],[128.6625,36.5485]]]},"properties":{"name":"안동강남초남후초남선초길안초송천초안동동부초공동(일방)통학구역","office":"경상북도안동교육지원청"}},
{"type":"Feature","geometry":{"type":"Polygon","coordinates":[[[128.749,36.5659],[128.7367,36.5583],[128.75,36.5523],[128.7525,36.5507],[128.7572,36.5555],[128.7551,36.5568],[128.7584,36.5573],[128.7738,36.5564],[128.7788,36.5573],[128.7847,36.5594],[128.7873,36.5645],[128.7829,36.5689],[128.7824,36.5701],[128.7811,36.5702],[128.7798,36.5702],[128.7749,36.5706],[128.7619,36.5682],[128.7541,36.5703],[128.749,36.5659]]]},"properties":{"name":"안동용상초남선초길안초와룡초공동(일방)통학구역","office":"경상북도안동교육지원청"}},
{"type":"Feature","geometry":{"type":"Polygon","coordinates":[[[129.1867,36.4269],[129.1836,36.4279],[129.17,36.4236],[129.162,36.4191],[129.1596,36.4146],[129.1521,36.4093],[129.1465,36.4097],[129.1367,36.4057],[129.1342,36.4015],[129.1264,36.4009],[129.1151,36.3961],[129.113,36.3913],[129.1066,36.3875],[129.1009,36.3795],[129.0933,36.3799],[129.0816,36.3755],[129.0763,36.3717],[129.0676,36.3749],[129.061,36.3718],[129.0525,36.3733],[129.0483,36.3672],[129.0529,36.3665],[129.062,36.3646],[129.0715,36.3653],[129.0733,36.3641],[129.0685,36.3596],[129.0678,36.3594],[129.0673,36.3531],[129.0745,36.3504],[129.0803,36.3385],[129.087,36.3351],[129.0876,36.3341],[129.0937,36.3341],[129.0961,36.334],[129.0956,36.3345],[129.0964,36.3347],[129.0988,36.3405],[129.0897,36.3441],[129.0844,36.3471],[129.0835,36.3524],[129.0861,36.3639],[129.0962,36.3767],[129.1022,36.3745],[129.115,36.3661],[129.1192,36.3669],[129.1304,36.3744],[129.142,36.3788],[129.1483,36.3776],[129.1567,36.3792],[129.1577,36.3844],[129.1624,36.3893],[129.1796,36.3865],[129.1936,36.3959],[129.1969,36.4007],[129.203,36.4024],[129.204,36.4066],[129.2103,36.4073],[129.212,36.4074],[129.2103,36.4077],[129.2116,36.4139],[129.2091,36.421],[129.1984,36.4303],[129.1881,36.4265],[129.1867,36.4269]]]},"properties":{"name":"청송초이전초공동통학구역","office":"경상북도청송교육지원청"}},
{"type":"Feature","geometry":{"type":"Polygon","coordinates":[[[128.0715,36.6053],[128.0788,36.6074],[128.0837,36.6094],[128.0921,36.6084],[128.1016,36.6087],[128.1053,36.6066],[128.1123,36.6109],[128.1124,36.6189],[128.1157,36.621],[128.1069,36.626],[128.1121,36.6317],[128.1154,36.6342],[128.1154,36.6343],[128.1156,36.6344],[128.1155,36.6346],[128.1146,36.6363],[128.1131,36.6391],[128.1151,36.6444],[128.1158,36.6444],[128.1152,36.6446],[128.1099,36.6473],[128.1166,36.6536],[128.1124,36.6613],[128.1071,36.6639],[128.1074,36.6746],[128.1083,36.6778],[128.0987,36.6787],[128.0949,36.6762],[128.0968,36.6713],[128.0896,36.669],[128.0899,36.6785],[128.0834,36.6805],[128.0828,36.7005],[128.0777,36.7061],[128.071,36.7084],[128.0587,36.709],[128.049,36.708],[128.0319,36.7188],[128.0209,36.7219],[128.0148,36.7302],[128.0065,36.7254],[128.0019,36.7173],[127.9868,36.7175],[127.9803,36.7201],[127.9731,36.7262],[127.9707,36.7309],[127.957,36.7356],[127.9536,36.7227],[127.9492,36.7199],[127.9495,36.7081],[127.9465,36.7062],[127.9336,36.7065],[127.9309,36.7014],[127.9316,36.6944],[127.9289,36.6908],[127.9038,36.6936],[127.8886,36.6919],[127.8809,36.6873],[127.88,36.6787],[127.8876,36.6786],[127.8914,36.6824],[127.9126,36.6779],[127.9177,36.6679],[127.9296,36.6688],[127.9322,36.6645],[127.9316,36.6554],[127.941,36.6532],[127.944,36.6516],[127.9503,36.6493],[127.9589,36.6457],[127.9762,36.6359],[127.9806,36.6369],[127.9967,36.633],[128.0012,36.6371],[128.0084,36.6363],[128.0123,36.628],[128.0118,36.6226],[128.0071,36.6127],[128.0079,36.6059],[128.013,36.6011],[128.0088,36.5963],[128.0154,36.5925],[128.0176,36.5884],[128.0242,36.5864],[128.0282,36.5825],[128.0361,36.5858],[128.0447,36.582],[128.0522,36.5845],[128.0514,36.5849],[128.0522,36.5847],[128.0506,36.5852],[128.0431,36.5976],[128.0454,36.6041],[128.0519,36.6096],[128.0648,36.6095],[128.07,36.605],[128.0715,36.6053]]]},"properties":{"name":"가은초통학구역","office":"경상북도문경교육지원청"}},
{"type":"Feature","geometry":{"type":"Polygon","coordinates":[[[129.4147,36.7066],[129.4147,36.7046],[129.4314,36.7001],[129.439,36.6992],[129.4494,36.6988],[129.4512,36.6997],[129.4521,36.7002],[129.4512,36.7007],[129.4554,36.7103],[129.4592,36.7084],[129.4635,36.7033],[129.4641,36.7026],[129.4648,36.7028],[129.4659,36.7031],[129.4668,36.7033],[129.4684,36.7048],[129.4742,36.7069],[129.4723,36.7244],[129.4764,36.7261],[129.4756,36.7343],[129.4688,36.7472],[129.4592,36.7471],[129.4586,36.7515],[129.4551,36.7535],[129.4457,36.7525],[129.4392,36.7557],[129.4338,36.7558],[129.4285,36.7566],[129.4279,36.7557],[129.4272,36.7558],[129.4237,36.756],[129.4211,36.7562],[129.4099,36.7585],[129.4007,36.762],[129.3908,36.7597],[129.3874,36.7588],[129.3857,36.7585],[129.3798,36.7492],[129.3899,36.7475],[129.3996,36.7353],[129.4088,36.7297],[129.4182,36.7288],[129.4196,36.7222],[129.4181,36.716],[129.4134,36.713],[129.4146,36.7085],[129.4147,36.7066]]]},"properties":{"name":"평해초통학구역","office":"경상북도울진교육지원청"}},
{"type":"Feature","geometry":{"type":"Polygon","coordinates":[[[129.408,36.9779],[129.4138,36.9882],[129.4107,36.9881],[129.4037,36.9887],[129.4012,36.9891],[129.3948,36.9954],[129.3905,36.9896],[129.3936,36.9848],[129.3863,36.9801],[129.3809,36.9741],[129.3816,36.9728],[129.3824,36.9736],[129.3882,36.9746],[129.393,36.9741],[129.402,36.9789],[129.408,36.9779]]]},"properties":{"name":"울진남부초노음초공동(일방)통학구역","office":"경상북도울진교육지원청"}},
{"type":"Feature","geometry":{"type":"Polygon","coordinates":[[[129.3816,36.9728],[129.3809,36.9741],[129.3863,36.9801],[129.3936,36.9848],[129.3905,36.9896],[129.3948,36.9954],[129.4012,36.9891],[129.4037,36.9887],[129.4107,36.9881],[129.4138,36.9882],[129.4182,36.9931],[129.416,37.0107],[129.4098,37.0237],[129.409,37.0334],[129.4,37.0301],[129.3901,37.0332],[129.3862,37.0325],[129.3774,37.0248],[129.3711,37.0311],[129.3634,37.0265],[129.3587,37.0277],[129.3523,37.0252],[129.349,37.0192],[129.3415,37.0192],[129.3338,37.0152],[129.3247,37.0154],[129.3126,37.0224],[129.3005,37.0185],[129.292,37.0063],[129.2945,37.0009],[129.282,36.9937],[129.2799,36.991],[129.2786,36.9867],[129.2737,36.9825],[129.2709,36.9743],[129.2814,36.9665],[129.2839,36.9617],[129.2927,36.9575],[129.2929,36.9555],[129.3018,36.9529],[129.3054,36.949],[129.3059,36.9476],[129.3076,36.9497],[129.3155,36.95],[129.3196,36.9529],[129.3246,36.9578],[129.3301,36.964],[129.326,36.9675],[129.3277,36.9751],[129.3505,36.9838],[129.3642,36.9844],[129.369,36.9774],[129.3773,36.9781],[129.3808,36.974],[129.3816,36.9728]]]},"properties":{"name":"울진초노음초공동(일방)통학구역","office":"경상북도울진교육지원청"}},
{"type":"Feature","geometry":{"type":"Polygon","coordinates":[[[129.3372,36.0993],[129.3351,36.1072],[129.3361,36.1075],[129.3351,36.1075],[129.3314,36.1074],[129.3287,36.1091],[129.3209,36.1088],[129.3134,36.1051],[129.3053,36.1021],[129.3037,36.0961],[129.3035,36.096],[129.3033,36.0957],[129.3028,36.0953],[129.2978,36.0942],[129.3327,36.0935],[129.3358,36.0964],[129.3438,36.0964],[129.3372,36.0993]]]},"properties":{"name":"초곡초죽천초곡강초신광초송라초월포초청하초흥해서부초공동(일방)통학구역","office":"경상북도포항교육지원청"}},
{"type":"Feature","geometry":{"type":"Polygon","coordinates":[[[129.3999,35.9757],[129.4002,35.9723],[129.4002,35.9718],[129.4003,35.9704],[129.3985,35.9703],[129.3982,35.9703],[129.3996,35.9635],[129.4083,35.9618],[129.4109,35.9685],[129.4119,35.968],[129.4116,35.9684],[129.4122,35.9683],[129.4096,35.9762],[129.3999,35.9757]]]},"properties":{"name":"포항원동초문충초장기초양포초남성초공동(일방)통학구역","office":"경상북도포항교육지원청"}},
{"type":"Feature","geometry":{"type":"Polygon","coordinates":[[[129.4119,35.968],[129.4109,35.9685],[129.4083,35.9618],[129.3996,35.9635],[129.3994,35.9635],[129.3968,35.964],[129.3929,35.9638],[129.3929,35.9637],[129.3918,35.9642],[129.3922,35.9633],[129.3929,35.9616],[129.393,35.9599],[129.3897,35.957],[129.3835,35.9483],[129.3859,35.9484],[129.3922,35.9532],[129.3992,35.9527],[129.3993,35.9527],[129.4009,35.9522],[129.4032,35.9509],[129.4078,35.952],[129.4081,35.954],[129.431,35.9534],[129.4311,35.9542],[129.4308,35.9556],[129.4277,35.9587],[129.4262,35.9594],[129.4194,35.9612],[129.4169,35.9629],[129.4119,35.968]]]},"properties":{"name":"문덕초문충초장기초양포초남성초공동(일방)통학구역","office":"경상북도포항교육지원청"}},
{"type":"Feature","geometry":{"type":"Polygon","coordinates":[[[129.312,36.029],[129.3111,36.0237],[129.3173,36.0171],[129.32,36.0104],[129.3234,36.0076],[129.3276,36.0075],[129.3322,36.009],[129.3381,36.0101],[129.3381,36.0104],[129.3385,36.0104],[129.3381,36.0114],[129.3378,36.0124],[129.3378,36.0137],[129.3376,36.0146],[129.3376,36.0152],[129.3372,36.0153],[129.3357,36.0183],[129.3314,36.0201],[129.3311,36.0241],[129.3309,36.0261],[129.3306,36.0281],[129.3308,36.0305],[129.3303,36.0281],[129.3255,36.0246],[129.312,36.029]]]},"properties":{"name":"포항제철초통학구역","office":"경상북도포항교육지원청"}},
{"type":"Feature","geometry":{"type":"Polygon","coordinates":[[[129.3557,36.0024],[129.3567,36.0056],[129.3565,36.0055],[129.3561,36.0055],[129.3558,36.0087],[129.3543,36.009],[129.3481,36.0102],[129.3476,36.0103],[129.3459,36.0106],[129.3429,36.0073],[129.3396,36.009],[129.338,36.0137],[129.3378,36.0141],[129.3378,36.0137],[129.3378,36.0124],[129.3381,36.0114],[129.3385,36.0104],[129.3381,36.0104],[129.3381,36.0101],[129.3322,36.009],[129.3276,36.0075],[129.3234,36.0076],[129.3252,36.0069],[129.3229,36.0062],[129.3246,36.0027],[129.3247,36.0027],[129.325,36.0028],[129.3332,36.0031],[129.3401,36.0025],[129.3445,36.0021],[129.3458,36.002],[129.3557,36.0024]]]},"properties":{"name":"효자초통학구역","office":"경상북도포항교육지원청"}},
{"type":"Feature","geometry":{"type":"Polygon","coordinates":[[[128.6371,36.793],[128.6371,36.7937],[128.6377,36.7935],[128.6354,36.8014],[128.6313,36.8019],[128.6311,36.8126],[128.6276,36.8131],[128.6277,36.8191],[128.6261,36.8207],[128.6204,36.817],[128.6202,36.8165],[128.6203,36.8132],[128.6267,36.8123],[128.6285,36.806],[128.6288,36.806],[128.63,36.8005],[128.6303,36.7952],[128.6304,36.795],[128.6306,36.7952],[128.6343,36.7949],[128.6371,36.793]]]},"properties":{"name":"남산초이산초평은초문수초장수초안정초봉현초옥대초풍기북부초공동(일방)통학구역","office":"경상북도영주교육지원청"}},
{"type":"Feature","geometry":{"type":"Polygon","coordinates":[[[128.5672,36.8076],[128.5654,36.8072],[128.5645,36.8035],[128.5663,36.7988],[128.574,36.7996],[128.5781,36.8042],[128.5859,36.8033],[128.5924,36.8108],[128.5929,36.8157],[128.5999,36.8179],[128.6021,36.8151],[128.6001,36.818],[128.5999,36.8184],[128.5998,36.8188],[128.599,36.8224],[128.6126,36.8224],[128.6112,36.8213],[128.6103,36.82],[128.6086,36.8185],[128.6084,36.8169],[128.6086,36.8183],[128.6116,36.8191],[128.6153,36.8201],[128.613,36.8247],[128.614,36.8306],[128.6163,36.8287],[128.6171,36.8281],[128.6179,36.8317],[128.6212,36.8356],[128.6225,36.8365],[128.6277,36.8428],[128.6296,36.8473],[128.6335,36.849],[128.6354,36.8554],[128.6343,36.8655],[128.6307,36.8722],[128.6317,36.876],[128.6321,36.8769],[128.6311,36.8762],[128.6232,36.8763],[128.6135,36.8677],[128.6099,36.8681],[128.6028,36.8681],[128.5998,36.862],[128.5921,36.8629],[128.5881,36.8526],[128.5883,36.8443],[128.583,36.8408],[128.5886,36.8359],[128.5963,36.8341],[128.5948,36.8244],[128.588,36.8229],[128.5721,36.8282],[128.5714,36.823],[128.5743,36.8152],[128.5672,36.8076]]]},"properties":{"name":"영주서부초이산초평은초문수초장수초안정초봉현초옥대초풍기북부초공동(일방)통학구역","office":"경상북도영주교육지원청"}},
{"type":"Feature","geometry":{"type":"Polygon","coordinates":[[[128.6317,36.876],[128.6307,36.8722],[128.6343,36.8655],[128.6354,36.8554],[128.6335,36.849],[128.6296,36.8473],[128.6277,36.8428],[128.6225,36.8365],[128.6221,36.8359],[128.6228,36.8362],[128.6271,36.8333],[128.6247,36.8266],[128.6253,36.8237],[128.6274,36.8226],[128.626,36.8208],[128.6275,36.8225],[128.6324,36.8271],[128.6377,36.8253],[128.6419,36.825],[128.6419,36.8262],[128.6417,36.8291],[128.6431,36.829],[128.6449,36.8328],[128.645,36.8329],[128.6453,36.8329],[128.6537,36.8344],[128.6606,36.834],[128.6653,36.8388],[128.6699,36.8432],[128.662,36.8428],[128.6595,36.8503],[128.6479,36.8559],[128.6448,36.8533],[128.6418,36.8572],[128.6455,36.8647],[128.6559,36.8702],[128.6531,36.8759],[128.6443,36.8795],[128.6387,36.8873],[128.6377,36.888],[128.6367,36.8873],[128.6363,36.8855],[128.6311,36.8794],[128.6325,36.878],[128.633,36.8775],[128.6317,36.876]]]},"properties":{"name":"영주중앙초이산초평은초문수초장수초안정초봉현초옥대초풍기북부초공동(일방)통학구역","office":"경상북도영주교육지원청"}},
{"type":"Feature","geometry":{"type":"Polygon","coordinates":[[[128.5473,36.885],[128.5458,36.8858],[128.5429,36.8893],[128.5411,36.8917],[128.5407,36.8929],[128.5329,36.8927],[128.5279,36.8822],[128.532,36.8787],[128.528,36.8733],[128.5194,36.876],[128.5258,36.8872],[128.5237,36.8915],[128.5174,36.8956],[128.5182,36.9],[128.5076,36.9066],[128.4961,36.9058],[128.4817,36.9126],[128.4775,36.9174],[128.4713,36.9204],[128.4646,36.9201],[128.463,36.9269],[128.4568,36.9341],[128.4527,36.9307],[128.4416,36.9273],[128.4447,36.9137],[128.4402,36.9029],[128.4319,36.8929],[128.4268,36.8892],[128.4282,36.8848],[128.424,36.8765],[128.4384,36.8733],[128.4491,36.8629],[128.4587,36.8627],[128.466,36.865],[128.4739,36.8647],[128.4936,36.8682],[128.4993,36.8751],[128.512,36.874],[128.5197,36.8681],[128.5332,36.8629],[128.5366,36.8615],[128.5365,36.8615],[128.538,36.8618],[128.5448,36.8576],[128.5489,36.8623],[128.5504,36.8686],[128.5559,36.8758],[128.555,36.8783],[128.5519,36.8781],[128.5493,36.8823],[128.5473,36.885]]]},"properties":{"name":"풍기초이산초평은초문수초장수초안정초봉현초옥대초풍기북부초공동(일방)통학구역","office":"경상북도영주교육지원청"}},
{"type":"Feature","geometry":{"type":"Polygon","coordinates":[[[128.6303,36.7952],[128.63,36.8005],[128.6288,36.806],[128.6285,36.806],[128.6282,36.806],[128.6183,36.8021],[128.6178,36.7997],[128.6248,36.7951],[128.6301,36.7947],[128.6303,36.7952]]]},"properties":{"name":"영주남부초남산초이산초평은초문수초장수초안정초봉현초옥대초풍기북���초공동(일방)통학구역","office":"경상북도영주교육지원청"}},
{"type":"Feature","geometry":{"type":"Polygon","coordinates":[[[128.599,36.8224],[128.5998,36.8188],[128.6086,36.8185],[128.6103,36.82],[128.6112,36.8213],[128.6126,36.8224],[128.599,36.8224]]]},"properties":{"name":"영주가흥초영일초영주초이산초평은초문��초장수초안정초봉현초옥대초풍기북부초공동(일방)통학구역","office":"경상북도영주교육지원청"}},
{"type":"Feature","geometry":{"type":"Polygon","coordinates":[[[128.5972,36.8045],[128.5981,36.8044],[128.5991,36.8043],[128.6076,36.8063],[128.6148,36.8112],[128.6154,36.8162],[128.6153,36.8201],[128.6152,36.8206],[128.613,36.8247],[128.6153,36.8201],[128.6116,36.8191],[128.6086,36.8183],[128.6084,36.8169],[128.6102,36.8148],[128.6021,36.8151],[128.5999,36.8179],[128.5929,36.8157],[128.5924,36.8108],[128.5941,36.8056],[128.5972,36.8045]]]},"properties":{"name":"영주가흥초영주남부초영주초이산초평은초문수초장수초안정초봉현초옥대초풍기북부초공동(일방)통학구역","office":"경상북도영주교육지원청"}},
{"type":"Feature","geometry":{"type":"Polygon","coordinates":[[[128.599,36.8224],[128.5998,36.8188],[128.5999,36.8184],[128.6001,36.818],[128.6021,36.8151],[128.6102,36.8148],[128.6084,36.8169],[128.6086,36.8185],[128.5998,36.8188],[128.599,36.8224]]]},"properties":{"name":"영주가흥초영주초이산초평은초문수초장수초안정초봉현초옥대초풍기북부초공동(일방)통학구역","office":"경상북도영주교육지원청"}},
{"type":"Feature","geometry":{"type":"Polygon","coordinates":[[[128.6419,36.8262],[128.6419,36.825],[128.6377,36.8253],[128.6324,36.8271],[128.6275,36.8225],[128.626,36.8208],[128.6261,36.8207],[128.6277,36.8191],[128.6276,36.8131],[128.6311,36.8126],[128.6313,36.8019],[128.6354,36.8014],[128.6377,36.7935],[128.6371,36.7937],[128.6371,36.793],[128.6372,36.7918],[128.6386,36.7914],[128.6422,36.7904],[128.6441,36.785],[128.6429,36.7813],[128.6518,36.7785],[128.6552,36.7765],[128.6604,36.7751],[128.6607,36.7745],[128.6611,36.7751],[128.6615,36.7757],[128.6634,36.7786],[128.6643,36.7796],[128.6643,36.7836],[128.6676,36.7941],[128.6676,36.8048],[128.67,36.8079],[128.6681,36.8194],[128.6597,36.8201],[128.654,36.8195],[128.6419,36.8262]]]},"properties":{"name":"영주동부초이산초평은초문수초장수초안정초봉현초옥대초풍기북부초공동(일방)통학구역","office":"경상북도영주교육지원청"}},
{"type":"Feature","geometry":{"type":"Polygon","coordinates":[[[129.4186,36.5538],[129.4109,36.549],[129.4076,36.5472],[129.4038,36.5464],[129.4002,36.5474],[129.4003,36.5475],[129.4002,36.5474],[129.3977,36.5448],[129.3976,36.5446],[129.3978,36.5447],[129.4035,36.5403],[129.4037,36.5335],[129.3977,36.5234],[129.4056,36.5229],[129.4121,36.5195],[129.4168,36.5226],[129.427,36.5251],[129.4301,36.5272],[129.4309,36.5279],[129.4415,36.5251],[129.4389,36.5366],[129.4396,36.5524],[129.434,36.5571],[129.4297,36.5637],[129.4237,36.5649],[129.4205,36.562],[129.4199,36.5578],[129.4207,36.5579],[129.42,36.5556],[129.4197,36.5545],[129.419,36.5543],[129.4186,36.5538]]]},"properties":{"name":"영해초창수초병곡초공동(일방)통학구역","office":"경상북도영덕교육지원청"}},
{"type":"Feature","geometry":{"type":"Polygon","coordinates":[[[128.2921,35.6771],[128.2956,35.6769],[128.302,35.6795],[128.3058,35.6921],[128.3134,35.6952],[128.3114,35.7041],[128.3175,35.7055],[128.3224,35.7038],[128.3227,35.704],[128.3266,35.7068],[128.3298,35.7067],[128.3305,35.7067],[128.3328,35.7152],[128.3403,35.7201],[128.3423,35.7249],[128.3375,35.7252],[128.3374,35.7252],[128.3369,35.7253],[128.33,35.7288],[128.3174,35.7288],[128.3019,35.7346],[128.3002,35.7319],[128.2911,35.7322],[128.2905,35.7386],[128.2905,35.7387],[128.2904,35.7386],[128.2869,35.7394],[128.2875,35.7484],[128.2854,35.7572],[128.2779,35.7576],[128.276,35.7544],[128.2676,35.7594],[128.2589,35.7585],[128.2579,35.7528],[128.2515,35.7556],[128.2351,35.7597],[128.2282,35.7656],[128.2203,35.7666],[128.1985,35.7587],[128.1973,35.7537],[128.1892,35.7514],[128.1936,35.7381],[128.1981,35.7359],[128.2032,35.7366],[128.2103,35.735],[128.2157,35.7351],[128.2181,35.7352],[128.2202,35.7358],[128.222,35.7363],[128.2237,35.7376],[128.2239,35.7378],[128.2245,35.7374],[128.2266,35.7357],[128.2268,35.7356],[128.2268,35.7355],[128.2278,35.7346],[128.2311,35.7293],[128.2323,35.7233],[128.238,35.7184],[128.2461,35.7181],[128.2497,35.7124],[128.259,35.7099],[128.2577,35.703],[128.2663,35.7009],[128.2765,35.6884],[128.2815,35.6871],[128.2901,35.6776],[128.2921,35.6771]]]},"properties":{"name":"고령초운수초덕곡초공동(일방)통학구역","office":"경상북도고령교육지원청"}},
{"type":"Feature","geometry":{"type":"Polygon","coordinates":[[[128.1664,36.4144],[128.1671,36.4171],[128.1672,36.4174],[128.1671,36.4174],[128.1662,36.4174],[128.1648,36.4172],[128.1645,36.4144],[128.1645,36.4141],[128.1631,36.4141],[128.1628,36.4141],[128.1628,36.414],[128.1632,36.4106],[128.1556,36.4071],[128.1494,36.4052],[128.149,36.4044],[128.146,36.4043],[128.1478,36.4058],[128.1429,36.4042],[128.1381,36.4073],[128.1306,36.3989],[128.1249,36.3994],[128.1222,36.3997],[128.1155,36.3962],[128.117,36.3927],[128.1136,36.3907],[128.1206,36.3871],[128.1179,36.3783],[128.1196,36.3714],[128.1236,36.3754],[128.1298,36.38],[128.1376,36.3796],[128.1389,36.3845],[128.1443,36.3898],[128.1455,36.3944],[128.1524,36.391],[128.1565,36.3914],[128.1565,36.3862],[128.1593,36.3899],[128.1601,36.3916],[128.1612,36.3924],[128.1615,36.3926],[128.1617,36.3927],[128.1647,36.3919],[128.1704,36.3917],[128.1786,36.3788],[128.175,36.3701],[128.1833,36.3608],[128.1835,36.3594],[128.1904,36.3625],[128.1914,36.3647],[128.1884,36.3714],[128.1964,36.3844],[128.1972,36.389],[128.2034,36.3924],[128.2038,36.3978],[128.1863,36.4105],[128.1809,36.411],[128.1742,36.4046],[128.172,36.4031],[128.165,36.4058],[128.1629,36.4079],[128.1663,36.4141],[128.1664,36.4144]]]},"properties":{"name":"상영초외남초공검초낙동초청리초낙서초외서초사벌초중동초공동(일방)통학구역","office":"경상북도상주교육지원청"}},
{"type":"Feature","geometry":{"type":"Polygon","coordinates":[[[128.0546,36.3697],[128.0555,36.3778],[128.0588,36.383],[128.0736,36.3889],[128.0782,36.3878],[128.0811,36.3896],[128.0824,36.3897],[128.0902,36.3875],[128.0982,36.3852],[128.1059,36.3906],[128.1106,36.3901],[128.1127,36.3937],[128.1155,36.3962],[128.1192,36.3983],[128.1222,36.3997],[128.1249,36.3994],[128.1306,36.3989],[128.1381,36.4073],[128.1429,36.4042],[128.1478,36.4058],[128.1492,36.4094],[128.1513,36.4138],[128.1628,36.4141],[128.1631,36.4141],[128.1645,36.4141],[128.1645,36.4144],[128.1648,36.4172],[128.1662,36.4174],[128.1591,36.4198],[128.1447,36.4195],[128.1427,36.4281],[128.1448,36.4321],[128.1413,36.4357],[128.1437,36.442],[128.1408,36.4482],[128.1404,36.4491],[128.1404,36.448],[128.136,36.446],[128.1305,36.445],[128.1242,36.4479],[128.1159,36.4437],[128.105,36.4499],[128.1012,36.4424],[128.0966,36.4393],[128.0889,36.4457],[128.0857,36.4521],[128.0782,36.4527],[128.0757,36.4502],[128.0651,36.4407],[128.0497,36.4489],[128.0457,36.4483],[128.0445,36.446],[128.0453,36.4477],[128.0463,36.4498],[128.0453,36.4477],[128.0418,36.442],[128.0362,36.4371],[128.0296,36.4381],[128.0257,36.4322],[128.0253,36.4261],[128.0352,36.4229],[128.0387,36.4156],[128.0532,36.4042],[128.0525,36.4008],[128.0605,36.3967],[128.0512,36.3888],[128.0492,36.3823],[128.0432,36.3782],[128.0354,36.3733],[128.0431,36.3707],[128.0546,36.3697]]]},"properties":{"name":"상주초외남초공검초낙동초청리초낙서초외서초사벌초중동초공동(일방) 통학구역","office":"경상북도상주교육지원청"}},
{"type":"Feature","geometry":{"type":"Polygon","coordinates":[[[130.874,37.4536],[130.8773,37.4635],[130.8838,37.4704],[130.8904,37.474],[130.9032,37.4752],[130.9073,37.4773],[130.9131,37.4884],[130.9089,37.4885],[130.9015,37.4908],[130.893,37.4917],[130.8801,37.4915],[130.8753,37.4943],[130.8673,37.4979],[130.8672,37.498],[130.8647,37.4958],[130.8654,37.4845],[130.8674,37.4824],[130.863,37.4718],[130.868,37.4685],[130.866,37.4638],[130.874,37.4536]]]},"properties":{"name":"울릉초통학구역","office":"경상북도울릉교육지원청"}},
{"type":"Feature","geometry":{"type":"Polygon","coordinates":[[[128.4259,36.0843],[128.426,36.0845],[128.4262,36.0869],[128.4295,36.0899],[128.4342,36.0919],[128.4319,36.0926],[128.4328,36.0945],[128.4307,36.0952],[128.4256,36.0995],[128.4219,36.0994],[128.4167,36.0975],[128.4168,36.0866],[128.4168,36.0835],[128.4182,36.0851],[128.4196,36.0851],[128.4223,36.0885],[128.424,36.0839],[128.4251,36.0854],[128.4258,36.0844],[128.4259,36.0843]]]},"properties":{"name":"진평초가산초학림초공동(일방)통학구역","office":"경상북도구미교육지원청"}},
{"type":"Feature","geometry":{"type":"Polygon","coordinates":[[[128.468,36.0729],[128.4669,36.0754],[128.465,36.0833],[128.4771,36.0927],[128.4757,36.0978],[128.4795,36.1016],[128.468,36.1078],[128.4604,36.1109],[128.4586,36.1113],[128.4529,36.1089],[128.4496,36.108],[128.4498,36.1068],[128.4494,36.1055],[128.449,36.1034],[128.4448,36.1009],[128.4325,36.1029],[128.4326,36.0987],[128.4326,36.0978],[128.4345,36.0981],[128.4363,36.0985],[128.4373,36.098],[128.4361,36.0977],[128.4432,36.0948],[128.4429,36.0929],[128.4425,36.0896],[128.4448,36.0866],[128.4399,36.0888],[128.441,36.0891],[128.4399,36.0891],[128.4323,36.089],[128.427,36.0837],[128.4276,36.0822],[128.4265,36.083],[128.4283,36.0807],[128.4284,36.0806],[128.4346,36.0796],[128.442,36.0791],[128.4481,36.0742],[128.4629,36.0697],[128.4674,36.0723],[128.4673,36.0731],[128.468,36.0729]]]},"properties":{"name":"구평초가산초학림초공동(일방)통학구역","office":"경상북도구미교육지원청"}},
{"type":"Feature","geometry":{"type":"Polygon","coordinates":[[[128.4259,36.0843],[128.4258,36.0842],[128.4256,36.084],[128.4257,36.0839],[128.4265,36.083],[128.4276,36.0822],[128.427,36.0837],[128.4323,36.089],[128.4399,36.0891],[128.4425,36.0896],[128.4429,36.0929],[128.437,36.0936],[128.4328,36.0945],[128.437,36.0934],[128.4367,36.0916],[128.4342,36.092],[128.4319,36.0926],[128.4342,36.0919],[128.4295,36.0899],[128.4262,36.0869],[128.426,36.0845],[128.4259,36.0843]]]},"properties":{"name":"구평남부초가산초학림초공동(일방)통학구역","office":"경상북도구미교육지원청"}},
{"type":"Feature","geometry":{"type":"Polygon","coordinates":[[[128.4328,36.0945],[128.437,36.0936],[128.4429,36.0929],[128.4432,36.0948],[128.4361,36.0977],[128.4343,36.0973],[128.4341,36.0972],[128.4319,36.0968],[128.4328,36.0945]]]},"properties":{"name":"천생초가산초학림초공동(일방)통학구역","office":"경상북도구미교육지원청"}},
{"type":"Feature","geometry":{"type":"Polygon","coordinates":[[[128.4254,36.105],[128.4226,36.1026],[128.4227,36.1025],[128.4224,36.1024],[128.4167,36.1008],[128.4167,36.0975],[128.4219,36.0994],[128.4256,36.0995],[128.4307,36.0952],[128.4328,36.0945],[128.4319,36.0968],[128.4341,36.0972],[128.4343,36.0973],[128.4361,36.0977],[128.4373,36.098],[128.4363,36.0985],[128.4345,36.0981],[128.4326,36.0978],[128.4326,36.0987],[128.4325,36.1029],[128.4448,36.1009],[128.449,36.1034],[128.4494,36.1055],[128.4498,36.1068],[128.4493,36.1055],[128.4377,36.1055],[128.431,36.1052],[128.4287,36.1058],[128.4257,36.1051],[128.4256,36.1051],[128.4254,36.105]]]},"properties":{"name":"인의초가산초학림초공동(일방)통학구역","office":"경상북도구미교육지원청"}},
{"type":"Feature","geometry":{"type":"Polygon","coordinates":[[[128.4425,36.0896],[128.4399,36.0891],[128.441,36.0891],[128.4399,36.0888],[128.4448,36.0866],[128.4425,36.0896]]]},"properties":{"name":"구평초구평남부초공동통학구역, 구평초구평남부초가산초학림초공동(일방)통학구역","office":"경상북도구미교육지원청"}},
{"type":"Feature","geometry":{"type":"Polygon","coordinates":[[[128.4226,36.1026],[128.4254,36.105],[128.4223,36.1041],[128.421,36.1054],[128.4205,36.1051],[128.4226,36.1026]]]},"properties":{"name":"인동초인의초공동통학구역, 인의초가산초학림초공동(일방)통학구역","office":"경상북도구미교육지원청"}},
{"type":"Feature","geometry":{"type":"Polygon","coordinates":[[[128.4319,36.0926],[128.4342,36.092],[128.4367,36.0916],[128.437,36.0934],[128.4328,36.0945],[128.4319,36.0926]]]},"properties":{"name":"구평남부초천생초공동통학구역, 구평남부초천생초가산초학림초공동(일방)통학구역","office":"경상북도구미교육지원청"}},
{"type":"Feature","geometry":{"type":"Polygon","coordinates":[[[128.6163,36.8287],[128.6164,36.8275],[128.6165,36.8273],[128.618,36.8244],[128.6195,36.8261],[128.626,36.8208],[128.6274,36.8226],[128.6253,36.8237],[128.6247,36.8266],[128.6271,36.8333],[128.6228,36.8362],[128.6221,36.8359],[128.6225,36.8365],[128.6212,36.8356],[128.6179,36.8317],[128.6171,36.8281],[128.6163,36.8287]]]},"properties":{"name":"영주초통학구역","office":"경상북도영주교육지원청"}},
{"type":"Feature","geometry":{"type":"Polygon","coordinates":[[[128.7454,35.8081],[128.746,35.807],[128.7519,35.8064],[128.7506,35.8095],[128.7454,35.8081]]]},"properties":{"name":"경산초경산동부초평산초공동통학구역","office":"경상북도경산교육지원청"}},
{"type":"Feature","geometry":{"type":"Polygon","coordinates":[[[128.6859,36.5619],[128.6974,36.5648],[128.6985,36.5588],[128.701,36.559],[128.7039,36.5596],[128.7073,36.5616],[128.7076,36.5631],[128.7038,36.5642],[128.7022,36.567],[128.7005,36.5676],[128.7013,36.5681],[128.6988,36.5681],[128.6937,36.5732],[128.686,36.5731],[128.6861,36.5716],[128.6863,36.5682],[128.6859,36.5619]]]},"properties":{"name":"복주초남후초서후초공동(일방)통학구역","office":"경상북도안동교육지원청"}},
{"type":"Feature","geometry":{"type":"Polygon","coordinates":[[[128.6719,36.5621],[128.6713,36.5609],[128.6757,36.5597],[128.6812,36.5556],[128.6795,36.55],[128.6856,36.5442],[128.6909,36.5447],[128.693,36.5457],[128.7,36.5505],[128.6987,36.5544],[128.701,36.5551],[128.701,36.5588],[128.6985,36.5588],[128.6974,36.5648],[128.6859,36.5619],[128.6806,36.5654],[128.673,36.5643],[128.6719,36.5621]]]},"properties":{"name":"안동영호초남후초서후초공동(일방)통학구역","office":"경상북도안동교육지원청"}},
{"type":"Feature","geometry":{"type":"Polygon","coordinates":[[[128.7738,36.5564],[128.7584,36.5573],[128.7551,36.5568],[128.7572,36.5555],[128.7525,36.5507],[128.7529,36.5505],[128.7601,36.5465],[128.7629,36.5458],[128.7634,36.5457],[128.7637,36.5457],[128.7685,36.5458],[128.7719,36.5463],[128.7732,36.547],[128.7773,36.5498],[128.778,36.5502],[128.7772,36.55],[128.7738,36.5564]]]},"properties":{"name":"길주초남선초길안초송천초안동동부초공동(일방)통학구역","office":"경상북도안동교육지원청"}},
{"type":"Feature","geometry":{"type":"Polygon","coordinates":[[[129.364,36.048],[129.3644,36.048],[129.3652,36.0477],[129.3688,36.0492],[129.3693,36.0493],[129.3697,36.0492],[129.3723,36.0488],[129.3728,36.0508],[129.3774,36.0526],[129.3771,36.0539],[129.3766,36.0555],[129.3743,36.0568],[129.3706,36.0577],[129.3701,36.0591],[129.3602,36.0518],[129.3589,36.0506],[129.362,36.0506],[129.3629,36.0486],[129.3632,36.0484],[129.364,36.048]]]},"properties":{"name":"포항항도초통학구역","office":"경상북도포항교육지원청"}},
{"type":"Feature","geometry":{"type":"Polygon","coordinates":[[[129.3709,36.0626],[129.3703,36.0603],[129.3701,36.0591],[129.3706,36.0577],[129.3743,36.0568],[129.3766,36.0555],[129.3771,36.0539],[129.3787,36.0578],[129.3758,36.0599],[129.3709,36.0626]]]},"properties":{"name":"두호남부초통학구역","office":"경상북도포항교육지원청"}},
{"type":"Feature","geometry":{"type":"Polygon","coordinates":[[[129.392,36.0865],[129.387,36.0881],[129.3855,36.0849],[129.3866,36.075],[129.3889,36.0754],[129.3839,36.074],[129.3842,36.0719],[129.3862,36.0711],[129.3874,36.07],[129.3868,36.0687],[129.3886,36.0677],[129.3885,36.0689],[129.3905,36.0708],[129.3906,36.0716],[129.3908,36.0722],[129.3912,36.0724],[129.3928,36.0732],[129.3929,36.0738],[129.393,36.0746],[129.3919,36.0756],[129.3944,36.0752],[129.3934,36.0758],[129.3948,36.076],[129.397,36.0764],[129.3969,36.0818],[129.392,36.0865]]]},"properties":{"name":"포항장흥초통학구역","office":"경상북도포항교육지원청"}},
{"type":"Feature","geometry":{"type":"Polygon","coordinates":[[[129.3954,36.0633],[129.3986,36.0693],[129.3957,36.069],[129.393,36.0719],[129.3912,36.0724],[129.3906,36.0716],[129.3905,36.0708],[129.3885,36.0689],[129.3886,36.0677],[129.3887,36.0665],[129.3954,36.0633]]]},"properties":{"name":"포항해맞이초통학구역","office":"경상북도포항교육지원청"}},
{"type":"Feature","geometry":{"type":"Polygon","coordinates":[[[129.3906,36.0716],[129.3912,36.0724],[129.393,36.0719],[129.3957,36.069],[129.3986,36.0693],[129.4094,36.0733],[129.413,36.0722],[129.4198,36.0764],[129.419,36.0773],[129.419,36.0776],[129.4164,36.0816],[129.415,36.0813],[129.4115,36.0803],[129.4114,36.0803],[129.4115,36.0801],[129.4114,36.0801],[129.4018,36.077],[129.397,36.0764],[129.3948,36.076],[129.3934,36.0758],[129.3944,36.0752],[129.3956,36.0735],[129.3934,36.0728],[129.393,36.0746],[129.3929,36.0738],[129.3928,36.0732],[129.3912,36.0724],[129.3908,36.0722],[129.3906,36.0716]]]},"properties":{"name":"항구초통학구역","office":"경상북도포항교육지원청"}},
{"type":"Feature","geometry":{"type":"Polygon","coordinates":[[[128.6248,36.7951],[128.6178,36.7997],[128.6183,36.8021],[128.6282,36.806],[128.6285,36.806],[128.6267,36.8123],[128.6203,36.8132],[128.6202,36.8165],[128.6202,36.8167],[128.6201,36.8165],[128.6158,36.8162],[128.6154,36.8199],[128.6153,36.8201],[128.6154,36.8162],[128.6148,36.8112],[128.6076,36.8063],[128.5991,36.8043],[128.5981,36.8044],[128.5972,36.8045],[128.5976,36.8044],[128.5972,36.8044],[128.5959,36.7995],[128.5896,36.7942],[128.5938,36.7894],[128.5985,36.7913],[128.6023,36.7902],[128.609,36.7849],[128.6104,36.7837],[128.6113,36.7851],[128.613,36.7879],[128.617,36.793],[128.6185,36.7921],[128.6225,36.7933],[128.6248,36.7951]]]},"properties":{"name":"영주남부초이산초평은초문수초장수초안정초봉현초옥대초풍기북부초공동(일방)통학구역","office":"경상북도영주교육지원청"}},
{"type":"Feature","geometry":{"type":"Polygon","coordinates":[[[128.6261,36.8207],[128.626,36.8208],[128.6195,36.8261],[128.618,36.8244],[128.6165,36.8273],[128.6164,36.8275],[128.6163,36.8287],[128.614,36.8306],[128.613,36.8247],[128.6152,36.8206],[128.6153,36.8201],[128.6154,36.8199],[128.6158,36.8162],[128.6201,36.8165],[128.6202,36.8167],[128.6202,36.8165],[128.6204,36.817],[128.6261,36.8207]]]},"properties":{"name":"영일초이산초평은초문수초장수초안정초봉현초옥대초풍기북부초공동(일방)통학구역","office":"경상북도영주교육지원청"}},
{"type":"Feature","geometry":{"type":"Polygon","coordinates":[[[129.2116,35.8473],[129.2136,35.8445],[129.2135,35.8432],[129.2136,35.8405],[129.2153,35.8431],[129.2173,35.8408],[129.2177,35.84],[129.2176,35.8409],[129.2173,35.8444],[129.2174,35.851],[129.2176,35.8516],[129.2178,35.8521],[129.2164,35.8529],[129.2099,35.8569],[129.2092,35.8557],[129.2101,35.8547],[129.2116,35.8473]]]},"properties":{"name":"계림초통학구역","office":"경상북도경주교육지원청"}},
{"type":"Feature","geometry":{"type":"Polygon","coordinates":[[[129.201,35.8288],[129.2008,35.829],[129.1989,35.8311],[129.1983,35.8292],[129.1982,35.8276],[129.1976,35.825],[129.1977,35.8232],[129.1977,35.8227],[129.1978,35.8223],[129.1979,35.8213],[129.1988,35.819],[129.1992,35.8175],[129.1995,35.8171],[129.2019,35.8136],[129.2038,35.8108],[129.2039,35.8107],[129.2038,35.8105],[129.203,35.8078],[129.2027,35.8048],[129.2024,35.8018],[129.2011,35.7882],[129.201,35.7874],[129.2004,35.7867],[129.1996,35.7853],[129.1968,35.782],[129.1951,35.7802],[129.1969,35.7819],[129.2062,35.7798],[129.2229,35.7837],[129.2232,35.7829],[129.2232,35.7837],[129.2228,35.7881],[129.2289,35.8003],[129.229,35.8061],[129.2267,35.8074],[129.2268,35.812],[129.2269,35.8157],[129.2269,35.8165],[129.2272,35.8166],[129.2271,35.8167],[129.2248,35.8182],[129.2195,35.8213],[129.2183,35.8292],[129.2195,35.8291],[129.2183,35.8292],[129.2178,35.8292],[129.2132,35.8283],[129.2097,35.8374],[129.2099,35.8261],[129.2074,35.825],[129.2055,35.8252],[129.201,35.8288]]]},"properties":{"name":"월성초통학구역","office":"경상북도경주교육지원청"}},
{"type":"Feature","geometry":{"type":"Polygon","coordinates":[[[128.3377,35.7976],[128.3381,35.7971],[128.3425,35.7966],[128.3503,35.7991],[128.3574,35.7966],[128.3643,35.7936],[128.3645,35.7936],[128.3662,35.7939],[128.3674,35.7941],[128.3675,35.7945],[128.3678,35.7947],[128.3687,35.7982],[128.3687,35.7985],[128.3688,35.804],[128.3702,35.8074],[128.3688,35.8168],[128.3744,35.8172],[128.3789,35.8231],[128.3762,35.8321],[128.3731,35.8348],[128.3815,35.839],[128.3928,35.8382],[128.3869,35.8495],[128.3835,35.8534],[128.3793,35.852],[128.3765,35.8561],[128.3804,35.86],[128.3746,35.8634],[128.3718,35.8697],[128.3662,35.8745],[128.3611,35.8784],[128.3585,35.8783],[128.3557,35.8778],[128.3477,35.8785],[128.338,35.8742],[128.3349,35.8675],[128.3296,35.8662],[128.322,35.8682],[128.3225,35.861],[128.3167,35.8598],[128.3045,35.8595],[128.3034,35.8627],[128.2944,35.8665],[128.2945,35.8717],[128.2963,35.877],[128.2905,35.881],[128.2914,35.8849],[128.2881,35.8894],[128.2872,35.89],[128.2608,35.8844],[128.2508,35.8872],[128.2471,35.8871],[128.2461,35.8862],[128.2433,35.8835],[128.2339,35.8817],[128.2346,35.8769],[128.2318,35.8684],[128.2379,35.867],[128.2425,35.8617],[128.2424,35.8553],[128.2461,35.8496],[128.2441,35.8436],[128.2452,35.8377],[128.2532,35.8328],[128.2644,35.8343],[128.2722,35.8312],[128.2751,35.8291],[128.2758,35.8268],[128.2749,35.8259],[128.2759,35.826],[128.2865,35.8261],[128.2898,35.8264],[128.2993,35.8151],[128.3054,35.8123],[128.3134,35.814],[128.3213,35.8123],[128.3275,35.8068],[128.3374,35.7979],[128.3377,35.7976]]]},"properties":{"name":"대동초통학구역","office":"경상북도성주교육지원청"}},
{"type":"Feature","geometry":{"type":"Polygon","coordinates":[[[128.3097,35.9296],[128.3064,35.9295],[128.2959,35.9253],[128.2792,35.9145],[128.2771,35.9182],[128.27,35.922],[128.2645,35.9278],[128.2638,35.928],[128.2635,35.9282],[128.2634,35.9283],[128.2626,35.9284],[128.2609,35.9272],[128.2596,35.9263],[128.2608,35.9259],[128.2515,35.9167],[128.2515,35.9099],[128.2482,35.9051],[128.2501,35.9003],[128.2422,35.8922],[128.2461,35.8862],[128.2471,35.8871],[128.2508,35.8872],[128.2608,35.8844],[128.2872,35.89],[128.2881,35.8894],[128.2878,35.8898],[128.2883,35.8896],[128.2958,35.8907],[128.3122,35.8951],[128.3124,35.9008],[128.3237,35.9047],[128.3346,35.9159],[128.3326,35.9218],[128.3241,35.9202],[128.3247,35.9256],[128.3223,35.9259],[128.3169,35.9285],[128.3168,35.9285],[128.3164,35.9287],[128.3107,35.9286],[128.3099,35.9288],[128.3091,35.929],[128.3097,35.9296]]]},"properties":{"name":"성주중앙초대가초공동(일반)통학구역","office":"경상북도성주교육지원청"}},
{"type":"Feature","geometry":{"type":"Polygon","coordinates":[[[128.245,35.9306],[128.2516,35.9289],[128.2609,35.9272],[128.2626,35.9284],[128.2634,35.9283],[128.2635,35.9282],[128.2638,35.928],[128.2645,35.9278],[128.27,35.922],[128.2771,35.9182],[128.2792,35.9145],[128.2959,35.9253],[128.3064,35.9295],[128.3097,35.9296],[128.3109,35.9307],[128.3078,35.9359],[128.3102,35.9396],[128.3058,35.9417],[128.3055,35.942],[128.305,35.9427],[128.3044,35.9434],[128.304,35.9449],[128.3035,35.9465],[128.3023,35.9519],[128.2979,35.955],[128.2851,35.9549],[128.2835,35.956],[128.2838,35.9553],[128.2824,35.9557],[128.2749,35.9531],[128.2732,35.9457],[128.2642,35.9423],[128.2609,35.9435],[128.2578,35.9512],[128.2552,35.9587],[128.2512,35.954],[128.2479,35.9491],[128.2498,35.9478],[128.2492,35.9468],[128.2538,35.9423],[128.2542,35.9419],[128.2544,35.941],[128.2545,35.9405],[128.2545,35.9404],[128.2543,35.9404],[128.2503,35.9391],[128.2483,35.9393],[128.2469,35.9338],[128.2448,35.9324],[128.245,35.9306]]]},"properties":{"name":"성주초대가초벽진초공동(일방)��학구역","office":"경상북도성주교육지원청"}},
{"type":"Feature","geometry":{"type":"Polygon","coordinates":[[[128.3307,36.6975],[128.3306,36.6983],[128.3209,36.6984],[128.3129,36.6956],[128.2994,36.7023],[128.2899,36.7029],[128.2918,36.7099],[128.2852,36.7154],[128.2831,36.7171],[128.2874,36.7244],[128.2881,36.7309],[128.2849,36.7381],[128.277,36.7426],[128.2785,36.7487],[128.283,36.7553],[128.271,36.7599],[128.2668,36.7696],[128.2701,36.779],[128.2553,36.7852],[128.2387,36.7874],[128.2322,36.7907],[128.2298,36.7911],[128.2258,36.791],[128.2241,36.791],[128.2235,36.7909],[128.2121,36.7879],[128.2091,36.7852],[128.2062,36.7674],[128.2066,36.7634],[128.2058,36.7602],[128.1988,36.7561],[128.2016,36.7453],[128.1936,36.741],[128.1829,36.7382],[128.1746,36.731],[128.1761,36.723],[128.183,36.7158],[128.1992,36.71],[128.2019,36.7126],[128.2154,36.7119],[128.2233,36.709],[128.2215,36.7003],[128.2227,36.6956],[128.2354,36.6857],[128.2339,36.6793],[128.2415,36.679],[128.2494,36.6748],[128.2459,36.6706],[128.2471,36.66],[128.242,36.6564],[128.2423,36.6505],[128.2368,36.6499],[128.2331,36.6407],[128.2335,36.6388],[128.2337,36.6393],[128.2339,36.6388],[128.2435,36.6376],[128.2511,36.6336],[128.2556,36.6345],[128.2514,36.6431],[128.2605,36.65],[128.2608,36.6456],[128.2663,36.6457],[128.2795,36.6511],[128.2841,36.6506],[128.289,36.6559],[128.3049,36.656],[128.3064,36.6567],[128.3075,36.6572],[128.309,36.6566],[128.3162,36.6569],[128.3175,36.6559],[128.32,36.656],[128.3186,36.6532],[128.3205,36.649],[128.3211,36.6487],[128.3217,36.6476],[128.3217,36.6472],[128.3193,36.6447],[128.327,36.6446],[128.3303,36.6419],[128.3314,36.641],[128.3373,36.6455],[128.3369,36.6463],[128.3424,36.6457],[128.3475,36.6463],[128.3505,36.6522],[128.3465,36.6548],[128.3457,36.6558],[128.3397,36.6576],[128.3354,36.6585],[128.3342,36.6654],[128.3286,36.6678],[128.3204,36.6783],[128.3336,36.6878],[128.3344,36.6908],[128.3364,36.6931],[128.3369,36.6936],[128.3367,36.6937],[128.3344,36.6947],[128.3332,36.6965],[128.3309,36.6966],[128.3307,36.6975]]]},"properties":{"name":"산북초통학구역","office":"경상북도문경교육지원청"}},
{"type":"Feature","geometry":{"type":"Polygon","coordinates":[[[128.2096,36.439],[128.211,36.4379],[128.2113,36.4425],[128.2062,36.4449],[128.2036,36.4509],[128.2036,36.4591],[128.1915,36.4594],[128.1811,36.4626],[128.1744,36.4667],[128.1733,36.4658],[128.168,36.4658],[128.1663,36.4646],[128.1589,36.4614],[128.1551,36.4595],[128.1556,36.4583],[128.154,36.4581],[128.1523,36.4579],[128.142,36.455],[128.1403,36.4507],[128.1408,36.4482],[128.1437,36.442],[128.1413,36.4357],[128.1448,36.4321],[128.1427,36.4281],[128.1447,36.4195],[128.1591,36.4198],[128.1662,36.4174],[128.1671,36.4174],[128.1672,36.4174],[128.1669,36.4203],[128.1681,36.4239],[128.1806,36.4232],[128.1839,36.4269],[128.1924,36.4292],[128.199,36.4283],[128.1982,36.4351],[128.2016,36.4387],[128.2021,36.4393],[128.2024,36.4394],[128.2068,36.4396],[128.209,36.4395],[128.2096,36.439]]]},"properties":{"name":"상산초외남초공검초낙동초청리초낙서초외서초사벌초중동초백원초공동(일방)통학구역","office":"경상북도상주교육지원청"}},
{"type":"Feature","geometry":{"type":"Polygon","coordinates":[[[128.1628,36.4141],[128.1513,36.4138],[128.1492,36.4094],[128.1478,36.4058],[128.146,36.4043],[128.149,36.4044],[128.1494,36.4052],[128.1556,36.4071],[128.1632,36.4106],[128.1628,36.414],[128.1628,36.4141]]]},"properties":{"name":"상주중앙초외남초공검초낙동초청리초낙서초외서초사벌초중동초백원초공동(일방)통학구역","office":"경상북도상주교육지원청"}},
{"type":"Feature","geometry":{"type":"Polygon","coordinates":[[[128.199,36.4283],[128.1924,36.4292],[128.1839,36.4269],[128.1806,36.4232],[128.1681,36.4239],[128.1669,36.4203],[128.1672,36.4174],[128.1671,36.4171],[128.1664,36.4144],[128.1663,36.4141],[128.1629,36.4079],[128.165,36.4058],[128.1737,36.4051],[128.1768,36.4108],[128.1815,36.4174],[128.1888,36.4209],[128.1931,36.4257],[128.199,36.4283]]]},"properties":{"name":"성동초통학구역","office":"경상북도상주교육지원청"}},
{"type":"Feature","geometry":{"type":"Polygon","coordinates":[[[128.2368,36.4136],[128.2356,36.4157],[128.2299,36.4167],[128.229,36.4098],[128.2205,36.4072],[128.2139,36.401],[128.2091,36.4023],[128.2038,36.3978],[128.2034,36.3924],[128.1972,36.389],[128.1964,36.3844],[128.1884,36.3714],[128.1914,36.3647],[128.1904,36.3625],[128.1835,36.3594],[128.1837,36.3579],[128.1831,36.3532],[128.189,36.3474],[128.1871,36.3386],[128.1797,36.3383],[128.1747,36.3362],[128.1743,36.3331],[128.1752,36.3286],[128.1812,36.3224],[128.1797,36.3091],[128.1721,36.2991],[128.1696,36.2999],[128.172,36.2989],[128.1735,36.2984],[128.1773,36.2977],[128.1849,36.2974],[128.1886,36.3007],[128.1919,36.2996],[128.1987,36.2979],[128.1988,36.2979],[128.2056,36.2987],[128.2123,36.3017],[128.2136,36.3053],[128.2174,36.3059],[128.2287,36.3077],[128.2317,36.3194],[128.2309,36.3266],[128.2326,36.333],[128.2369,36.3352],[128.2466,36.3502],[128.2513,36.3513],[128.251,36.357],[128.2584,36.3625],[128.27,36.3619],[128.2769,36.3581],[128.2775,36.3576],[128.2789,36.3538],[128.2773,36.3501],[128.2821,36.3463],[128.2889,36.3472],[128.2936,36.3486],[128.3018,36.3435],[128.3051,36.3375],[128.3054,36.3315],[128.3115,36.33],[128.3257,36.3426],[128.3326,36.3453],[128.3308,36.3499],[128.3197,36.3515],[128.3177,36.3553],[128.3209,36.3646],[128.32,36.3666],[128.3223,36.3681],[128.3226,36.377],[128.3271,36.3849],[128.3271,36.386],[128.327,36.3867],[128.3266,36.3862],[128.3175,36.3876],[128.3176,36.3924],[128.3118,36.4005],[128.3022,36.4031],[128.2958,36.403],[128.2896,36.3992],[128.2787,36.3961],[128.2731,36.4039],[128.2622,36.4097],[128.252,36.4108],[128.2472,36.4087],[128.2454,36.409],[128.2446,36.4092],[128.2368,36.4136]]]},"properties":{"name":"낙동초통학구역","office":"경상북도상주교육지원청"}},
{"type":"Feature","geometry":{"type":"Polygon","coordinates":[[[127.9509,36.5105],[127.9484,36.5149],[127.9479,36.522],[127.9491,36.524],[127.9391,36.5264],[127.9381,36.5271],[127.936,36.5285],[127.9345,36.5295],[127.9318,36.5323],[127.9303,36.536],[127.9378,36.5376],[127.9357,36.5444],[127.94,36.5511],[127.9328,36.558],[127.9369,36.5696],[127.9331,36.5751],[127.9392,36.5798],[127.9332,36.5832],[127.9328,36.5911],[127.9249,36.5982],[127.9173,36.598],[127.9057,36.5954],[127.8947,36.5947],[127.8844,36.5915],[127.8838,36.6009],[127.8794,36.6058],[127.8789,36.6062],[127.8653,36.6158],[127.8606,36.6174],[127.8552,36.6119],[127.8498,36.6131],[127.8407,36.6083],[127.8323,36.6128],[127.8213,36.6114],[127.8121,36.6076],[127.8032,36.6021],[127.7985,36.6021],[127.7962,36.5953],[127.7985,36.5864],[127.8049,36.5814],[127.813,36.5795],[127.8245,36.5709],[127.8302,36.5743],[127.8371,36.5701],[127.8433,36.569],[127.8524,36.5712],[127.8604,36.568],[127.8665,36.5604],[127.8703,36.5592],[127.873,36.5513],[127.8705,36.5428],[127.879,36.5347],[127.8887,36.5337],[127.9025,36.5281],[127.9009,36.525],[127.9034,36.5173],[127.9024,36.5131],[127.9062,36.5073],[127.9127,36.5084],[127.9153,36.5121],[127.922,36.5107],[127.9284,36.5138],[127.9374,36.5067],[127.944,36.5073],[127.9509,36.5105]]]},"properties":{"name":"화북초통학구역","office":"경상북도상주교육지원청"}},
{"type":"Feature","geometry":{"type":"Polygon","coordinates":[[[128.4992,36.5846],[128.4986,36.5854],[128.492,36.5867],[128.4924,36.5961],[128.4976,36.6033],[128.5022,36.6059],[128.4857,36.6056],[128.4766,36.6003],[128.474,36.5988],[128.4735,36.5988],[128.4676,36.5982],[128.4668,36.5981],[128.4666,36.5981],[128.4633,36.5985],[128.4621,36.5987],[128.4483,36.6048],[128.4375,36.6065],[128.4269,36.6057],[128.4192,36.6023],[128.4189,36.6018],[128.4189,36.6023],[128.4184,36.6011],[128.4128,36.5961],[128.4049,36.5938],[128.4052,36.5918],[128.4185,36.5889],[128.4218,36.5836],[128.4284,36.5845],[128.4309,36.5773],[128.4407,36.5687],[128.4404,36.567],[128.4402,36.5658],[128.4411,36.5663],[128.453,36.5673],[128.4551,36.5638],[128.4564,36.5596],[128.4633,36.5593],[128.4854,36.5686],[128.4927,36.5696],[128.4925,36.5725],[128.4861,36.5783],[128.4868,36.5806],[128.4991,36.5845],[128.4989,36.5849],[128.4992,36.5846]]]},"properties":{"name":"호명초은풍초예천남부초지보초감천초신성초풍북초공동(일방)통학구역","office":"경상북도예천교육지원청"}},
{"type":"Feature","geometry":{"type":"Polygon","coordinates":[[[128.4049,36.5938],[128.4128,36.5961],[128.4184,36.6011],[128.4189,36.6023],[128.4193,36.6067],[128.4193,36.6088],[128.4198,36.6099],[128.4199,36.6108],[128.4258,36.6265],[128.4345,36.6267],[128.4398,36.6361],[128.4502,36.6446],[128.4484,36.6494],[128.449,36.6512],[128.4491,36.6516],[128.4496,36.6518],[128.4504,36.6525],[128.4559,36.6546],[128.4555,36.6603],[128.4439,36.66],[128.4353,36.6608],[128.4246,36.6582],[128.4143,36.6612],[128.4104,36.6589],[128.4038,36.6569],[128.4042,36.6545],[128.4055,36.6515],[128.4064,36.636],[128.4029,36.6287],[128.3965,36.6248],[128.3784,36.6229],[128.3754,36.6207],[128.3693,36.6214],[128.3669,36.6201],[128.3642,36.616],[128.3556,36.6153],[128.3497,36.6259],[128.3385,36.6208],[128.3314,36.6239],[128.3243,36.6236],[128.3301,36.613],[128.3265,36.6085],[128.3312,36.6003],[128.3365,36.5973],[128.3388,36.5881],[128.3363,36.5835],[128.3407,36.5789],[128.356,36.5853],[128.3693,36.5881],[128.3705,36.5884],[128.3799,36.5925],[128.3874,36.594],[128.3881,36.5941],[128.4049,36.5938]]]},"properties":{"name":"예천초은풍초공동(일방)통학구역","office":"경상북도예천교육지원청"}},
{"type":"Feature","geometry":{"type":"Polygon","coordinates":[[[128.4351,36.1612],[128.4354,36.1594],[128.4394,36.1578],[128.4351,36.1612]]]},"properties":{"name":"산동초구미원당초구미인덕초(1~5학년)구미신당초(6학년)공동통학구역","office":"경상북도구미교육지원청"}},
{"type":"Feature","geometry":{"type":"Polygon","coordinates":[[[128.2421,36.1977],[128.2428,36.1971],[128.2593,36.2016],[128.2587,36.2028],[128.2646,36.2045],[128.2769,36.2022],[128.2803,36.2029],[128.2837,36.2089],[128.2762,36.2167],[128.2755,36.2178],[128.2755,36.2212],[128.2833,36.2238],[128.2932,36.219],[128.3,36.2185],[128.3079,36.2273],[128.3166,36.2298],[128.3166,36.2272],[128.3329,36.2148],[128.3371,36.216],[128.3378,36.2229],[128.3516,36.2254],[128.3546,36.2259],[128.3545,36.2261],[128.3398,36.2445],[128.3346,36.2492],[128.3346,36.2494],[128.3347,36.2541],[128.3407,36.2684],[128.3422,36.2725],[128.3411,36.2841],[128.3387,36.2864],[128.3297,36.2926],[128.3245,36.2962],[128.3296,36.2925],[128.3218,36.293],[128.3139,36.2861],[128.3083,36.2855],[128.3042,36.2757],[128.2994,36.2752],[128.2946,36.2707],[128.2893,36.2731],[128.2785,36.2704],[128.277,36.2692],[128.2756,36.2681],[128.2736,36.2633],[128.2698,36.258],[128.2723,36.2496],[128.2624,36.2452],[128.268,36.2365],[128.2671,36.2344],[128.2557,36.2342],[128.2458,36.2258],[128.2353,36.2271],[128.2343,36.2269],[128.235,36.2262],[128.2365,36.2247],[128.2334,36.2183],[128.2354,36.2132],[128.2342,36.2033],[128.2376,36.1999],[128.2401,36.1993],[128.2423,36.1978],[128.2421,36.1977]]]},"properties":{"name":"선산초옥성초덕촌초도개초무을초공동(일방)통학구역","office":"경상북도구미교육지원청"}},
{"type":"Feature","geometry":{"type":"Polygon","coordinates":[[[129.3054,36.949],[129.3018,36.9529],[129.2929,36.9555],[129.2927,36.9575],[129.2839,36.9617],[129.2814,36.9665],[129.2709,36.9743],[129.2737,36.9825],[129.2786,36.9867],[129.2799,36.991],[129.2803,36.9922],[129.2793,36.9913],[129.2749,36.9929],[129.2703,36.999],[129.2626,36.9986],[129.2548,37.0034],[129.2504,37.0081],[129.2573,37.0136],[129.2596,37.0241],[129.2474,37.0243],[129.2465,37.0244],[129.2397,37.0266],[129.2386,37.0285],[129.2347,37.0317],[129.2374,37.0375],[129.2379,37.0387],[129.2378,37.0388],[129.2364,37.0404],[129.2336,37.0404],[129.2253,37.0446],[129.2134,37.043],[129.205,37.045],[129.1948,37.0406],[129.1854,37.0417],[129.1839,37.0379],[129.1781,37.0321],[129.1728,37.0269],[129.1667,37.0221],[129.1644,37.0226],[129.1595,37.0196],[129.155,37.0234],[129.1473,37.025],[129.1411,37.0309],[129.1354,37.0328],[129.1339,37.0343],[129.127,37.03],[129.118,37.0293],[129.1146,37.0255],[129.1063,37.025],[129.0974,37.0305],[129.0824,37.0371],[129.0679,37.0366],[129.0622,37.0308],[129.0623,37.0242],[129.0544,37.0177],[129.0413,37.0177],[129.0352,37.0139],[129.0345,37.0129],[129.0338,37.0118],[129.0402,37.0056],[129.0395,37.0023],[129.0524,36.989],[129.0557,36.9828],[129.0565,36.9749],[129.0522,36.9596],[129.0494,36.942],[129.0533,36.9389],[129.0501,36.9305],[129.0621,36.9322],[129.0617,36.9422],[129.0675,36.9459],[129.071,36.956],[129.0742,36.9521],[129.0813,36.9535],[129.0803,36.9547],[129.0797,36.9547],[129.0795,36.9549],[129.0805,36.9551],[129.0819,36.9552],[129.0837,36.9539],[129.086,36.9522],[129.0869,36.9516],[129.087,36.9497],[129.0838,36.9466],[129.0915,36.9445],[129.0965,36.9461],[129.1034,36.945],[129.1038,36.9448],[129.1047,36.9445],[129.1076,36.9429],[129.1078,36.9423],[129.1041,36.938],[129.1113,36.9338],[129.1118,36.9335],[129.1128,36.9338],[129.1185,36.9355],[129.1218,36.9331],[129.1251,36.9409],[129.1312,36.945],[129.1469,36.9404],[129.1588,36.9419],[129.1626,36.9328],[129.1693,36.9262],[129.1703,36.9175],[129.1746,36.9111],[129.1871,36.904],[129.1925,36.8983],[129.1976,36.8872],[129.1922,36.8793],[129.1958,36.8748],[129.1956,36.8697],[129.2009,36.8651],[129.2021,36.8601],[129.2083,36.8568],[129.2113,36.8637],[129.2177,36.8584],[129.2225,36.8616],[129.2314,36.8615],[129.2262,36.8561],[129.2315,36.8538],[129.2346,36.8532],[129.247,36.8523],[129.2476,36.8528],[129.2476,36.8519],[129.2501,36.8548],[129.2552,36.8601],[129.2565,36.869],[129.2571,36.8735],[129.263,36.8774],[129.261,36.8735],[129.2716,36.8715],[129.2757,36.8752],[129.2853,36.8651],[129.2844,36.863],[129.2756,36.8589],[129.2751,36.8505],[129.2774,36.8473],[129.2707,36.8407],[129.2727,36.8334],[129.2792,36.8319],[129.2855,36.8335],[129.2931,36.8269],[129.2942,36.8265],[129.2953,36.8261],[129.2967,36.8264],[129.3009,36.8297],[129.3009,36.83],[129.3011,36.8319],[129.3015,36.8356],[129.3012,36.8363],[129.3009,36.8371],[129.3008,36.8373],[129.2983,36.8393],[129.2993,36.8437],[129.2941,36.8486],[129.2975,36.8525],[129.3005,36.8578],[129.3111,36.8632],[129.3137,36.8729],[129.322,36.8767],[129.3234,36.8875],[129.3275,36.8904],[129.3294,36.8983],[129.3289,36.8987],[129.3261,36.8991],[129.3227,36.9069],[129.3166,36.9111],[129.3143,36.9166],[129.3088,36.9203],[129.3077,36.9254],[129.2995,36.9305],[129.3013,36.9348],[129.3069,36.9378],[129.3111,36.9437],[129.3067,36.9449],[129.3041,36.9456],[129.3054,36.949]]]},"properties":{"name":"삼근초통학구역","office":"경상북도울진교육지원청"}},
{"type":"Feature","geometry":{"type":"Polygon","coordinates":[[[129.4512,36.6997],[129.4554,36.6985],[129.4601,36.6936],[129.457,36.6907],[129.4541,36.6822],[129.4644,36.6819],[129.4687,36.695],[129.476,36.6993],[129.4742,36.7069],[129.4684,36.7048],[129.4668,36.7033],[129.4659,36.7031],[129.4648,36.7028],[129.4641,36.7026],[129.4635,36.7033],[129.4592,36.7084],[129.4554,36.7103],[129.4512,36.7007],[129.4521,36.7002],[129.4512,36.6997]]]},"properties":{"name":"후포초후포동부분교장통학구역","office":"경상북도울진교육지원청"}},
{"type":"Feature","geometry":{"type":"Polygon","coordinates":[[[129.42,36.6445],[129.4284,36.6497],[129.4308,36.6593],[129.4345,36.6668],[129.4437,36.6761],[129.4514,36.6792],[129.4527,36.6905],[129.4601,36.6936],[129.4554,36.6985],[129.4512,36.6997],[129.4494,36.6988],[129.439,36.6992],[129.4314,36.7001],[129.4147,36.7046],[129.4147,36.7066],[129.4093,36.7058],[129.4119,36.6981],[129.4108,36.6926],[129.4038,36.6903],[129.4048,36.6844],[129.3991,36.676],[129.3977,36.666],[129.3953,36.6651],[129.3968,36.6645],[129.3959,36.6629],[129.4068,36.6592],[129.4109,36.653],[129.4162,36.6523],[129.42,36.6445]]]},"properties":{"name":"후포초평해초공동(일방)통학구역","office":"경상북도울진교육지원청"}},
{"type":"Feature","geometry":{"type":"Polygon","coordinates":[[[128.0573,36.5833],[128.0573,36.5834],[128.0547,36.584],[128.0522,36.5847],[128.0514,36.5849],[128.0522,36.5845],[128.0447,36.582],[128.0361,36.5858],[128.0282,36.5825],[128.0242,36.5864],[128.0176,36.5884],[128.0154,36.5925],[128.0088,36.5963],[128.013,36.6011],[128.0079,36.6059],[128.0071,36.6127],[128.0118,36.6226],[128.0123,36.628],[128.0084,36.6363],[128.0012,36.6371],[127.9967,36.633],[127.9806,36.6369],[127.9762,36.6359],[127.9589,36.6457],[127.9503,36.6493],[127.944,36.6516],[127.941,36.6532],[127.939,36.646],[127.9357,36.6442],[127.9338,36.6361],[127.936,36.633],[127.9314,36.6246],[127.9324,36.6187],[127.9241,36.6155],[127.9249,36.5982],[127.9328,36.5911],[127.9332,36.5832],[127.9392,36.5798],[127.9331,36.5751],[127.9369,36.5696],[127.9328,36.558],[127.94,36.5511],[127.9357,36.5444],[127.9378,36.5376],[127.9303,36.536],[127.9318,36.5323],[127.9345,36.5295],[127.936,36.5285],[127.9381,36.5271],[127.9391,36.5264],[127.9491,36.524],[127.9528,36.5231],[127.9584,36.5231],[127.956,36.5187],[127.9647,36.5136],[127.9671,36.5173],[127.9769,36.513],[127.9792,36.5142],[127.9798,36.5153],[127.9782,36.5198],[127.9812,36.5275],[127.9811,36.528],[127.9809,36.529],[127.9776,36.5331],[127.9806,36.5349],[127.9806,36.5351],[127.9807,36.5353],[127.9809,36.5362],[127.9806,36.5372],[127.9785,36.5433],[127.9851,36.5447],[127.9885,36.5448],[127.9912,36.5446],[127.992,36.545],[127.9947,36.5463],[127.9954,36.5466],[127.9956,36.5469],[127.9975,36.5498],[128.0047,36.5507],[128.0165,36.544],[128.0275,36.5474],[128.0405,36.5482],[128.0409,36.5482],[128.0446,36.5468],[128.0468,36.5465],[128.0481,36.5464],[128.052,36.5459],[128.0529,36.5462],[128.056,36.5474],[128.0581,36.5568],[128.0624,36.561],[128.063,36.5613],[128.0648,36.5614],[128.0662,36.5613],[128.0668,36.5612],[128.0664,36.5616],[128.0647,36.5634],[128.058,36.5819],[128.0573,36.5833]]]},"properties":{"name":"농암초통학구역","office":"경상북도문경교육지원청"}},
{"type":"Feature","geometry":{"type":"Polygon","coordinates":[[[128.1811,36.6251],[128.1821,36.6238],[128.1816,36.623],[128.1812,36.6224],[128.1818,36.6227],[128.1876,36.6179],[128.196,36.6024],[128.2016,36.6004],[128.2017,36.5991],[128.206,36.5968],[128.2069,36.5961],[128.2094,36.5925],[128.2153,36.593],[128.223,36.597],[128.2274,36.596],[128.229,36.5932],[128.2322,36.5987],[128.2273,36.6038],[128.2257,36.6108],[128.2275,36.6155],[128.2267,36.6153],[128.2272,36.6158],[128.2257,36.615],[128.2259,36.6178],[128.2223,36.6218],[128.2181,36.619],[128.2124,36.6186],[128.2097,36.6162],[128.2023,36.6295],[128.2007,36.638],[128.1985,36.6413],[128.1975,36.6426],[128.1916,36.6444],[128.187,36.6432],[128.1864,36.643],[128.1865,36.6427],[128.1875,36.6377],[128.1821,36.6341],[128.1775,36.6269],[128.1776,36.6268],[128.1778,36.6269],[128.1811,36.6251]]]},"properties":{"name":"호서남초호계초동성초영순초산양초산북초당포초농암초공동(일방)통학구역","office":"경상북도문경교육지원청"}},
{"type":"Feature","geometry":{"type":"Polygon","coordinates":[[[128.191,36.5879],[128.1886,36.5946],[128.1869,36.5993],[128.1775,36.5954],[128.1775,36.5953],[128.1775,36.5923],[128.181,36.585],[128.1794,36.5832],[128.1807,36.5842],[128.1881,36.5857],[128.1907,36.5878],[128.1912,36.5873],[128.191,36.5879]]]},"properties":{"name":"모전초점촌북초신기초호계초동성초영순초산양초산북초당포초농암초공동(일방)통학구역","office":"경상북도문경교육지원청"}},
{"type":"Feature","geometry":{"type":"Polygon","coordinates":[[[128.1925,36.5832],[128.1947,36.5817],[128.2073,36.5783],[128.212,36.5732],[128.2176,36.5726],[128.2193,36.5751],[128.2197,36.5712],[128.2203,36.573],[128.2244,36.5753],[128.2282,36.5858],[128.2283,36.5868],[128.2283,36.5898],[128.2283,36.5931],[128.2274,36.596],[128.223,36.597],[128.2153,36.593],[128.2094,36.5925],[128.2069,36.5961],[128.206,36.5968],[128.2017,36.5991],[128.2059,36.5967],[128.2039,36.5938],[128.1915,36.5972],[128.1909,36.5977],[128.191,36.597],[128.1912,36.5946],[128.1886,36.5946],[128.191,36.5879],[128.1919,36.5866],[128.1925,36.5832]]]},"properties":{"name":"점촌초호계초동성초영순초산양초산북초당포초농암초공동(일방)통학구역","office":"경상북도문경교육지원청"}},
{"type":"Feature","geometry":{"type":"Polygon","coordinates":[[[128.7465,36.2779],[128.745,36.2761],[128.7443,36.2679],[128.7418,36.2671],[128.7478,36.2578],[128.7473,36.246],[128.7409,36.2444],[128.7516,36.2317],[128.7558,36.2369],[128.7568,36.2385],[128.766,36.2411],[128.7712,36.2501],[128.7687,36.2594],[128.7825,36.2616],[128.7877,36.2608],[128.7959,36.2629],[128.8041,36.2561],[128.8103,36.2583],[128.8119,36.2628],[128.8175,36.264],[128.8252,36.2601],[128.835,36.2647],[128.8475,36.2627],[128.8489,36.2625],[128.8477,36.2635],[128.8521,36.2665],[128.8627,36.268],[128.8662,36.2749],[128.8773,36.2741],[128.8778,36.287],[128.8796,36.2963],[128.8806,36.296],[128.8796,36.2964],[128.8757,36.2984],[128.8657,36.2959],[128.858,36.3008],[128.8465,36.3067],[128.8393,36.3084],[128.832,36.3053],[128.8293,36.3145],[128.8183,36.3143],[128.8086,36.3098],[128.802,36.3187],[128.7982,36.3195],[128.7906,36.3276],[128.7878,36.3342],[128.7795,36.3404],[128.7809,36.3444],[128.7772,36.347],[128.777,36.3471],[128.7771,36.347],[128.777,36.347],[128.7772,36.3467],[128.7717,36.347],[128.7693,36.3459],[128.769,36.3418],[128.7522,36.3419],[128.7447,36.3505],[128.7487,36.3533],[128.7414,36.3624],[128.74,36.3726],[128.7409,36.3766],[128.7407,36.3789],[128.74,36.3813],[128.7376,36.3853],[128.7374,36.3852],[128.7375,36.3854],[128.737,36.385],[128.7369,36.3848],[128.7319,36.3821],[128.7265,36.3859],[128.7177,36.3843],[128.7171,36.3842],[128.7163,36.3818],[128.7162,36.3817],[128.716,36.3814],[128.7128,36.3778],[128.698,36.3571],[128.6917,36.356],[128.6913,36.3487],[128.6913,36.3483],[128.6914,36.3483],[128.7017,36.3494],[128.7069,36.3495],[128.7135,36.3479],[128.7281,36.3417],[128.7417,36.3387],[128.7546,36.3324],[128.7555,36.3229],[128.7592,36.3174],[128.7558,36.3139],[128.7591,36.3044],[128.7651,36.3027],[128.7715,36.2973],[128.7793,36.2939],[128.7805,36.2879],[128.7871,36.2836],[128.8015,36.284],[128.8094,36.278],[128.8106,36.2706],[128.7987,36.2733],[128.7709,36.2756],[128.7607,36.272],[128.7497,36.2771],[128.7465,36.2779]]]},"properties":{"name":"의성초점곡초의성남부초춘산초공동통학구역","office":"경상북도의성교육지원청"}},
{"type":"Feature","geometry":{"type":"Polygon","coordinates":[[[128.4676,36.3613],[128.4739,36.3578],[128.4823,36.3576],[128.4891,36.3543],[128.498,36.3599],[128.5091,36.3841],[128.5103,36.3838],[128.5095,36.3847],[128.5074,36.3869],[128.5082,36.3917],[128.5021,36.3965],[128.4963,36.3975],[128.4891,36.3973],[128.4859,36.4061],[128.4882,36.4123],[128.482,36.4148],[128.478,36.412],[128.4702,36.4166],[128.4713,36.4223],[128.4674,36.4253],[128.4669,36.4282],[128.4668,36.4289],[128.4662,36.4292],[128.4661,36.4293],[128.465,36.43],[128.4585,36.4306],[128.4564,36.4296],[128.4517,36.4269],[128.4421,36.4325],[128.4272,36.4368],[128.4228,36.4416],[128.4172,36.4423],[128.4085,36.4398],[128.3999,36.4449],[128.3946,36.4384],[128.39,36.439],[128.3814,36.435],[128.3801,36.4307],[128.3873,36.4223],[128.3841,36.4169],[128.3719,36.4127],[128.3568,36.4206],[128.353,36.4127],[128.3518,36.4138],[128.3516,36.4138],[128.3507,36.4138],[128.3493,36.4139],[128.3491,36.4137],[128.3441,36.4079],[128.3405,36.407],[128.3391,36.4073],[128.3387,36.4075],[128.3388,36.4074],[128.3386,36.4074],[128.3336,36.3979],[128.3293,36.389],[128.3271,36.386],[128.3271,36.3849],[128.3226,36.377],[128.3223,36.3681],[128.32,36.3666],[128.3209,36.3646],[128.3177,36.3553],[128.3197,36.3515],[128.3308,36.3499],[128.3371,36.3493],[128.346,36.3469],[128.3538,36.3421],[128.3617,36.3403],[128.3657,36.3381],[128.3675,36.3313],[128.3752,36.3245],[128.3782,36.322],[128.3778,36.3231],[128.3788,36.3225],[128.3822,36.3258],[128.3895,36.3387],[128.3917,36.344],[128.4037,36.3466],[128.407,36.3489],[128.4018,36.3533],[128.4055,36.3576],[128.4187,36.3668],[128.4281,36.368],[128.4455,36.3683],[128.4548,36.3673],[128.4651,36.3653],[128.4676,36.3613]]]},"properties":{"name":"안계초통학구역","office":"경상북도의성교육지원청"}},
{"type":"Feature","geometry":{"type":"Polygon","coordinates":[[[128.7012,36.2126],[128.6963,36.2022],[128.7086,36.1986],[128.7186,36.2001],[128.7295,36.1988],[128.735,36.2007],[128.7496,36.196],[128.7527,36.2028],[128.7588,36.2008],[128.77,36.1934],[128.7807,36.1944],[128.7964,36.1908],[128.8015,36.1979],[128.8052,36.207],[128.8026,36.2133],[128.8037,36.2179],[128.7996,36.2241],[128.7685,36.2245],[128.7667,36.2299],[128.7653,36.2315],[128.7622,36.2346],[128.7617,36.2349],[128.7588,36.235],[128.7559,36.2368],[128.7568,36.2385],[128.7558,36.2369],[128.7516,36.2317],[128.7409,36.2444],[128.7473,36.246],[128.7478,36.2578],[128.7418,36.2671],[128.7443,36.2679],[128.7421,36.2674],[128.7417,36.2672],[128.7367,36.262],[128.7299,36.26],[128.7206,36.2514],[128.716,36.2418],[128.711,36.2383],[128.7021,36.2368],[128.7047,36.2286],[128.71,36.2217],[128.7063,36.2146],[128.7012,36.2126]]]},"properties":{"name":"금성초가음분교장통학구역","office":"경상북도의성교육지원청"}},
{"type":"Feature","geometry":{"type":"Polygon","coordinates":[[[128.8475,36.2627],[128.835,36.2647],[128.8252,36.2601],[128.8175,36.264],[128.8119,36.2628],[128.8103,36.2583],[128.8041,36.2561],[128.7959,36.2629],[128.7877,36.2608],[128.7825,36.2616],[128.7687,36.2594],[128.7712,36.2501],[128.766,36.2411],[128.7568,36.2385],[128.7559,36.2368],[128.7588,36.235],[128.7617,36.2349],[128.7622,36.2346],[128.7653,36.2315],[128.7667,36.2299],[128.7685,36.2245],[128.7996,36.2241],[128.8037,36.2179],[128.8026,36.2133],[128.8041,36.2098],[128.8134,36.2105],[128.8185,36.2148],[128.8266,36.2182],[128.8342,36.2146],[128.8432,36.2162],[128.8571,36.2098],[128.8594,36.2072],[128.8712,36.2052],[128.876,36.1987],[128.8832,36.1984],[128.8867,36.2015],[128.8954,36.2043],[128.8959,36.2132],[128.8831,36.2186],[128.8806,36.2259],[128.8689,36.2321],[128.8791,36.236],[128.8842,36.2429],[128.8822,36.2527],[128.8718,36.2564],[128.8566,36.2546],[128.8505,36.2613],[128.8475,36.2627]]]},"properties":{"name":"춘산초통학구역","office":"경상북도의성교육지원청"}},
{"type":"Feature","geometry":{"type":"Polygon","coordinates":[[[128.7557,35.9144],[128.7598,35.9068],[128.7567,35.9047],[128.7575,35.8963],[128.7613,35.8878],[128.7581,35.878],[128.7613,35.8744],[128.7571,35.8648],[128.7642,35.8669],[128.7646,35.8671],[128.7674,35.8692],[128.7732,35.875],[128.7825,35.8838],[128.7859,35.892],[128.7943,35.9],[128.7874,35.904],[128.7779,35.9144],[128.7777,35.9144],[128.7779,35.9145],[128.7775,35.9144],[128.7769,35.9143],[128.7707,35.9152],[128.7614,35.9165],[128.7557,35.9144]]]},"properties":{"name":"청천초통학구역","office":"경상북도경산교육지원청"}},
{"type":"Feature","geometry":{"type":"Polygon","coordinates":[[[128.845,36.0735],[128.85,36.0692],[128.8577,36.0658],[128.8604,36.0602],[128.8662,36.0558],[128.878,36.0405],[128.8897,36.0436],[128.8918,36.0399],[128.899,36.0399],[128.9042,36.0356],[128.9054,36.027],[128.9092,36.0246],[128.9083,36.0264],[128.9111,36.0257],[128.9205,36.0214],[128.9294,36.0207],[128.9348,36.0239],[128.9394,36.0332],[128.949,36.0377],[128.9547,36.0378],[128.9561,36.0383],[128.9599,36.043],[128.9609,36.0428],[128.9604,36.0441],[128.9597,36.0455],[128.9593,36.0474],[128.9589,36.0486],[128.9591,36.0489],[128.9594,36.0495],[128.9597,36.0499],[128.9605,36.0497],[128.9616,36.0499],[128.9662,36.052],[128.9679,36.0556],[128.9709,36.0614],[128.9727,36.0698],[128.9674,36.0753],[128.9645,36.0863],[128.9589,36.085],[128.9541,36.0776],[128.9476,36.0747],[128.9417,36.0763],[128.9347,36.0724],[128.9279,36.0746],[128.9231,36.071],[128.9154,36.0748],[128.9141,36.079],[128.9101,36.0857],[128.9074,36.0883],[128.9076,36.1055],[128.8995,36.1115],[128.8946,36.1183],[128.8962,36.1219],[128.8906,36.1256],[128.8906,36.1301],[128.8973,36.1386],[128.8931,36.1438],[128.8765,36.1426],[128.868,36.1452],[128.8588,36.1451],[128.8509,36.138],[128.8535,36.1271],[128.851,36.1182],[128.8378,36.1131],[128.8373,36.1078],[128.8326,36.102],[128.8413,36.0988],[128.8463,36.079],[128.845,36.0735]]]},"properties":{"name":"지곡초통학구역","office":"경상북도영천교육지원청"}},
{"type":"Feature","geometry":{"type":"Polygon","coordinates":[[[128.9435,35.9695],[128.9374,35.9683],[128.9371,35.9682],[128.9357,35.9673],[128.9306,35.964],[128.9305,35.964],[128.9256,35.9621],[128.9255,35.9619],[128.9254,35.9619],[128.9243,35.9601],[128.9214,35.9554],[128.9214,35.9551],[128.9213,35.9549],[128.9231,35.9464],[128.9232,35.9457],[128.9233,35.9378],[128.9269,35.9246],[128.9268,35.9242],[128.9257,35.9209],[128.9234,35.9195],[128.9168,35.9167],[128.9161,35.9165],[128.9158,35.9164],[128.9161,35.9164],[128.9211,35.9144],[128.9141,35.9093],[128.9081,35.9076],[128.9041,35.9085],[128.9036,35.9086],[128.9031,35.9082],[128.8999,35.9057],[128.8989,35.9049],[128.899,35.9048],[128.9019,35.902],[128.9007,35.9007],[128.9015,35.9011],[128.901,35.9002],[128.9023,35.8995],[128.9073,35.8925],[128.9226,35.8839],[128.926,35.8796],[128.9312,35.8812],[128.9376,35.8876],[128.944,35.8905],[128.9481,35.8825],[128.9531,35.8819],[128.9614,35.8844],[128.9672,35.8846],[128.9722,35.8861],[128.9764,35.8894],[128.9846,35.891],[128.987,35.8945],[128.9893,35.8957],[128.9883,35.9056],[128.9846,35.9094],[128.9855,35.9141],[128.982,35.9187],[128.9862,35.9256],[128.9842,35.9397],[128.9895,35.9454],[128.9985,35.948],[128.9996,35.9475],[128.999,35.9485],[128.9973,35.9515],[128.9922,35.9559],[128.9871,35.9544],[128.98,35.9645],[128.9748,35.9694],[128.969,35.9699],[128.9688,35.9696],[128.9688,35.9699],[128.9686,35.9694],[128.9665,35.9666],[128.9612,35.9648],[128.9487,35.9695],[128.9435,35.9695]]]},"properties":{"name":"영천초고경초북안초지곡초임고초공동(일방)통학구역","office":"경상북도영천교육지원청"}},
{"type":"Feature","geometry":{"type":"Polygon","coordinates":[[[128.9565,36.0116],[128.9568,36.0154],[128.9544,36.0182],[128.9479,36.0122],[128.9496,36.0065],[128.948,35.9987],[128.9392,35.994],[128.9415,35.9867],[128.9386,35.9796],[128.9438,35.9762],[128.944,35.9756],[128.9447,35.9752],[128.9537,35.9763],[128.9598,35.9825],[128.9556,36.0114],[128.9564,36.0102],[128.9565,36.0116]],[[128.9562,35.9867],[128.9528,35.9864],[128.9522,35.9902],[128.9562,35.9867]]]},"properties":{"name":"포은초영화초고경초북안초지곡초임고초공동(일방)통학구역","office":"경상북도영천교육지원청"}},
{"type":"Feature","geometry":{"type":"Polygon","coordinates":[[[128.9306,35.964],[128.9357,35.9673],[128.9371,35.9682],[128.9374,35.9683],[128.9435,35.9695],[128.9453,35.9698],[128.9434,35.97],[128.9434,35.9753],[128.9436,35.9758],[128.944,35.9756],[128.9438,35.9762],[128.9386,35.9796],[128.9415,35.9867],[128.9392,35.994],[128.948,35.9987],[128.9496,36.0065],[128.9479,36.0122],[128.9544,36.0182],[128.9566,36.024],[128.9551,36.03],[128.9572,36.037],[128.9561,36.0383],[128.9547,36.0378],[128.949,36.0377],[128.9394,36.0332],[128.9348,36.0239],[128.9294,36.0207],[128.9205,36.0214],[128.9111,36.0257],[128.9083,36.0264],[128.9092,36.0246],[128.9099,36.0191],[128.9105,36.0159],[128.9096,36.0073],[128.9093,36.0049],[128.9064,36.0008],[128.9093,35.9969],[128.9096,35.9955],[128.9082,35.9941],[128.9057,35.9935],[128.9078,35.9918],[128.9112,35.9853],[128.9146,35.9837],[128.9156,35.9822],[128.9176,35.9819],[128.9187,35.9819],[128.9193,35.9829],[128.9228,35.9818],[128.9259,35.9838],[128.9299,35.9823],[128.9297,35.9783],[128.9295,35.977],[128.9274,35.9764],[128.9255,35.9744],[128.9294,35.971],[128.9298,35.9674],[128.9289,35.967],[128.9306,35.964]]]},"properties":{"name":"영천중앙초영화초고경초북안초지곡초임고초공동(일방)통학구역","office":"경상북도영천교육지원청"}},
{"type":"Feature","geometry":{"type":"Polygon","coordinates":[[[129.5249,35.8889],[129.527,35.8982],[129.5338,35.8998],[129.5259,35.9071],[129.5242,35.9154],[129.5184,35.9203],[129.5174,35.9285],[129.5202,35.9363],[129.513,35.9341],[129.5099,35.9377],[129.5075,35.9381],[129.5075,35.9382],[129.5067,35.94],[129.5026,35.9401],[129.5007,35.9492],[129.4914,35.952],[129.4903,35.9566],[129.4847,35.9599],[129.4817,35.9663],[129.4823,35.9714],[129.4736,35.9757],[129.4642,35.971],[129.4586,35.9652],[129.4576,35.9605],[129.4587,35.9585],[129.46,35.9536],[129.4587,35.9498],[129.4602,35.9495],[129.4553,35.9477],[129.4457,35.939],[129.4437,35.932],[129.434,35.933],[129.427,35.9277],[129.4246,35.9261],[129.4255,35.9257],[129.4241,35.9237],[129.4186,35.9193],[129.4231,35.9145],[129.4293,35.9126],[129.4292,35.9094],[129.4267,35.9083],[129.4207,35.9049],[129.4211,35.8989],[129.4182,35.8922],[129.4208,35.8878],[129.4221,35.8853],[129.4274,35.8835],[129.4348,35.88],[129.4377,35.8769],[129.4407,35.8688],[129.4453,35.8638],[129.4499,35.8492],[129.4552,35.8468],[129.4679,35.8512],[129.4752,35.8501],[129.48,35.8535],[129.4804,35.8544],[129.4858,35.8567],[129.4959,35.8615],[129.4976,35.8683],[129.5034,35.8714],[129.5092,35.8786],[129.5132,35.8838],[129.5191,35.8901],[129.5249,35.8889]]]},"properties":{"name":"장기초통학구역","office":"경상북도포항교육지원청"}},
{"type":"Feature","geometry":{"type":"Polygon","coordinates":[[[129.2849,36.3333],[129.282,36.3298],[129.2689,36.3261],[129.2666,36.3208],[129.2535,36.323],[129.2518,36.3215],[129.2468,36.3179],[129.2408,36.3188],[129.2365,36.3166],[129.2313,36.3086],[129.2235,36.3019],[129.2241,36.3],[129.225,36.2983],[129.2248,36.2901],[129.2268,36.277],[129.2226,36.2733],[129.2134,36.2714],[129.2071,36.2667],[129.206,36.2574],[129.1979,36.2447],[129.1944,36.2436],[129.1927,36.2413],[129.1924,36.241],[129.1928,36.2412],[129.1942,36.2407],[129.1963,36.2387],[129.1995,36.2358],[129.2015,36.2339],[129.2016,36.2331],[129.202,36.2306],[129.2006,36.2259],[129.2038,36.2203],[129.2017,36.2129],[129.2032,36.2086],[129.2047,36.2081],[129.2102,36.2057],[129.2111,36.2066],[129.2137,36.2098],[129.2216,36.2155],[129.2257,36.2156],[129.231,36.2206],[129.2391,36.2191],[129.2413,36.2187],[129.2452,36.2197],[129.2605,36.2133],[129.2628,36.2178],[129.2533,36.2239],[129.2467,36.2259],[129.244,36.2342],[129.2442,36.2449],[129.2521,36.2443],[129.2564,36.2479],[129.2526,36.2567],[129.2601,36.2654],[129.2611,36.2692],[129.2722,36.2752],[129.2838,36.2749],[129.2909,36.2794],[129.2934,36.2765],[129.2911,36.2795],[129.2865,36.2864],[129.285,36.2965],[129.2919,36.302],[129.292,36.3062],[129.2978,36.3091],[129.2977,36.3239],[129.2905,36.328],[129.2849,36.3333]]]},"properties":{"name":"죽장초청하초공동통학구역","office":"경상북도포항교육지원청"}},
{"type":"Feature","geometry":{"type":"Polygon","coordinates":[[[129.3259,36.0699],[129.3258,36.0698],[129.3249,36.0688],[129.3249,36.0687],[129.3247,36.0685],[129.3237,36.0641],[129.3201,36.0601],[129.3188,36.0495],[129.3142,36.046],[129.3064,36.0442],[129.3141,36.0406],[129.3167,36.0413],[129.3188,36.0418],[129.3221,36.0416],[129.3309,36.0425],[129.3314,36.0424],[129.3312,36.0425],[129.3314,36.0425],[129.3322,36.0442],[129.3348,36.0466],[129.3359,36.0482],[129.3368,36.0496],[129.3372,36.051],[129.3403,36.0554],[129.341,36.055],[129.3433,36.0615],[129.3465,36.0636],[129.3461,36.0644],[129.3453,36.0695],[129.3502,36.0706],[129.3504,36.071],[129.3504,36.0706],[129.3507,36.0716],[129.3572,36.078],[129.3596,36.0811],[129.3512,36.0847],[129.3457,36.0915],[129.3407,36.0868],[129.338,36.084],[129.3367,36.0826],[129.3386,36.0827],[129.3368,36.0804],[129.3371,36.0791],[129.3364,36.0781],[129.3351,36.0781],[129.3351,36.078],[129.3346,36.077],[129.3335,36.075],[129.3259,36.0692],[129.3259,36.0696],[129.3259,36.0699]]]},"properties":{"name":"달전초통학구역","office":"경상북도포항교육지원청"}},
{"type":"Feature","geometry":{"type":"Polygon","coordinates":[[[129.2824,36.0734],[129.2865,36.07],[129.2865,36.0644],[129.2863,36.0627],[129.2968,36.0579],[129.3048,36.0494],[129.3064,36.0442],[129.3142,36.046],[129.3188,36.0495],[129.3201,36.0601],[129.3237,36.0641],[129.3247,36.0685],[129.3249,36.0687],[129.3249,36.0688],[129.3258,36.0698],[129.3259,36.0699],[129.3258,36.0699],[129.3247,36.07],[129.3119,36.0744],[129.299,36.0724],[129.2864,36.0757],[129.2826,36.0737],[129.2814,36.0742],[129.2824,36.0734]]]},"properties":{"name":"포항펜타초통학구역","office":"경상북도포항교육지원청"}},
{"type":"Feature","geometry":{"type":"Polygon","coordinates":[[[129.3387,36.0245],[129.339,36.0213],[129.344,36.0243],[129.3429,36.0244],[129.3432,36.0249],[129.3435,36.0253],[129.3433,36.0256],[129.3418,36.0245],[129.3419,36.0257],[129.3383,36.0253],[129.3387,36.0245]]]},"properties":{"name":"대이초이동초공동통학구역(단, 주소지 이전 없이는 전학이 불가능함)","office":"경상북도포항교육지원청"}},
{"type":"Feature","geometry":{"type":"Polygon","coordinates":[[[129.3649,36.0362],[129.3698,36.0373],[129.3721,36.0486],[129.3697,36.0492],[129.3693,36.0493],[129.3688,36.0492],[129.3652,36.0477],[129.3644,36.048],[129.364,36.048],[129.3642,36.0479],[129.364,36.0479],[129.3666,36.0404],[129.3649,36.0362]]]},"properties":{"name":"포항항도초포항초포항영흥초공동통학구역(단, 주소지 이전 없이는 전학이 불가능함)","office":"경상북도포항교육지원청"}},
{"type":"Feature","geometry":{"type":"Polygon","coordinates":[[[129.3976,35.9756],[129.3985,35.9703],[129.4003,35.9704],[129.4002,35.9718],[129.4002,35.9723],[129.3999,35.9757],[129.3976,35.9756]]]},"properties":{"name":"구정초인덕초포항원동초통학구역(2026학년도:구정초인덕초포항원동초자유학구제, 2027학년도 1학년: 포항원동초단일통학구역, 2~6학년: 구정초인덕초포항원동초자유학구, 이후 신입생: 순차적으로 포항원동초단일통학구역 적용)","office":"경상북도포항교육지원청"}},
{"type":"Feature","geometry":{"type":"Polygon","coordinates":[[[129.3923,35.9753],[129.3895,35.9728],[129.3903,35.9721],[129.3901,35.9705],[129.3905,35.967],[129.3907,35.9647],[129.3922,35.9633],[129.3918,35.9642],[129.3929,35.9637],[129.3929,35.9638],[129.3968,35.964],[129.3994,35.9635],[129.3996,35.9635],[129.3982,35.9703],[129.3985,35.9703],[129.3976,35.9756],[129.3923,35.9753]]]},"properties":{"name":"구정초문덕초오천초인덕초포항원동초 일방공동통학구역은 2026학년도까지만 운영하며, 2027학년도부터 일방공동통학구역 해제","office":"경상북도포항교육지원청"}},
{"type":"Feature","geometry":{"type":"Polygon","coordinates":[[[129.393,36.0746],[129.3934,36.0728],[129.3956,36.0735],[129.3944,36.0752],[129.3919,36.0756],[129.393,36.0746]]]},"properties":{"name":"포항장흥초항구초공동통학구역(단, 주소지 이전없이는 전학이 불가능함)","office":"경상북도포항교육지원청"}},
{"type":"Feature","geometry":{"type":"Polygon","coordinates":[[[128.1843,36.5179],[128.1887,36.5152],[128.1963,36.5154],[128.1968,36.5155],[128.1981,36.5169],[128.1985,36.5176],[128.199,36.5179],[128.1997,36.5183],[128.2003,36.5186],[128.2007,36.5184],[128.2011,36.5185],[128.2123,36.5143],[128.2187,36.5177],[128.2209,36.5129],[128.2302,36.5082],[128.2309,36.5039],[128.2369,36.504],[128.2428,36.5036],[128.2503,36.5087],[128.2647,36.5107],[128.2666,36.5163],[128.2709,36.5192],[128.2686,36.5279],[128.2677,36.5351],[128.2677,36.5352],[128.2668,36.533],[128.2652,36.5319],[128.2524,36.5353],[128.2358,36.53],[128.2223,36.5347],[128.2172,36.5391],[128.217,36.5589],[128.2197,36.5708],[128.2197,36.5712],[128.2193,36.5751],[128.2176,36.5726],[128.212,36.5732],[128.2073,36.5783],[128.1947,36.5817],[128.1875,36.5801],[128.1829,36.5743],[128.1783,36.5736],[128.1757,36.5611],[128.166,36.5586],[128.165,36.5613],[128.1649,36.5612],[128.1627,36.5593],[128.1539,36.5577],[128.1535,36.5551],[128.1536,36.5514],[128.1409,36.5516],[128.1348,36.5572],[128.1243,36.5523],[128.1198,36.5546],[128.1128,36.5514],[128.1106,36.5503],[128.113,36.5495],[128.1174,36.5479],[128.1226,36.5418],[128.1331,36.5432],[128.1404,36.5368],[128.1484,36.536],[128.1565,36.5315],[128.1639,36.5232],[128.1733,36.527],[128.1828,36.5217],[128.1843,36.5179]]]},"properties":{"name":"함창초통학구역","office":"경상북도상주교육지원청"}},
{"type":"Feature","geometry":{"type":"Polygon","coordinates":[[[128.0393,36.0877],[128.0392,36.0877],[128.0392,36.0875],[128.039,36.0875],[128.0386,36.0875],[128.0341,36.0838],[128.0287,36.0776],[128.0236,36.0686],[128.023,36.0619],[128.0142,36.0554],[128.0132,36.0538],[128.0146,36.0502],[128.0097,36.0441],[128.0056,36.0435],[128.0019,36.0443],[128.0011,36.0445],[127.9987,36.047],[127.9824,36.0439],[127.9796,36.049],[127.9806,36.0546],[127.9805,36.0546],[127.9796,36.055],[127.9785,36.0555],[127.9779,36.0557],[127.9771,36.0563],[127.9738,36.0605],[127.9613,36.0674],[127.9535,36.0663],[127.9472,36.0572],[127.9363,36.0511],[127.9302,36.0494],[127.9252,36.0528],[127.9163,36.0545],[127.9094,36.05],[127.9035,36.0434],[127.9027,36.0391],[127.8848,36.0359],[127.8835,36.0281],[127.8768,36.0227],[127.8757,36.0088],[127.8783,36.001],[127.8755,35.997],[127.8864,35.9922],[127.8939,35.9859],[127.8896,35.9797],[127.8963,35.9777],[127.8963,35.9719],[127.904,35.9541],[127.9114,35.9492],[127.9139,35.9517],[127.9203,35.9533],[127.9301,35.9641],[127.9488,35.9676],[127.9545,35.9615],[127.9607,35.9654],[127.9671,35.9644],[127.9712,35.9692],[127.9826,35.9644],[127.9899,35.9679],[127.9938,35.9643],[127.9949,35.9602],[127.9996,35.9552],[128.0055,35.9535],[128.0073,35.9513],[128.0096,35.9441],[128.0019,35.9352],[128.0039,35.9305],[128.0047,35.9306],[128.0041,35.9299],[128.0116,35.9316],[128.0132,35.9328],[128.0197,35.9354],[128.0277,35.9363],[128.0311,35.9405],[128.0369,35.9398],[128.0514,35.9386],[128.0486,35.9364],[128.0514,35.9385],[128.0561,35.9418],[128.066,35.937],[128.0717,35.936],[128.074,35.9279],[128.0789,35.9276],[128.0848,35.9209],[128.0864,35.9218],[128.0885,35.9214],[128.0913,35.9311],[128.0886,35.9466],[128.0957,35.9551],[128.1006,35.9568],[128.1062,35.9591],[128.1088,35.9634],[128.1072,35.9652],[128.1015,35.9682],[128.1007,35.9686],[128.0988,35.969],[128.0949,35.9697],[128.094,35.9699],[128.0891,35.9683],[128.0775,35.9782],[128.0828,35.9839],[128.0829,35.9898],[128.0782,35.9907],[128.0741,36.0023],[128.0738,36.0184],[128.0783,36.0312],[128.0773,36.0323],[128.0821,36.0368],[128.0824,36.0405],[128.0861,36.0395],[128.0905,36.047],[128.0907,36.0537],[128.0958,36.0567],[128.0972,36.0631],[128.093,36.0667],[128.0925,36.0688],[128.0924,36.0697],[128.0917,36.069],[128.0765,36.0656],[128.0731,36.069],[128.067,36.0678],[128.0604,36.074],[128.0591,36.0861],[128.0586,36.0864],[128.0589,36.0869],[128.0583,36.0872],[128.0535,36.0895],[128.0458,36.0884],[128.0407,36.0873],[128.0404,36.0874],[128.0393,36.0877]]]},"properties":{"name":"지품천초통학구역","office":"경상북도김천교육지원청"}},
{"type":"Feature","geometry":{"type":"Polygon","coordinates":[[[128.092,36.1284],[128.1006,36.1302],[128.1072,36.1316],[128.111,36.1322],[128.1071,36.1319],[128.1106,36.1523],[128.1104,36.1525],[128.1103,36.153],[128.1073,36.1564],[128.103,36.1584],[128.0996,36.1599],[128.095,36.164],[128.0928,36.1696],[128.0856,36.1709],[128.0822,36.1722],[128.0819,36.1739],[128.082,36.1722],[128.0819,36.1696],[128.0789,36.1667],[128.0777,36.1557],[128.0681,36.1456],[128.0673,36.1371],[128.07,36.1349],[128.0763,36.1342],[128.077,36.1341],[128.0768,36.1339],[128.077,36.1339],[128.0808,36.1321],[128.086,36.1314],[128.0896,36.1283],[128.0898,36.1281],[128.0905,36.1283],[128.092,36.1284]]]},"properties":{"name":"금릉초통학구역","office":"경상북도김천교육지원청"}},
{"type":"Feature","geometry":{"type":"Polygon","coordinates":[[[127.905,36.3003],[127.9071,36.2865],[127.9115,36.2832],[127.9235,36.2787],[127.9309,36.278],[127.9379,36.2691],[127.9474,36.2672],[127.9483,36.2575],[127.9546,36.2572],[127.9602,36.2524],[127.9681,36.2503],[127.9783,36.2546],[127.9767,36.2593],[127.9811,36.2637],[127.9905,36.2634],[127.9932,36.2665],[128.0108,36.2721],[128.0109,36.2802],[128.0173,36.2832],[128.0215,36.2907],[128.0187,36.2953],[128.0232,36.3058],[128.0226,36.3105],[128.014,36.3095],[128.012,36.3186],[128.0141,36.3225],[128.0238,36.3269],[128.0262,36.3435],[128.0283,36.3446],[128.0261,36.3449],[128.0186,36.346],[128.0152,36.3419],[128.0043,36.3376],[127.9957,36.3307],[127.9901,36.3286],[127.9829,36.3314],[127.966,36.3276],[127.9507,36.3303],[127.9389,36.3297],[127.9295,36.3229],[127.9216,36.3271],[127.9138,36.3232],[127.9148,36.3195],[127.9068,36.3122],[127.905,36.3003]]]},"properties":{"name":"중모초통학구역","office":"경상북도상주교육지원청"}},
{"type":"Feature","geometry":{"type":"Polygon","coordinates":[[[128.9183,36.5145],[128.917,36.5141],[128.9136,36.5137],[128.9072,36.5042],[128.9053,36.4956],[128.8954,36.4959],[128.8924,36.498],[128.8871,36.4985],[128.883,36.4991],[128.8871,36.4983],[128.8841,36.4911],[128.8784,36.4859],[128.8729,36.4887],[128.867,36.4783],[128.8578,36.474],[128.8573,36.4682],[128.8497,36.4672],[128.8452,36.4626],[128.8364,36.4633],[128.8321,36.4523],[128.8305,36.4523],[128.8313,36.4472],[128.8297,36.4439],[128.8319,36.4425],[128.8326,36.4379],[128.8355,36.4367],[128.8333,36.4319],[128.8369,36.4235],[128.8457,36.4116],[128.8452,36.4046],[128.8514,36.3992],[128.8503,36.3883],[128.8597,36.3878],[128.8704,36.3785],[128.8782,36.3755],[128.8721,36.3704],[128.8811,36.3589],[128.8769,36.3448],[128.8861,36.343],[128.8913,36.3283],[128.8924,36.3206],[128.8897,36.3193],[128.8877,36.3141],[128.8862,36.3116],[128.8923,36.3048],[128.8895,36.2974],[128.8984,36.2957],[128.9127,36.2983],[128.9183,36.3047],[128.9283,36.3067],[128.9287,36.3058],[128.9316,36.3064],[128.933,36.3085],[128.9345,36.3195],[128.9479,36.329],[128.9509,36.3359],[128.9622,36.3388],[128.9661,36.3462],[128.9629,36.3514],[128.9662,36.3611],[128.9615,36.367],[128.9649,36.3694],[128.9671,36.377],[128.9703,36.3797],[128.9696,36.3826],[128.9761,36.3899],[128.9753,36.3929],[128.9818,36.4044],[128.9835,36.4041],[128.9828,36.4045],[128.9838,36.4046],[128.9832,36.4154],[128.9783,36.4215],[128.973,36.4317],[128.9732,36.4392],[128.9775,36.4455],[128.9693,36.4523],[128.9679,36.4621],[128.9745,36.4675],[128.9803,36.4641],[128.9853,36.4647],[128.9787,36.4714],[128.9812,36.4758],[128.974,36.479],[128.975,36.483],[128.9754,36.4836],[128.9758,36.4841],[128.9753,36.4839],[128.9732,36.4896],[128.9791,36.4917],[128.9717,36.4977],[128.9666,36.5073],[128.9663,36.5131],[128.9595,36.5117],[128.9563,36.5054],[128.9483,36.5028],[128.9475,36.5027],[128.9432,36.5039],[128.9341,36.5147],[128.9291,36.5112],[128.9239,36.5162],[128.9183,36.5145]]]},"properties":{"name":"길안초통학구역","office":"경상북도안동교육지원청"}},
{"type":"Feature","geometry":{"type":"Polygon","coordinates":[[[128.9917,36.6895],[128.9925,36.6901],[128.9974,36.695],[128.996,36.7014],[128.9943,36.7041],[128.9999,36.7149],[128.9961,36.7228],[128.997,36.7274],[128.9894,36.732],[128.9875,36.7357],[128.9907,36.7411],[128.9903,36.7474],[128.9821,36.7465],[128.9639,36.752],[128.9568,36.7681],[128.9543,36.7704],[128.954,36.7706],[128.9533,36.7708],[128.9508,36.7716],[128.9423,36.7736],[128.9303,36.7676],[128.9248,36.769],[128.9204,36.7674],[128.9194,36.7672],[128.9196,36.7671],[128.9194,36.767],[128.9184,36.7613],[128.9219,36.7561],[128.9167,36.7539],[128.9191,36.7451],[128.9148,36.7353],[128.9058,36.7351],[128.8989,36.7248],[128.9043,36.7196],[128.9039,36.7127],[128.897,36.7094],[128.8813,36.7138],[128.87,36.7123],[128.8656,36.7163],[128.8637,36.7228],[128.8434,36.7255],[128.8383,36.7242],[128.8372,36.7196],[128.8412,36.7072],[128.8529,36.6909],[128.8484,36.6875],[128.8357,36.6924],[128.845,36.6763],[128.84,36.6742],[128.8363,36.6648],[128.8404,36.6583],[128.8496,36.6579],[128.8527,36.6547],[128.8506,36.6475],[128.8503,36.6372],[128.8368,36.6382],[128.8352,36.6364],[128.8348,36.6351],[128.8348,36.6341],[128.8373,36.6286],[128.8485,36.6226],[128.8482,36.6181],[128.8561,36.6175],[128.8524,36.6013],[128.8535,36.596],[128.8538,36.5956],[128.8582,36.5938],[128.871,36.5956],[128.8761,36.5906],[128.8753,36.5897],[128.8757,36.5901],[128.8754,36.5896],[128.8797,36.5909],[128.8788,36.5943],[128.8721,36.5989],[128.8619,36.6001],[128.865,36.6027],[128.8654,36.6059],[128.8679,36.6068],[128.8709,36.6078],[128.8747,36.6078],[128.8923,36.6092],[128.9011,36.6168],[128.9193,36.6232],[128.9282,36.6218],[128.9357,36.6238],[128.9379,36.6322],[128.9452,36.6367],[128.9559,36.6397],[128.9567,36.6478],[128.9603,36.6519],[128.9568,36.6567],[128.9599,36.662],[128.9578,36.6706],[128.9617,36.6744],[128.9753,36.6825],[128.979,36.6891],[128.984,36.6879],[128.986,36.6896],[128.9917,36.6895]]]},"properties":{"name":"월곡초통학구역","office":"경상북도안동교육지원청"}},
{"type":"Feature","geometry":{"type":"Polygon","coordinates":[[[128.8311,36.5697],[128.8312,36.5697],[128.8313,36.5701],[128.8315,36.5708],[128.8316,36.571],[128.8313,36.5714],[128.8281,36.575],[128.8274,36.5758],[128.828,36.5781],[128.8283,36.5789],[128.8295,36.5791],[128.834,36.5795],[128.8386,36.579],[128.843,36.5771],[128.8479,36.5732],[128.8485,36.5727],[128.85,36.5724],[128.8513,36.5722],[128.8526,36.5719],[128.8556,36.5722],[128.8559,36.5726],[128.8568,36.5738],[128.8573,36.5745],[128.8573,36.5754],[128.8573,36.5835],[128.859,36.5857],[128.8702,36.5859],[128.8753,36.5897],[128.8761,36.5906],[128.871,36.5956],[128.8582,36.5938],[128.8538,36.5956],[128.8535,36.596],[128.8524,36.6013],[128.8561,36.6175],[128.8482,36.6181],[128.8485,36.6226],[128.8373,36.6286],[128.8348,36.6341],[128.8348,36.6351],[128.8352,36.6364],[128.8368,36.6382],[128.8503,36.6372],[128.8506,36.6475],[128.8527,36.6547],[128.8496,36.6579],[128.8404,36.6583],[128.8363,36.6648],[128.84,36.6742],[128.845,36.6763],[128.8357,36.6924],[128.8484,36.6875],[128.8529,36.6909],[128.8412,36.7072],[128.8372,36.7196],[128.8383,36.7242],[128.8434,36.7255],[128.8637,36.7228],[128.8656,36.7163],[128.87,36.7123],[128.8813,36.7138],[128.897,36.7094],[128.9039,36.7127],[128.9043,36.7196],[128.8989,36.7248],[128.9058,36.7351],[128.9148,36.7353],[128.9191,36.7451],[128.9167,36.7539],[128.9219,36.7561],[128.9184,36.7613],[128.9194,36.767],[128.9196,36.7671],[128.9194,36.7672],[128.919,36.7673],[128.9162,36.7693],[128.9151,36.7702],[128.9134,36.7718],[128.9061,36.775],[128.9039,36.7757],[128.9033,36.7758],[128.9033,36.7759],[128.902,36.7748],[128.9,36.7749],[128.8938,36.7714],[128.8904,36.7718],[128.8843,36.783],[128.8722,36.786],[128.8718,36.7894],[128.8643,36.7944],[128.8628,36.7994],[128.8619,36.7997],[128.8557,36.8015],[128.8537,36.8011],[128.8446,36.8027],[128.8434,36.8031],[128.8424,36.8042],[128.8404,36.809],[128.8394,36.8092],[128.8404,36.8096],[128.8354,36.8102],[128.8312,36.8096],[128.8291,36.8096],[128.825,36.8105],[128.824,36.8104],[128.8233,36.8106],[128.8221,36.8102],[128.8214,36.8101],[128.8212,36.81],[128.82,36.8066],[128.8191,36.8021],[128.8122,36.7955],[128.8133,36.7882],[128.8105,36.7848],[128.799,36.7819],[128.7964,36.7814],[128.7948,36.7804],[128.7905,36.7731],[128.7964,36.761],[128.8004,36.7575],[128.8034,36.7497],[128.7974,36.7411],[128.7985,36.7377],[128.7937,36.727],[128.8005,36.7154],[128.7838,36.7087],[128.7814,36.7002],[128.7856,36.697],[128.7854,36.6949],[128.787,36.6917],[128.7879,36.6899],[128.7868,36.6865],[128.7855,36.6861],[128.7826,36.6868],[128.7765,36.6862],[128.7755,36.6798],[128.7529,36.6833],[128.7488,36.687],[128.7488,36.6859],[128.7481,36.6864],[128.7388,36.6785],[128.742,36.6681],[128.746,36.6659],[128.7554,36.6651],[128.7542,36.6586],[128.7568,36.6508],[128.7545,36.6451],[128.7516,36.6452],[128.7504,36.6441],[128.7503,36.644],[128.7499,36.6337],[128.7595,36.6244],[128.7484,36.6165],[128.7481,36.608],[128.751,36.6059],[128.7527,36.6055],[128.76,36.6067],[128.7784,36.5988],[128.7816,36.5956],[128.7896,36.596],[128.7986,36.6052],[128.807,36.6071],[128.813,36.6037],[128.8133,36.6029],[128.8132,36.6026],[128.8076,36.5946],[128.8075,36.5878],[128.8102,36.588],[128.8105,36.588],[128.8178,36.5862],[128.824,36.5739],[128.8302,36.5694],[128.8311,36.5697]]]},"properties":{"name":"와룡초통학구역","office":"경상북도안동교육지원청"}},
{"type":"Feature","geometry":{"type":"Polygon","coordinates":[[[128.9899,36.9184],[128.9976,36.9182],[129.0124,36.9145],[129.0187,36.9102],[129.0233,36.9029],[129.0322,36.9042],[129.0295,36.8954],[129.029,36.8829],[129.0388,36.8737],[129.0504,36.8758],[129.0672,36.8642],[129.076,36.8622],[129.0856,36.8535],[129.0916,36.8554],[129.0949,36.8617],[129.0953,36.8699],[129.0926,36.8798],[129.1009,36.8945],[129.1064,36.9006],[129.0995,36.9056],[129.1001,36.9098],[129.0962,36.92],[129.1106,36.9194],[129.1225,36.9202],[129.1287,36.9227],[129.1339,36.928],[129.1255,36.9298],[129.1218,36.9331],[129.1185,36.9355],[129.1128,36.9338],[129.1118,36.9335],[129.1113,36.9338],[129.1041,36.938],[129.1078,36.9423],[129.1076,36.9429],[129.1047,36.9445],[129.1038,36.9448],[129.1034,36.945],[129.0965,36.9461],[129.0915,36.9445],[129.0838,36.9466],[129.087,36.9497],[129.0869,36.9516],[129.086,36.9522],[129.0837,36.9539],[129.0819,36.9552],[129.0805,36.9551],[129.0795,36.9549],[129.0797,36.9547],[129.0803,36.9547],[129.0813,36.9535],[129.0742,36.9521],[129.071,36.956],[129.0675,36.9459],[129.0617,36.9422],[129.0621,36.9322],[129.0501,36.9305],[129.0533,36.9389],[129.0494,36.942],[129.0522,36.9596],[129.0565,36.9749],[129.0557,36.9828],[129.0524,36.989],[129.0395,37.0023],[129.0402,37.0056],[129.0338,37.0118],[129.0345,37.0129],[129.0309,37.0166],[129.0239,37.0239],[129.0135,37.0277],[129.0067,37.0256],[128.9996,37.0188],[128.9908,37.0265],[128.9833,37.0244],[128.9732,37.0277],[128.9717,37.0339],[128.9668,37.0379],[128.9563,37.0514],[128.944,37.0526],[128.9347,37.0604],[128.9212,37.0646],[128.9104,37.0661],[128.8985,37.0582],[128.8968,37.0551],[128.8979,37.046],[128.8965,37.0437],[128.8962,37.0433],[128.8965,37.0428],[128.9005,37.0376],[128.9022,37.0334],[128.9005,37.0197],[128.8986,37.0144],[128.9041,37.0034],[128.9127,37.0011],[128.9207,36.9904],[128.9297,36.9862],[128.9325,36.9816],[128.9421,36.9769],[128.9493,36.9766],[128.9573,36.9617],[128.9606,36.9607],[128.9616,36.9534],[128.9558,36.9478],[128.9699,36.9417],[128.9788,36.9332],[128.9847,36.9305],[128.9912,36.9193],[128.9898,36.9184],[128.9899,36.9184]]]},"properties":{"name":"소천초통학구역","office":"경상북도봉화교육지원청"}},
{"type":"Feature","geometry":{"type":"Polygon","coordinates":[[[128.8057,36.8213],[128.8089,36.8166],[128.8045,36.8135],[128.8067,36.801],[128.8122,36.7955],[128.8191,36.8021],[128.82,36.8066],[128.8212,36.81],[128.8214,36.8101],[128.8221,36.8102],[128.8233,36.8106],[128.824,36.8104],[128.825,36.8105],[128.8291,36.8096],[128.8312,36.8096],[128.8354,36.8102],[128.8404,36.8096],[128.8421,36.8102],[128.8379,36.8237],[128.825,36.8277],[128.8235,36.8321],[128.8228,36.8322],[128.8235,36.8323],[128.822,36.8323],[128.8176,36.8267],[128.8093,36.8211],[128.8057,36.8213]]]},"properties":{"name":"상운초녹전초원천분교와룡초공동통학구역","office":"경상북도봉화교육지원청"}},
{"type":"Feature","geometry":{"type":"Polygon","coordinates":[[[128.8336,36.8399],[128.8313,36.8397],[128.8289,36.8391],[128.8301,36.8337],[128.8235,36.8323],[128.8228,36.8322],[128.8235,36.8321],[128.825,36.8277],[128.8379,36.8237],[128.8421,36.8102],[128.8404,36.8096],[128.8394,36.8092],[128.8404,36.809],[128.8424,36.8042],[128.8434,36.8031],[128.8446,36.8027],[128.8537,36.8011],[128.8557,36.8015],[128.8619,36.7997],[128.8647,36.8032],[128.8727,36.8075],[128.8839,36.809],[128.8843,36.8125],[128.8909,36.8238],[128.8777,36.8297],[128.8702,36.8304],[128.8645,36.8339],[128.8643,36.8382],[128.8595,36.8407],[128.8466,36.8419],[128.8336,36.8399]]]},"properties":{"name":"명호초와룡초공동통학구역","office":"경상북도봉화교육지원청"}}
]}